, DistFront,233.11, DistDow,235.82, DistUp,233.84
, DistFront,234.39, DistDow,234.91, DistUp,235.56
, DistFront,234.05, DistDow,234.85, DistUp,234.3
, DistFront,234.03, DistDow,235.46, DistUp,235.26
, DistFront,234.35, DistDow,234.88, DistUp,234.3
, DistFront,234.47, DistDow,234.56, DistUp,235.54
, DistFront,234.42, DistDow,235.43, DistUp,234.39
, DistFront,233.91, DistDow,235.31, DistUp,234.27
, DistFront,234.47, DistDow,234.98, DistUp,234.27
, DistFront,233.91, DistDow,235.02, DistUp,234.39
, DistFront,234.34, DistDow,235.37, DistUp,235.56
, DistFront,234.05, DistDow,236.6, DistUp,233.83
, DistFront,234.46, DistDow,235.43, DistUp,233.98
, DistFront,233.98, DistDow,235.31, DistUp,233.88
, DistFront,234.34, DistDow,234.42, DistUp,233.42
, DistFront,233.64, DistDow,236.31, DistUp,233.95
, DistFront,233.06, DistDow,235.77, DistUp,234.71
, DistFront,233.59, DistDow,235.46, DistUp,234.39
, DistFront,233.95, DistDow,234.52, DistUp,235.14
, DistFront,234.05, DistDow,234.12, DistUp,233.95
, DistFrontMean,233.06, DistDowMean,234.03, DistUpMean,233.4
, DistFront,234.46, DistDow,235.43, DistUp,233.49
, DistFront,233.55, DistDow,235.31, DistUp,233.42
, DistFront,233.61, DistDow,235.43, DistUp,234.39
, DistFront,234.34, DistDow,234.47, DistUp,233.38
, DistFront,233.2, DistDow,235.03, DistUp,233.96
, DistFront,233.52, DistDow,234.9, DistUp,233.83
, DistFront,233.62, DistDow,234.56, DistUp,234.42
, DistFront,233.95, DistDow,235.78, DistUp,234.27
, DistFront,233.2, DistDow,234.97, DistUp,233.95
, DistFront,234.35, DistDow,234.9, DistUp,233.42
, DistFront,233.2, DistDow,235.03, DistUp,234.69
, DistFront,233.52, DistDow,234.03, DistUp,234.3
, DistFront,233.16, DistDow,234.56, DistUp,234.35
, DistFront,233.91, DistDow,234.42, DistUp,233.83
, DistFront,234.1, DistDow,234.97, DistUp,233.95
, DistFront,233.45, DistDow,234.4, DistUp,233.88
, DistFront,233.62, DistDow,236.17, DistUp,234.68
, DistFront,234.46, DistDow,234.95, DistUp,233.47
, DistFront,234.34, DistDow,234.9, DistUp,233.4
, DistFront,233.98, DistDow,234.98, DistUp,233.91
, DistFrontMean,234.35, DistDowMean,234.4, DistUpMean,233.4
, DistFront,233.16, DistDow,236.31, DistUp,233.06
, DistFront,232.64, DistDow,234.88, DistUp,233.84
, DistFront,233.49, DistDow,235.32, DistUp,233.52
, DistFront,233.61, DistDow,234.54, DistUp,233.47
, DistFront,233.49, DistDow,234.4, DistUp,234.27
, DistFront,235.27, DistDow,234.4, DistUp,233.83
, DistFront,233.49, DistDow,234.91, DistUp,233.95
, DistFront,233.91, DistDow,235.27, DistUp,233.38
, DistFront,233.98, DistDow,235.41, DistUp,234.35
, DistFront,233.47, DistDow,234.4, DistUp,233.81
, DistFront,234.03, DistDow,234.97, DistUp,234.35
, DistFront,233.91, DistDow,234.85, DistUp,233.83
, DistFront,233.18, DistDow,235.41, DistUp,234.35
, DistFront,233.89, DistDow,236.17, DistUp,234.68
, DistFront,233.95, DistDow,235.75, DistUp,234.25
, DistFront,234.42, DistDow,235.39, DistUp,234.34
, DistFront,234.35, DistDow,235.78, DistUp,235.68
, DistFront,233.89, DistDow,235.27, DistUp,234.83
, DistFront,233.88, DistDow,234.85, DistUp,234.27
, DistFront,233.61, DistDow,234.97, DistUp,234.35
, DistFrontMean,234.34, DistDowMean,234.85, DistUpMean,234.25
, DistFront,234.42, DistDow,235.83, DistUp,234.76
, DistFront,233.11, DistDow,234.81, DistUp,234.68
, DistFront,235.61, DistDow,235.26, DistUp,233.81
, DistFront,233.13, DistDow,234.95, DistUp,233.88
, DistFront,233.47, DistDow,235.27, DistUp,234.23
, DistFront,234, DistDow,234.52, DistUp,235.24
, DistFront,235.14, DistDow,234.42, DistUp,234.2
, DistFront,233.59, DistDow,235.39, DistUp,234.66
, DistFront,233.96, DistDow,234.06, DistUp,234.32
, DistFront,233.45, DistDow,233.96, DistUp,234.2
, DistFront,234.42, DistDow,235.83, DistUp,233.89
, DistFront,233.91, DistDow,235.26, DistUp,233.83
, DistFront,234, DistDow,235.26, DistUp,234.25
, DistFront,234, DistDow,235.02, DistUp,233.91
, DistFront,233.18, DistDow,235.73, DistUp,233.83
, DistFront,233.91, DistDow,234.85, DistUp,233.98
, DistFront,233.61, DistDow,234.97, DistUp,234.81
, DistFront,233.91, DistDow,234.85, DistUp,233.42
, DistFront,233.62, DistDow,235.41, DistUp,233.52
, DistFront,233.96, DistDow,234.88, DistUp,234.27
, DistFrontMean,234.4, DistDowMean,235.43, DistUpMean,234.78
, DistFront,233.64, DistDow,235.75, DistUp,233.81
, DistFront,233.52, DistDow,235.78, DistUp,233.47
, DistFront,234.05, DistDow,235.77, DistUp,234.25
, DistFront,233.52, DistDow,234.88, DistUp,233.4
, DistFront,233.61, DistDow,234.52, DistUp,233.52
, DistFront,233.06, DistDow,234.46, DistUp,233.81
, DistFront,234.05, DistDow,234.1, DistUp,234.78
, DistFront,233.91, DistDow,235.32, DistUp,233.35
, DistFront,233.59, DistDow,234.97, DistUp,233.95
, DistFront,233.49, DistDow,234.4, DistUp,235.12
, DistFront,234.06, DistDow,234.97, DistUp,233.52
, DistFront,233.18, DistDow,234.9, DistUp,234.27
, DistFront,233.91, DistDow,233.98, DistUp,234.35
, DistFront,233.23, DistDow,235.41, DistUp,234.25
, DistFront,233.49, DistDow,235.32, DistUp,234.27
, DistFront,234.46, DistDow,234.52, DistUp,234.83
, DistFront,234.35, DistDow,234.42, DistUp,233.83
, DistFront,234.46, DistDow,235.85, DistUp,235.12
, DistFront,234.4, DistDow,235.37, DistUp,234.81
, DistFront,235.27, DistDow,236.19, DistUp,234.27
, DistFrontMean,234.95, DistDowMean,234.98, DistUpMean,234.83
, DistFront,233.11, DistDow,235.34, DistUp,234.3
, DistFront,234.05, DistDow,236.77, DistUp,234.81
, DistFront,233.52, DistDow,234.91, DistUp,234.3
, DistFront,233.62, DistDow,235.46, DistUp,233.96
, DistFront,233.54, DistDow,234.47, DistUp,234.74
, DistFront,233.62, DistDow,234.59, DistUp,234.42
, DistFront,233.96, DistDow,235.32, DistUp,234.74
, DistFront,233.61, DistDow,234.97, DistUp,235.27
, DistFront,234.35, DistDow,235.75, DistUp,234.25
, DistFront,235.27, DistDow,236.6, DistUp,234.27
, DistFront,233.55, DistDow,235.39, DistUp,235.68
, DistFront,234.34, DistDow,236.14, DistUp,237.81
, DistFront,235.24, DistDow,235.27, DistUp,235.66
, DistFront,234.47, DistDow,236.28, DistUp,236.09
, DistFront,234.34, DistDow,241.02, DistUp,234.23
, DistFront,235.27, DistDow,239.18, DistUp,236.38
, DistFront,234.32, DistDow,3293.38, DistUp,234.74
, DistFront,234.9, DistDow,236.24, DistUp,234.32
, DistFront,233.64, DistDow,236.75, DistUp,235.31
, DistFront,233.54, DistDow,235.32, DistUp,234.32
, DistFrontMean,233.67, DistDowMean,235.88, DistUpMean,234.88
, DistFront,233.54, DistDow,235.77, DistUp,234.32
, DistFront,234.1, DistDow,237.19, DistUp,234.83
, DistFront,233.55, DistDow,236.21, DistUp,235.68
, DistFront,233.96, DistDow,236.21, DistUp,235.56
, DistFront,234.42, DistDow,236.21, DistUp,238.13
, DistFront,233.98, DistDow,235.41, DistUp,235.17
, DistFront,234.91, DistDow,235.48, DistUp,234.81
, DistFront,233.64, DistDow,235.03, DistUp,235.75
, DistFront,233.1, DistDow,235.37, DistUp,236.05
, DistFront,235.77, DistDow,235.83, DistUp,235.63
, DistFront,234.49, DistDow,235.97, DistUp,234.85
, DistFront,233.91, DistDow,235.34, DistUp,236.55
, DistFront,234.42, DistDow,235.77, DistUp,235.19
, DistFront,234.83, DistDow,235.78, DistUp,234.32
, DistFront,234.12, DistDow,235.9, DistUp,233.98
, DistFront,233.52, DistDow,234.91, DistUp,234.76
, DistFront,234.12, DistDow,234.56, DistUp,234.46
, DistFront,234.4, DistDow,234.49, DistUp,234.47
, DistFront,233.55, DistDow,235.37, DistUp,234.78
, DistFront,234.52, DistDow,235.03, DistUp,235.66
, DistFrontMean,233.59, DistDowMean,234.91, DistUpMean,233.91
, DistFront,233.67, DistDow,235.48, DistUp,234.47
, DistFront,234.46, DistDow,234.98, DistUp,234.39
, DistFront,233.71, DistDow,235.82, DistUp,233.52
, DistFront,234.17, DistDow,235.07, DistUp,234.49
, DistFront,234.46, DistDow,234.97, DistUp,234.35
, DistFront,234.54, DistDow,234.18, DistUp,234.91
, DistFront,234.03, DistDow,234.06, DistUp,235.24
, DistFront,234.13, DistDow,235.05, DistUp,235.2
, DistFront,233.59, DistDow,234.52, DistUp,236.19
, DistFront,235.27, DistDow,234.12, DistUp,234.74
, DistFront,233.64, DistDow,235.05, DistUp,234.9
, DistFront,234, DistDow,237.13, DistUp,235.32
, DistFront,233.62, DistDow,235.34, DistUp,233.91
, DistFront,234.52, DistDow,236.34, DistUp,234.9
, DistFront,234.4, DistDow,234.91, DistUp,234.35
, DistFront,233.23, DistDow,235.37, DistUp,235.68
, DistFront,234.95, DistDow,236.34, DistUp,234.03
, DistFront,234.42, DistDow,234.47, DistUp,234.34
, DistFront,234.95, DistDow,235.37, DistUp,235.17
, DistFront,234.95, DistDow,235.05, DistUp,234.42
, DistFrontMean,233.55, DistDowMean,236.26, DistUpMean,234.78
, DistFront,234.49, DistDow,235.03, DistUp,234.4
, DistFront,234.85, DistDow,235.34, DistUp,233.88
, DistFront,234.83, DistDow,235.39, DistUp,235.17
, DistFront,234.47, DistDow,235.9, DistUp,234.85
, DistFront,233.96, DistDow,236.24, DistUp,233.98
, DistFront,234.34, DistDow,235.34, DistUp,234.74
, DistFront,234.54, DistDow,235.43, DistUp,235.6
, DistFront,233.96, DistDow,235.83, DistUp,234.39
, DistFront,234.34, DistDow,235.78, DistUp,233.81
, DistFront,234.49, DistDow,236.19, DistUp,233.84
, DistFront,233.95, DistDow,235.49, DistUp,233.91
, DistFront,233.59, DistDow,235.77, DistUp,233.38
, DistFront,233.47, DistDow,234.85, DistUp,234.69
, DistFront,233.13, DistDow,236.28, DistUp,234.2
, DistFront,233.47, DistDow,235.31, DistUp,233.89
, DistFront,233.59, DistDow,235.82, DistUp,238.06
, DistFront,233.59, DistDow,235.41, DistUp,235.2
, DistFront,233.45, DistDow,235.75, DistUp,234.69
, DistFront,234.42, DistDow,235.83, DistUp,234.71
, DistFront,235.2, DistDow,236.7, DistUp,233.98
, DistFrontMean,234.05, DistDowMean,236.67, DistUpMean,233.88
, DistFront,234.42, DistDow,235.73, DistUp,234.46
, DistFront,233.62, DistDow,235.27, DistUp,234.34
, DistFront,233.67, DistDow,236.31, DistUp,233.98
, DistFront,233.96, DistDow,236.21, DistUp,235.99
, DistFront,234.83, DistDow,235.34, DistUp,235.14
, DistFront,234.47, DistDow,237.11, DistUp,235.97
, DistFront,234.47, DistDow,237.53, DistUp,234.68
, DistFront,234.52, DistDow,236.73, DistUp,235.63
, DistFront,234.42, DistDow,237.16, DistUp,235.19
, DistFront,233.91, DistDow,235.75, DistUp,234.68
, DistFront,235.2, DistDow,236.19, DistUp,234.25
, DistFront,234, DistDow,235.41, DistUp,237.21
, DistFront,233.61, DistDow,236.7, DistUp,233.96
, DistFront,233.49, DistDow,235.39, DistUp,234.25
, DistFront,234.47, DistDow,236.28, DistUp,234.68
, DistFront,233.95, DistDow,235.34, DistUp,234.3
, DistFront,234.05, DistDow,235.31, DistUp,233.35
, DistFront,233.59, DistDow,235.83, DistUp,234.39
, DistFront,233.91, DistDow,235.31, DistUp,234.3
, DistFront,234.06, DistDow,235.82, DistUp,233.95
, DistFrontMean,233.91, DistDowMean,236.14, DistUpMean,233.4
, DistFront,234.03, DistDow,235.85, DistUp,233.54
, DistFront,233.54, DistDow,236.14, DistUp,234.71
, DistFront,233.18, DistDow,235.73, DistUp,233.88
, DistFront,233.54, DistDow,235.75, DistUp,234.39
, DistFront,233.89, DistDow,236.19, DistUp,233.88
, DistFront,234.47, DistDow,234.97, DistUp,234
, DistFront,234.78, DistDow,234.91, DistUp,233.88
, DistFront,234.47, DistDow,234.98, DistUp,233.96
, DistFront,233.49, DistDow,235.77, DistUp,234.32
, DistFront,233.64, DistDow,234.56, DistUp,234.42
, DistFront,233.52, DistDow,234.42, DistUp,233.91
, DistFront,233.18, DistDow,235.02, DistUp,234
, DistFront,233.54, DistDow,234.9, DistUp,234.34
, DistFront,233.98, DistDow,234.13, DistUp,234.03
, DistFront,233.67, DistDow,234.56, DistUp,234.47
, DistFront,233.55, DistDow,234.95, DistUp,233.91
, DistFront,233.25, DistDow,235.02, DistUp,234.91
, DistFront,234.42, DistDow,234.46, DistUp,233.54
, DistFront,233.71, DistDow,235.49, DistUp,233.62
, DistFront,234.9, DistDow,234.47, DistUp,233.54
, DistFrontMean,233.61, DistDowMean,234.98, DistUpMean,234.05
, DistFront,233.69, DistDow,235.46, DistUp,233.96
, DistFront,233.61, DistDow,234.05, DistUp,233.98
, DistFront,234.56, DistDow,235.1, DistUp,234.47
, DistFront,235.32, DistDow,235.39, DistUp,233.52
, DistFront,234.03, DistDow,234.1, DistUp,234.4
, DistFront,233.61, DistDow,234.54, DistUp,233.52
, DistFront,233.16, DistDow,234.52, DistUp,233.62
, DistFront,233.69, DistDow,235.39, DistUp,234.35
, DistFront,233.16, DistDow,235.43, DistUp,234.35
, DistFront,234.54, DistDow,234.61, DistUp,234.34
, DistFront,233.61, DistDow,234.95, DistUp,233.55
, DistFront,234.13, DistDow,234.63, DistUp,234.35
, DistFront,234.46, DistDow,234.91, DistUp,234.9
, DistFront,233.69, DistDow,236.7, DistUp,234.76
, DistFront,234.97, DistDow,235.48, DistUp,234.46
, DistFront,233.98, DistDow,234.52, DistUp,233.49
, DistFront,234.06, DistDow,234.63, DistUp,234
, DistFront,233.54, DistDow,234.91, DistUp,234.35
, DistFront,234.1, DistDow,235.43, DistUp,234
, DistFront,234.03, DistDow,234.91, DistUp,233.88
, DistFrontMean,233.62, DistDowMean,234.47, DistUpMean,233.91
, DistFront,233.74, DistDow,236.34, DistUp,234.42
, DistFront,233.11, DistDow,235.37, DistUp,234.34
, DistFront,234.06, DistDow,234.59, DistUp,235.2
, DistFront,233.96, DistDow,235.34, DistUp,234
, DistFront,233.67, DistDow,236.63, DistUp,233.47
, DistFront,233.61, DistDow,235.05, DistUp,235.31
, DistFront,233.04, DistDow,234.47, DistUp,233.88
, DistFront,234.39, DistDow,234.59, DistUp,234.03
, DistFront,233.67, DistDow,236.19, DistUp,233.42
, DistFront,233.62, DistDow,234.54, DistUp,233.59
, DistFront,233.18, DistDow,235.37, DistUp,233.84
, DistFront,234.81, DistDow,234.9, DistUp,234.4
, DistFront,233.62, DistDow,235.32, DistUp,233.84
, DistFront,233.62, DistDow,235.46, DistUp,235.26
, DistFront,234.35, DistDow,234.9, DistUp,234.69
, DistFront,234.47, DistDow,235.43, DistUp,235.92
, DistFront,234.46, DistDow,236.31, DistUp,235.63
, DistFront,233.91, DistDow,235.34, DistUp,234.78
, DistFront,234.81, DistDow,236.19, DistUp,234.71
, DistFront,234, DistDow,234.98, DistUp,234.78
, DistFrontMean,234.78, DistDowMean,235.31, DistUpMean,234.69
, DistFront,233.18, DistDow,235.41, DistUp,234.81
, DistFront,233.47, DistDow,234.47, DistUp,235.12
, DistFront,233.11, DistDow,234.95, DistUp,234.68
, DistFront,233.52, DistDow,234.83, DistUp,233.84
, DistFront,233.59, DistDow,234.95, DistUp,234.74
, DistFront,233.04, DistDow,234.83, DistUp,233.89
, DistFront,233.16, DistDow,234.97, DistUp,233.95
, DistFront,233.91, DistDow,234.85, DistUp,233.83
, DistFront,234, DistDow,234.91, DistUp,233.47
, DistFront,234.32, DistDow,234.4, DistUp,233.83
, DistFront,233.95, DistDow,234.49, DistUp,233.47
, DistFront,233.55, DistDow,236.6, DistUp,233.38
, DistFront,234, DistDow,234.98, DistUp,233.95
, DistFront,234.34, DistDow,234.4, DistUp,233.83
, DistFront,233.13, DistDow,234.49, DistUp,233.91
, DistFront,234.34, DistDow,234.39, DistUp,234.27
, DistFront,233.1, DistDow,234.97, DistUp,234.78
, DistFront,233.4, DistDow,234.83, DistUp,236.39
, DistFront,233.89, DistDow,234.42, DistUp,234.27
, DistFront,233.45, DistDow,234.83, DistUp,234.25
, DistFrontMean,234.03, DistDowMean,234.49, DistUpMean,233.95
, DistFront,233.16, DistDow,234.78, DistUp,234.27
, DistFront,233.06, DistDow,234.83, DistUp,234.35
, DistFront,233.89, DistDow,233.98, DistUp,233.45
, DistFront,234, DistDow,235.39, DistUp,233.49
, DistFront,234.46, DistDow,236.14, DistUp,234.27
, DistFront,233.1, DistDow,235.26, DistUp,233.83
, DistFront,233.1, DistDow,234.47, DistUp,235.24
, DistFront,232.99, DistDow,234.39, DistUp,234.3
, DistFront,233.89, DistDow,234.83, DistUp,234.39
, DistFront,233.55, DistDow,234.47, DistUp,233.95
, DistFront,233.88, DistDow,234.39, DistUp,233.83
, DistFront,233.98, DistDow,234.47, DistUp,233.91
, DistFront,233.16, DistDow,235.26, DistUp,233.35
, DistFront,233.06, DistDow,233.95, DistUp,234.27
, DistFront,234.42, DistDow,234.49, DistUp,233.91
, DistFront,233.13, DistDow,234.49, DistUp,234.83
, DistFront,233.91, DistDow,234.85, DistUp,234.68
, DistFront,233.18, DistDow,234.49, DistUp,234.78
, DistFront,233.03, DistDow,234.42, DistUp,235.97
, DistFront,234.05, DistDow,235.39, DistUp,233.91
, DistFrontMean,233.59, DistDowMean,234.54, DistUpMean,234.34
, DistFront,233.47, DistDow,234.85, DistUp,234.69
, DistFront,233.98, DistDow,234.49, DistUp,235.19
, DistFront,233.03, DistDow,235.31, DistUp,234.23
, DistFront,233.59, DistDow,234.97, DistUp,235.24
, DistFront,233.88, DistDow,234.83, DistUp,234.27
, DistFront,233.55, DistDow,234.95, DistUp,234.83
, DistFront,233.23, DistDow,235.7, DistUp,233.4
, DistFront,233.54, DistDow,233.98, DistUp,234.3
, DistFront,233.61, DistDow,234.1, DistUp,233.91
, DistFront,233.52, DistDow,234.9, DistUp,233.83
, DistFront,233.2, DistDow,234.97, DistUp,235.7
, DistFront,233.62, DistDow,234.83, DistUp,233.42
, DistFront,233.47, DistDow,234.88, DistUp,233.88
, DistFront,233.13, DistDow,235.85, DistUp,233.91
, DistFront,233.16, DistDow,234.81, DistUp,233.88
, DistFront,233.49, DistDow,234.85, DistUp,234.4
, DistFront,233.98, DistDow,235.31, DistUp,233.88
, DistFront,233.45, DistDow,235.31, DistUp,234.39
, DistFront,234.88, DistDow,235.31, DistUp,233.84
, DistFront,233.49, DistDow,236.62, DistUp,233.54
, DistFrontMean,234.03, DistDowMean,235.85, DistUpMean,235.99
, DistFront,233.91, DistDow,236.17, DistUp,233.42
, DistFront,233.62, DistDow,234.95, DistUp,233.54
, DistFront,233.11, DistDow,235.31, DistUp,233.89
, DistFront,234.35, DistDow,234.03, DistUp,234.4
, DistFront,234.05, DistDow,234.98, DistUp,235.2
, DistFront,234.81, DistDow,234.46, DistUp,234.32
, DistFront,234.03, DistDow,235.46, DistUp,235.24
, DistFront,234.78, DistDow,234.03, DistUp,234.71
, DistFront,233.59, DistDow,235.78, DistUp,233.84
, DistFront,233.49, DistDow,234.47, DistUp,234.25
, DistFront,234.95, DistDow,235.75, DistUp,233.84
, DistFront,233.95, DistDow,234.9, DistUp,236.12
, DistFront,235.2, DistDow,234.95, DistUp,234.3
, DistFront,234.05, DistDow,235.9, DistUp,233.95
, DistFront,234.39, DistDow,235.37, DistUp,234.3
, DistFront,235.34, DistDow,235.02, DistUp,234.83
, DistFront,234.35, DistDow,234.47, DistUp,233.88
, DistFront,234.88, DistDow,234.59, DistUp,237.7
, DistFront,234.81, DistDow,234.59, DistUp,233.52
, DistFront,234.39, DistDow,235.78, DistUp,233.83
, DistFrontMean,234.42, DistDowMean,234.9, DistUpMean,233.45
, DistFront,233.11, DistDow,234.9, DistUp,234.76
, DistFront,233.62, DistDow,235.46, DistUp,233.96
, DistFront,233.06, DistDow,235.34, DistUp,233.42
, DistFront,233.59, DistDow,235.43, DistUp,234.4
, DistFront,233.89, DistDow,235.41, DistUp,233.84
, DistFront,234.35, DistDow,234.54, DistUp,233.96
, DistFront,234.47, DistDow,234.85, DistUp,233.42
, DistFront,234.35, DistDow,235.78, DistUp,234.4
, DistFront,234.47, DistDow,236.17, DistUp,233.4
, DistFront,234.78, DistDow,234.54, DistUp,234.4
, DistFront,234.12, DistDow,237.02, DistUp,235.17
, DistFront,233.61, DistDow,235.41, DistUp,234.4
, DistFront,233.52, DistDow,234.85, DistUp,234.74
, DistFront,233.61, DistDow,234.98, DistUp,234.4
, DistFront,234.03, DistDow,236.62, DistUp,234.3
, DistFront,234.06, DistDow,234.56, DistUp,233.55
, DistFront,234.1, DistDow,235.77, DistUp,233.83
, DistFront,234.85, DistDow,235.46, DistUp,234
, DistFront,234.4, DistDow,234.88, DistUp,233.89
, DistFront,235.26, DistDow,234.9, DistUp,235.27
, DistFrontMean,233.69, DistDowMean,236.31, DistUpMean,235.14
, DistFront,233.11, DistDow,234.9, DistUp,234.3
, DistFront,233.2, DistDow,235.9, DistUp,235.14
, DistFront,233.49, DistDow,235.88, DistUp,234.81
, DistFront,234.4, DistDow,235.77, DistUp,235.17
, DistFront,234.81, DistDow,235.75, DistUp,236.02
, DistFront,234.06, DistDow,235.95, DistUp,234.35
, DistFront,234.46, DistDow,235.37, DistUp,234.69
, DistFront,234.91, DistDow,235.34, DistUp,234.69
, DistFront,234, DistDow,236.33, DistUp,235.24
, DistFront,234.35, DistDow,235.85, DistUp,235.12
, DistFront,234.35, DistDow,235.32, DistUp,234.32
, DistFront,234.81, DistDow,234.9, DistUp,235.14
, DistFront,234.52, DistDow,235.02, DistUp,235.26
, DistFront,233.96, DistDow,235.77, DistUp,235.54
, DistFront,234.39, DistDow,235.34, DistUp,235.61
, DistFront,234.46, DistDow,236.7, DistUp,237.33
, DistFront,234.91, DistDow,235.03, DistUp,235.14
, DistFront,234.83, DistDow,235.46, DistUp,234.81
, DistFront,235.61, DistDow,235.77, DistUp,234.83
, DistFront,234.32, DistDow,235.77, DistUp,234.3
, DistFrontMean,234.78, DistDowMean,236.28, DistUpMean,234.42
, DistFront,233.52, DistDow,236.21, DistUp,235.19
, DistFront,233.2, DistDow,235.41, DistUp,234.85
, DistFront,233.1, DistDow,235.83, DistUp,234.32
, DistFront,233.62, DistDow,235.41, DistUp,234.42
, DistFront,233.52, DistDow,235.32, DistUp,233.47
, DistFront,233.62, DistDow,235.85, DistUp,234
, DistFront,233.52, DistDow,235.32, DistUp,233.47
, DistFront,233.52, DistDow,235.32, DistUp,234.88
, DistFront,233.62, DistDow,235.31, DistUp,234.32
, DistFront,234.05, DistDow,234.54, DistUp,233.59
, DistFront,233.67, DistDow,237.09, DistUp,233.42
, DistFront,233.98, DistDow,235.41, DistUp,234
, DistFront,233.23, DistDow,234.46, DistUp,233.84
, DistFront,233.52, DistDow,234.46, DistUp,233.45
, DistFront,234.05, DistDow,235.43, DistUp,234.4
, DistFront,234.06, DistDow,235.92, DistUp,235.17
, DistFront,234.05, DistDow,234.56, DistUp,234
, DistFront,233.96, DistDow,234.46, DistUp,233.45
, DistFront,233.16, DistDow,234.56, DistUp,234.85
, DistFront,234.06, DistDow,235.37, DistUp,234.3
, DistFrontMean,233.96, DistDowMean,234.85, DistUpMean,233.89
, DistFront,233.64, DistDow,235.88, DistUp,234
, DistFront,234.39, DistDow,234.47, DistUp,233.47
, DistFront,234.06, DistDow,235.03, DistUp,234
, DistFront,234, DistDow,235.32, DistUp,234.3
, DistFront,233.52, DistDow,234.46, DistUp,234.39
, DistFront,233.62, DistDow,235.32, DistUp,233.88
, DistFront,234.47, DistDow,235.46, DistUp,235.26
, DistFront,234.4, DistDow,235.31, DistUp,233.45
, DistFront,234.47, DistDow,234.97, DistUp,234.03
, DistFront,234.34, DistDow,234.52, DistUp,235.61
, DistFront,234.06, DistDow,235.48, DistUp,233.96
, DistFront,233.96, DistDow,235.37, DistUp,234.34
, DistFront,234.47, DistDow,234.61, DistUp,234
, DistFront,234.81, DistDow,234.91, DistUp,234.34
, DistFront,234.13, DistDow,235.9, DistUp,234.4
, DistFront,234.4, DistDow,235.37, DistUp,234.32
, DistFront,233.62, DistDow,235.03, DistUp,235.27
, DistFront,234.81, DistDow,235.43, DistUp,234.83
, DistFront,234.47, DistDow,235.77, DistUp,233.89
, DistFront,234.05, DistDow,235.48, DistUp,234.88
, DistFrontMean,233.64, DistDowMean,235.77, DistUpMean,233.88
, DistFront,234.39, DistDow,235.37, DistUp,233.96
, DistFront,233.98, DistDow,235.37, DistUp,233.89
, DistFront,234.05, DistDow,236.73, DistUp,236.04
, DistFront,234.52, DistDow,235.48, DistUp,234
, DistFront,233.52, DistDow,236.24, DistUp,234.34
, DistFront,233.62, DistDow,234.98, DistUp,234.47
, DistFront,233.59, DistDow,235.77, DistUp,234.42
, DistFront,233.52, DistDow,235.83, DistUp,234.74
, DistFront,234.13, DistDow,235.53, DistUp,234.3
, DistFront,234.06, DistDow,236.41, DistUp,234.83
, DistFront,233.96, DistDow,236.68, DistUp,234.27
, DistFront,234.85, DistDow,235.39, DistUp,234.74
, DistFront,234.1, DistDow,236.7, DistUp,234.27
, DistFront,234.95, DistDow,236.8, DistUp,234.83
, DistFront,234.42, DistDow,236.24, DistUp,234.46
, DistFront,233.98, DistDow,235.83, DistUp,233.89
, DistFront,234.97, DistDow,235.07, DistUp,234.32
, DistFront,234, DistDow,235.39, DistUp,234
, DistFront,234.88, DistDow,234.49, DistUp,234.78
, DistFront,234.52, DistDow,235.05, DistUp,234.03
, DistFrontMean,234.54, DistDowMean,235.05, DistUpMean,233.91
, DistFront,233.98, DistDow,235.82, DistUp,234.78
, DistFront,234.4, DistDow,237.13, DistUp,234.78
, DistFront,234.1, DistDow,234.61, DistUp,234.9
, DistFront,233.54, DistDow,235.88, DistUp,233.89
, DistFront,233.64, DistDow,235.56, DistUp,234.47
, DistFront,233.61, DistDow,234.97, DistUp,233.91
, DistFront,233.67, DistDow,235.53, DistUp,234.47
, DistFront,233.16, DistDow,235.85, DistUp,234.39
, DistFront,233.71, DistDow,235.14, DistUp,234.88
, DistFront,233.61, DistDow,234.98, DistUp,233.52
, DistFront,233.71, DistDow,234.63, DistUp,234.91
, DistFront,234.42, DistDow,234.54, DistUp,233.96
, DistFront,234.13, DistDow,235.53, DistUp,236.63
, DistFront,234.1, DistDow,234.98, DistUp,233.52
, DistFront,233.69, DistDow,235.53, DistUp,234.95
, DistFront,233.61, DistDow,236.33, DistUp,234
, DistFront,234.13, DistDow,234.68, DistUp,234.85
, DistFront,173.4, DistDow,235.43, DistUp,50.32
, DistFront,174.13, DistDow,235.43, DistUp,51.62
, DistFront,179.68, DistDow,236.33, DistUp,45.73
, DistFrontMean,233.62, DistDowMean,235.97, DistUpMean,47.04
, DistFront,234.52, DistDow,238.1, DistUp,235.26
, DistFront,182.13, DistDow,235.54, DistUp,40.39
, DistFront,233.18, DistDow,235.03, DistUp,234.78
, DistFront,234.34, DistDow,235.73, DistUp,235.2
, DistFront,234.76, DistDow,3271.99, DistUp,234.88
, DistFront,234.25, DistDow,3308.18, DistUp,234
, DistFront,186.48, DistDow,236.67, DistUp,36.21
, DistFront,235.12, DistDow,235.63, DistUp,37.24
, DistFront,187.7, DistDow,235.61, DistUp,36.45
, DistFront,234.23, DistDow,236.02, DistUp,233.1
, DistFront,234.27, DistDow,234.56, DistUp,37.24
, DistFront,180.6, DistDow,236.62, DistUp,36.02
, DistFront,189.54, DistDow,234.78, DistUp,35.27
,,,,,,
Felipe,,,,,,
, DistFront, 120.31, DistDow, 120.19, DistUp, 124.47
, DistFront, 120.56, DistDow, 121.21, DistUp, 125.19
, DistFront, 120.54, DistDow, 120.77, DistUp, 124.40
, DistFront, 120.20, DistDow, 120.73, DistUp, 124.27
, DistFront, 120.07, DistDow, 120.73, DistUp, 123.95
, DistFront, 120.48, DistDow, 120.68, DistUp, 123.78
, DistFront, 120.43, DistDow, 121.53, DistUp, 123.84
, DistFront, 120.41, DistDow, 120.61, DistUp, 125.10
, DistFront, 120.34, DistDow, 120.56, DistUp, 123.81
, DistFront, 120.31, DistDow, 121.45, DistUp, 124.98
, DistFront, 121.11, DistDow, 120.53, DistUp, 123.98
, DistFront, 120.26, DistDow, 120.97, DistUp, 123.25
, DistFront, 120.34, DistDow, 120.48, DistUp, 123.98
, DistFront, 120.70, DistDow, 120.53, DistUp, 124.10
, DistFront, 120.73, DistDow, 120.97, DistUp, 123.98
, DistFront, 121.14, DistDow, 120.12, DistUp, 123.69
, DistFront, 120.75, DistDow, 121.04, DistUp, 125.85
, DistFront, 120.34, DistDow, 120.63, DistUp, 125.78
, DistFront, 120.41, DistDow, 120.20, DistUp, 123.35
, DistFront, 120.46, DistDow, 120.27, DistUp, 124.25
, DistFrontMean, 120.90, DistDowMean, 120.31, DistUpMean, 124.69
, DistFront, 120.49, DistDow, 120.77, DistUp, 127.67
, DistFront, 121.02, DistDow, 121.24, DistUp, 125.17
, DistFront, 120.10, DistDow, 120.46, DistUp, 123.91
, DistFront, 121.02, DistDow, 120.82, DistUp, 124.76
, DistFront, 121.02, DistDow, 121.28, DistUp, 124.32
, DistFront, 120.54, DistDow, 122.13, DistUp, 123.45
, DistFront, 120.56, DistDow, 121.28, DistUp, 123.35
, DistFront, 120.99, DistDow, 121.68, DistUp, 124.32
, DistFront, 120.49, DistDow, 122.11, DistUp, 123.40
, DistFront, 121.75, DistDow, 121.62, DistUp, 123.33
, DistFront, 121.31, DistDow, 120.73, DistUp, 124.17
, DistFront, 121.24, DistDow, 121.53, DistUp, 125.41
, DistFront, 120.34, DistDow, 121.09, DistUp, 124.10
, DistFront, 120.31, DistDow, 121.02, DistUp, 125.34
, DistFront, 120.27, DistDow, 122.28, DistUp, 124.05
, DistFront, 120.24, DistDow, 120.54, DistUp, 123.98
, DistFront, 120.66, DistDow, 120.92, DistUp, 124.39
, DistFront, 120.63, DistDow, 120.95, DistUp, 123.40
, DistFront, 121.04, DistDow, 121.75, DistUp, 127.70
, DistFront, 120.14, DistDow, 120.83, DistUp, 124.32
, DistFrontMean, 120.54, DistDowMean, 120.37, DistUpMean, 125.17
, DistFront, 120.12, DistDow, 121.24, DistUp, 122.89
, DistFront, 120.95, DistDow, 121.14, DistUp, 122.99
, DistFront, 120.10, DistDow, 121.21, DistUp, 124.59
, DistFront, 119.63, DistDow, 121.21, DistUp, 123.84
, DistFront, 120.10, DistDow, 120.37, DistUp, 127.19
, DistFront, 120.54, DistDow, 120.83, DistUp, 124.34
, DistFront, 120.99, DistDow, 121.28, DistUp, 123.06
, DistFront, 120.60, DistDow, 121.73, DistUp, 123.40
, DistFront, 120.20, DistDow, 120.03, DistUp, 123.61
, DistFront, 120.26, DistDow, 120.49, DistUp, 125.34
, DistFront, 120.34, DistDow, 121.46, DistUp, 124.59
, DistFront, 120.32, DistDow, 121.48, DistUp, 124.54
, DistFront, 120.39, DistDow, 120.61, DistUp, 123.33
, DistFront, 120.41, DistDow, 120.63, DistUp, 127.16
, DistFront, 120.39, DistDow, 121.53, DistUp, 124.05
, DistFront, 121.63, DistDow, 120.63, DistUp, 123.71
, DistFront, 120.75, DistDow, 120.56, DistUp, 124.95
, DistFront, 120.66, DistDow, 120.48, DistUp, 123.11
, DistFront, 120.54, DistDow, 120.83, DistUp, 123.45
, DistFront, 120.02, DistDow, 121.12, DistUp, 122.91
, DistFrontMean, 119.95, DistDowMean, 120.17, DistUpMean, 124.10
, DistFront, 120.66, DistDow, 120.49, DistUp, 126.62
, DistFront, 120.48, DistDow, 120.17, DistUp, 201.39
, DistFront, 119.52, DistDow, 119.49, DistUp, 199.03
, DistFront, 119.30, DistDow, 118.83, DistUp, 199.20
, DistFront, 119.20, DistDow, 119.23, DistUp, 185.19
, DistFront, 119.10, DistDow, 119.17, DistUp, 203.38
, DistFront, 118.96, DistDow, 119.66, DistUp, 199.61
, DistFront, 119.32, DistDow, 119.46, DistUp, 123.23
, DistFront, 119.25, DistDow, 119.39, DistUp, 124.49
, DistFront, 118.78, DistDow, 118.91, DistUp, 122.74
, DistFront, 118.74, DistDow, 119.42, DistUp, 122.21
, DistFront, 118.67, DistDow, 120.14, DistUp, 123.10
, DistFront, 118.62, DistDow, 119.27, DistUp, 123.49
, DistFront, 118.83, DistDow, 118.84, DistUp, 125.95
, DistFront, 119.18, DistDow, 119.81, DistUp, 124.03
, DistFront, 119.23, DistDow, 118.98, DistUp, 122.81
, DistFront, 118.84, DistDow, 119.05, DistUp, 125.34
, DistFront, 118.89, DistDow, 119.97, DistUp, 122.38
, DistFront, 119.34, DistDow, 119.10, DistUp, 123.62
, DistFront, 119.00, DistDow, 120.41, DistUp, 126.04
, DistFrontMean, 119.30, DistDowMean, 120.39, DistUpMean, 122.31
, DistFront, 119.30, DistDow, 119.63, DistUp, 122.70
, DistFront, 118.83, DistDow, 119.10, DistUp, 121.84
, DistFront, 119.30, DistDow, 119.10, DistUp, 123.13
, DistFront, 118.95, DistDow, 118.67, DistUp, 122.35
, DistFront, 118.96, DistDow, 119.63, DistUp, 121.89
, DistFront, 120.26, DistDow, 119.69, DistUp, 122.38
, DistFront, 119.03, DistDow, 119.30, DistUp, 123.28
, DistFront, 119.63, DistDow, 120.26, DistUp, 122.82
, DistFront, 119.63, DistDow, 119.46, DistUp, 122.57
, DistFront, 119.32, DistDow, 120.02, DistUp, 122.26
, DistFront, 119.85, DistDow, 119.66, DistUp, 124.12
, DistFront, 120.05, DistDow, 119.74, DistUp, 123.69
, DistFront, 119.59, DistDow, 120.26, DistUp, 123.42
, DistFront, 120.10, DistDow, 120.34, DistUp, 125.20
, DistFront, 119.71, DistDow, 119.95, DistUp, 123.13
, DistFront, 120.63, DistDow, 119.98, DistUp, 123.16
, DistFront, 120.31, DistDow, 120.56, DistUp, 123.62
, DistFront, 120.31, DistDow, 120.07, DistUp, 123.20
, DistFront, 120.27, DistDow, 120.10, DistUp, 124.06
, DistFront, 120.27, DistDow, 120.10, DistUp, 123.64
, DistFrontMean, 119.83, DistDowMean, 120.07, DistUpMean, 122.81
, DistFront, 119.83, DistDow, 120.95, DistUp, 122.74
, DistFront, 119.76, DistDow, 120.02, DistUp, 124.85
, DistFront, 120.60, DistDow, 119.59, DistUp, 125.24
, DistFront, 120.54, DistDow, 119.88, DistUp, 124.68
, DistFront, 120.95, DistDow, 119.85, DistUp, 123.49
, DistFront, 119.63, DistDow, 119.85, DistUp, 125.20
, DistFront, 119.59, DistDow, 119.78, DistUp, 127.26
, DistFront, 119.97, DistDow, 119.74, DistUp, 123.35
, DistFront, 119.47, DistDow, 120.14, DistUp, 122.87
, DistFront, 119.88, DistDow, 120.20, DistUp, 122.45
, DistFront, 119.85, DistDow, 120.90, DistUp, 124.05
, DistFront, 120.24, DistDow, 119.56, DistUp, 123.23
, DistFront, 119.32, DistDow, 119.54, DistUp, 123.64
, DistFront, 119.71, DistDow, 119.49, DistUp, 124.05
, DistFront, 119.74, DistDow, 119.49, DistUp, 127.82
, DistFront, 119.74, DistDow, 119.49, DistUp, 123.18
, DistFront, 120.19, DistDow, 119.49, DistUp, 124.49
, DistFront, 119.32, DistDow, 119.49, DistUp, 124.52
, DistFront, 119.32, DistDow, 120.41, DistUp, 125.34
, DistFront, 119.32, DistDow, 119.54, DistUp, 125.77
, DistFrontMean, 120.31, DistDowMean, 119.98, DistUpMean, 126.05
, DistFront, 119.46, DistDow, 119.54, DistUp, 123.95
, DistFront, 119.74, DistDow, 120.41, DistUp, 124.00
, DistFront, 119.27, DistDow, 119.06, DistUp, 126.84
, DistFront, 119.27, DistDow, 119.59, DistUp, 126.56
, DistFront, 119.74, DistDow, 120.82, DistUp, 123.16
, DistFront, 119.27, DistDow, 119.47, DistUp, 123.59
, DistFront, 119.27, DistDow, 119.61, DistUp, 123.18
, DistFront, 119.27, DistDow, 119.49, DistUp, 125.17
, DistFront, 119.74, DistDow, 119.49, DistUp, 124.42
, DistFront, 119.39, DistDow, 119.95, DistUp, 123.91
, DistFront, 119.27, DistDow, 119.95, DistUp, 124.90
, DistFront, 119.74, DistDow, 119.97, DistUp, 124.46
, DistFront, 120.12, DistDow, 120.37, DistUp, 124.85
, DistFront, 119.30, DistDow, 119.42, DistUp, 124.00
, DistFront, 120.54, DistDow, 119.46, DistUp, 126.90
, DistFront, 119.23, DistDow, 119.90, DistUp, 126.53
, DistFront, 119.23, DistDow, 119.46, DistUp, 123.95
, DistFront, 118.83, DistDow, 119.90, DistUp, 123.54
, DistFront, 119.66, DistDow, 119.46, DistUp, 124.40
, DistFront, 119.68, DistDow, 119.46, DistUp, 123.54
, DistFrontMean, 119.30, DistDowMean, 120.34, DistUpMean, 123.59
, DistFront, 119.30, DistDow, 119.49, DistUp, 123.18
, DistFront, 119.27, DistDow, 119.49, DistUp, 124.10
, DistFront, 119.32, DistDow, 119.54, DistUp, 123.62
, DistFront, 119.39, DistDow, 119.17, DistUp, 124.54
, DistFront, 119.42, DistDow, 119.20, DistUp, 126.19
, DistFront, 119.95, DistDow, 120.56, DistUp, 123.81
, DistFront, 119.54, DistDow, 120.61, DistUp, 125.54
, DistFront, 120.83, DistDow, 119.74, DistUp, 125.60
, DistFront, 120.02, DistDow, 119.32, DistUp, 126.46
, DistFront, 119.63, DistDow, 120.26, DistUp, 126.82
, DistFront, 120.07, DistDow, 119.78, DistUp, 123.52
, DistFront, 120.92, DistDow, 119.81, DistUp, 123.11
, DistFront, 119.78, DistDow, 119.85, DistUp, 125.17
, DistFront, 119.63, DistDow, 120.27, DistUp, 123.55
, DistFront, 119.63, DistDow, 119.81, DistUp, 125.99
, DistFront, 119.59, DistDow, 119.74, DistUp, 124.34
, DistFront, 119.52, DistDow, 119.74, DistUp, 130.92
, DistFront, 119.91, DistDow, 119.69, DistUp, 124.68
, DistFront, 119.59, DistDow, 119.61, DistUp, 124.12
, DistFront, 119.39, DistDow, 119.56, DistUp, 123.69
, DistFrontMean, 120.63, DistDowMean, 119.54, DistUpMean, 123.55
, DistFront, 120.56, DistDow, 119.95, DistUp, 126.96
, DistFront, 120.12, DistDow, 120.41, DistUp, 123.59
, DistFront, 119.23, DistDow, 119.39, DistUp, 123.98
, DistFront, 119.63, DistDow, 120.20, DistUp, 123.10
, DistFront, 119.56, DistDow, 119.30, DistUp, 123.49
, DistFront, 119.98, DistDow, 120.17, DistUp, 124.69
, DistFront, 119.52, DistDow, 119.25, DistUp, 122.93
, DistFront, 119.05, DistDow, 118.81, DistUp, 126.19
, DistFront, 119.03, DistDow, 119.20, DistUp, 124.18
, DistFront, 118.98, DistDow, 120.05, DistUp, 123.28
, DistFront, 119.83, DistDow, 119.13, DistUp, 123.25
, DistFront, 119.03, DistDow, 119.10, DistUp, 123.54
, DistFront, 119.32, DistDow, 119.03, DistUp, 124.00
, DistFront, 119.27, DistDow, 119.42, DistUp, 123.16
, DistFront, 119.23, DistDow, 119.85, DistUp, 123.54
, DistFront, 119.23, DistDow, 119.90, DistUp, 122.21
, DistFront, 119.17, DistDow, 118.89, DistUp, 123.47
, DistFront, 118.67, DistDow, 120.17, DistUp, 125.99
, DistFront, 119.12, DistDow, 119.32, DistUp, 123.33
, DistFront, 119.52, DistDow, 119.69, DistUp, 123.42
, DistFrontMean, 118.61, DistDowMean, 119.69, DistUpMean, 227.82
, DistFront, 119.06, DistDow, 119.68, DistUp, 126.34
, DistFront, 119.18, DistDow, 119.23, DistUp, 122.87
, DistFront, 118.61, DistDow, 119.25, DistUp, 122.93
, DistFront, 119.88, DistDow, 119.66, DistUp, 122.48
, DistFront, 119.42, DistDow, 118.81, DistUp, 122.96
, DistFront, 118.62, DistDow, 119.23, DistUp, 123.78
, DistFront, 119.06, DistDow, 119.30, DistUp, 126.39
, DistFront, 118.69, DistDow, 118.88, DistUp, 123.03
, DistFront, 118.71, DistDow, 119.78, DistUp, 123.10
, DistFront, 118.78, DistDow, 119.10, DistUp, 122.70
, DistFront, 119.27, DistDow, 119.13, DistUp, 124.03
, DistFront, 118.91, DistDow, 120.02, DistUp, 123.74
, DistFront, 119.42, DistDow, 120.05, DistUp, 124.18
, DistFront, 119.06, DistDow, 119.25, DistUp, 122.87
, DistFront, 119.59, DistDow, 119.34, DistUp, 123.06
, DistFront, 119.69, DistDow, 120.31, DistUp, 122.70
, DistFront, 119.32, DistDow, 119.49, DistUp, 122.77
, DistFront, 119.35, DistDow, 119.56, DistUp, 122.84
, DistFront, 119.42, DistDow, 119.61, DistUp, 122.77
, DistFront, 119.47, DistDow, 120.10, DistUp, 126.75
, DistFrontMean, 119.47, DistDowMean, 119.69, DistUpMean, 124.63
, DistFront, 119.91, DistDow, 119.69, DistUp, 123.38
, DistFront, 119.47, DistDow, 119.69, DistUp, 123.38
, DistFront, 119.47, DistDow, 119.74, DistUp, 122.89
, DistFront, 119.42, DistDow, 119.61, DistUp, 123.67
, DistFront, 120.63, DistDow, 119.54, DistUp, 122.77
, DistFront, 120.56, DistDow, 119.49, DistUp, 123.59
, DistFront, 119.27, DistDow, 119.90, DistUp, 122.67
, DistFront, 119.35, DistDow, 119.46, DistUp, 123.03
, DistFront, 119.68, DistDow, 120.31, DistUp, 123.10
, DistFront, 119.68, DistDow, 119.91, DistUp, 123.11
, DistFront, 119.68, DistDow, 119.46, DistUp, 123.61
, DistFront, 119.71, DistDow, 119.49, DistUp, 122.77
, DistFront, 119.34, DistDow, 119.61, DistUp, 124.54
, DistFront, 119.39, DistDow, 119.56, DistUp, 125.75
, DistFront, 119.40, DistDow, 120.48, DistUp, 124.61
, DistFront, 119.56, DistDow, 120.53, DistUp, 123.71
, DistFront, 119.91, DistDow, 120.10, DistUp, 124.30
, DistFront, 119.49, DistDow, 120.17, DistUp, 122.98
, DistFront, 120.77, DistDow, 119.69, DistUp, 123.88
, DistFront, 119.52, DistDow, 119.69, DistUp, 123.74
, DistFrontMean, 119.54, DistDowMean, 119.71, DistUpMean, 127.24
, DistFront, 119.54, DistDow, 120.17, DistUp, 127.16
, DistFront, 119.52, DistDow, 120.14, DistUp, 123.84
, DistFront, 119.52, DistDow, 120.14, DistUp, 124.74
, DistFront, 119.54, DistDow, 120.14, DistUp, 122.98
, DistFront, 119.49, DistDow, 119.66, DistUp, 123.40
, DistFront, 119.85, DistDow, 119.61, DistUp, 124.20
, DistFront, 119.83, DistDow, 120.48, DistUp, 123.28
, DistFront, 119.35, DistDow, 119.56, DistUp, 123.25
, DistFront, 119.32, DistDow, 120.41, DistUp, 124.88
, DistFront, 119.74, DistDow, 119.95, DistUp, 124.42
, DistFront, 119.27, DistDow, 119.05, DistUp, 123.13
, DistFront, 120.12, DistDow, 120.34, DistUp, 122.69
, DistFront, 120.05, DistDow, 119.46, DistUp, 123.13
, DistFront, 119.68, DistDow, 119.46, DistUp, 123.18
, DistFront, 119.23, DistDow, 120.31, DistUp, 122.74
, DistFront, 119.66, DistDow, 119.40, DistUp, 123.18
, DistFront, 119.68, DistDow, 119.90, DistUp, 124.05
, DistFront, 120.12, DistDow, 119.56, DistUp, 122.77
, DistFront, 119.27, DistDow, 119.90, DistUp, 123.62
, DistFront, 119.27, DistDow, 119.46, DistUp, 124.03
, DistFrontMean, 119.27, DistDowMean, 119.90, DistUpMean, 123.23
, DistFront, 119.30, DistDow, 119.46, DistUp, 124.10
, DistFront, 119.78, DistDow, 120.32, DistUp, 123.04
, DistFront, 119.23, DistDow, 119.39, DistUp, 122.74
, DistFront, 119.18, DistDow, 120.66, DistUp, 127.24
, DistFront, 119.18, DistDow, 119.34, DistUp, 122.69
, DistFront, 119.13, DistDow, 120.61, DistUp, 125.61
, DistFront, 119.54, DistDow, 119.40, DistUp, 122.98
, DistFront, 119.10, DistDow, 120.56, DistUp, 122.57
, DistFront, 120.32, DistDow, 119.23, DistUp, 122.41
, DistFront, 119.03, DistDow, 120.10, DistUp, 123.38
, DistFront, 119.00, DistDow, 120.20, DistUp, 122.52
, DistFront, 119.47, DistDow, 119.25, DistUp, 122.53
, DistFront, 119.91, DistDow, 119.30, DistUp, 124.98
, DistFront, 118.67, DistDow, 119.74, DistUp, 123.03
, DistFront, 119.13, DistDow, 120.61, DistUp, 122.62
, DistFront, 119.69, DistDow, 119.34, DistUp, 125.54
, DistFront, 119.61, DistDow, 119.40, DistUp, 122.26
, DistFront, 119.69, DistDow, 120.70, DistUp, 122.69
, DistFront, 119.27, DistDow, 119.46, DistUp, 123.18
, DistFront, 119.74, DistDow, 120.37, DistUp, 123.23
, DistFrontMean, 119.74, DistDowMean, 119.52, DistUpMean, 123.23
, DistFront, 119.74, DistDow, 119.49, DistUp, 123.69
, DistFront, 119.34, DistDow, 120.37, DistUp, 122.77
, DistFront, 119.32, DistDow, 119.49, DistUp, 124.49
, DistFront, 119.27, DistDow, 120.37, DistUp, 121.89
, DistFront, 120.07, DistDow, 119.88, DistUp, 123.10
, DistFront, 119.13, DistDow, 119.74, DistUp, 122.89
, DistFront, 119.47, DistDow, 119.66, DistUp, 123.33
, DistFront, 118.88, DistDow, 119.03, DistUp, 121.92
, DistFront, 119.18, DistDow, 118.61, DistUp, 123.89
, DistFront, 118.59, DistDow, 119.68, DistUp, 124.13
, DistFront, 118.42, DistDow, 119.10, DistUp, 123.54
, DistFront, 118.83, DistDow, 119.40, DistUp, 124.12
, DistFront, 119.10, DistDow, 118.83, DistUp, 121.92
, DistFront, 119.20, DistDow, 118.18, DistUp, 122.57
, DistFront, 118.67, DistDow, 118.64, DistUp, 122.45
, DistFront, 117.74, DistDow, 118.42, DistUp, 124.03
, DistFront, 117.64, DistDow, 117.93, DistUp, 120.92
, DistFront, 117.98, DistDow, 117.81, DistUp, 121.67
, DistFront, 117.45, DistDow, 117.69, DistUp, 121.12
, DistFront, 117.33, DistDow, 118.49, DistUp, 120.61
, DistFrontMean, 117.74, DistDowMean, 117.55, DistUpMean, 120.61
, DistFront, 117.69, DistDow, 117.62, DistUp, 120.61
, DistFront, 117.24, DistDow, 117.93, DistUp, 121.31
, DistFront, 117.24, DistDow, 117.57, DistUp, 121.45
, DistFront, 117.21, DistDow, 117.47, DistUp, 121.09
, DistFront, 117.26, DistDow, 118.38, DistUp, 121.17
, DistFront, 117.77, DistDow, 118.03, DistUp, 122.13
, DistFront, 118.28, DistDow, 118.10, DistUp, 121.33
, DistFront, 118.49, DistDow, 117.74, DistUp, 121.02
, DistFront, 118.54, DistDow, 117.99, DistUp, 122.53
, DistFront, 117.82, DistDow, 117.99, DistUp, 122.28
, DistFront, 118.42, DistDow, 118.13, DistUp, 123.28
, DistFront, 118.13, DistDow, 118.28, DistUp, 123.38
, DistFront, 118.62, DistDow, 118.35, DistUp, 123.10
, DistFront, 118.13, DistDow, 118.23, DistUp, 123.33
, DistFront, 118.59, DistDow, 118.61, DistUp, 122.04
, DistFront, 118.49, DistDow, 118.10, DistUp, 121.48
, DistFront, 118.28, DistDow, 118.47, DistUp, 122.69
, DistFront, 117.82, DistDow, 117.99, DistUp, 124.74
, DistFront, 118.23, DistDow, 117.93, DistUp, 123.42
, DistFront, 118.18, DistDow, 117.47, DistUp, 122.53
, DistFrontMean, 118.54, DistDowMean, 118.74, DistUpMean, 122.06
, DistFront, 117.70, DistDow, 118.74, DistUp, 122.53
, DistFront, 118.54, DistDow, 118.28, DistUp, 122.02
, DistFront, 117.67, DistDow, 118.40, DistUp, 123.35
, DistFront, 117.69, DistDow, 119.17, DistUp, 120.77
, DistFront, 118.95, DistDow, 117.87, DistUp, 122.82
, DistFront, 118.25, DistDow, 118.33, DistUp, 121.62
, DistFront, 117.28, DistDow, 118.04, DistUp, 121.21
, DistFront, 117.77, DistDow, 118.84, DistUp, 121.68
, DistFront, 118.23, DistDow, 118.45, DistUp, 121.68
, DistFront, 118.67, DistDow, 117.98, DistUp, 121.70
, DistFront, 117.82, DistDow, 118.03, DistUp, 123.49
, DistFront, 118.28, DistDow, 118.18, DistUp, 123.95
, DistFront, 118.71, DistDow, 119.05, DistUp, 121.80
, DistFront, 118.33, DistDow, 118.10, DistUp, 121.41
, DistFront, 118.78, DistDow, 118.54, DistUp, 121.85
, DistFront, 118.38, DistDow, 118.10, DistUp, 121.48
, DistFront, 117.98, DistDow, 117.67, DistUp, 124.05
, DistFront, 117.98, DistDow, 118.13, DistUp, 121.53
, DistFront, 118.40, DistDow, 118.13, DistUp, 122.38
, DistFront, 117.99, DistDow, 118.59, DistUp, 122.33
, DistFrontMean, 118.45, DistDowMean, 118.18, DistUpMean, 122.38
, DistFront, 117.99, DistDow, 117.76, DistUp, 124.52
, DistFront, 119.30, DistDow, 117.77, DistUp, 124.10
, DistFront, 118.04, DistDow, 118.69, DistUp, 123.25
, DistFront, 118.10, DistDow, 118.71, DistUp, 124.10
, DistFront, 118.96, DistDow, 118.74, DistUp, 122.84
, DistFront, 118.54, DistDow, 118.33, DistUp, 122.04
, DistFront, 119.00, DistDow, 118.33, DistUp, 123.23
, DistFront, 118.16, DistDow, 119.25, DistUp, 121.97
, DistFront, 119.59, DistDow, 118.89, DistUp, 122.98
, DistFront, 119.25, DistDow, 118.42, DistUp, 122.62
, DistFront, 118.78, DistDow, 118.59, DistUp, 123.54
, DistFront, 119.39, DistDow, 118.62, DistUp, 124.46
, DistFront, 119.78, DistDow, 119.18, DistUp, 121.85
, DistFront, 118.67, DistDow, 119.69, DistUp, 124.95
, DistFront, 119.13, DistDow, 119.39, DistUp, 122.57
, DistFront, 118.78, DistDow, 119.10, DistUp, 123.06
, DistFront, 118.89, DistDow, 119.56, DistUp, 122.77
, DistFront, 118.95, DistDow, 119.13, DistUp, 122.41
, DistFront, 119.03, DistDow, 120.10, DistUp, 123.71
, DistFront, 119.06, DistDow, 119.74, DistUp, 123.38
, DistFrontMean, 119.12, DistDowMean, 119.78, DistUpMean, 126.73
, DistFront, 119.18, DistDow, 119.85, DistUp, 122.67
, DistFront, 119.68, DistDow, 120.31, DistUp, 123.18
, DistFront, 119.32, DistDow, 119.49, DistUp, 122.82
, DistFront, 119.81, DistDow, 119.54, DistUp, 122.76
, DistFront, 119.88, DistDow, 120.49, DistUp, 122.91
, DistFront, 119.91, DistDow, 120.56, DistUp, 124.27
, DistFront, 120.37, DistDow, 119.69, DistUp, 122.98
, DistFront, 120.83, DistDow, 120.61, DistUp, 126.84
, DistFront, 119.59, DistDow, 119.76, DistUp, 128.11
, DistFront, 119.56, DistDow, 120.20, DistUp, 123.33
, DistFront, 119.98, DistDow, 121.04, DistUp, 124.23
, DistFront, 119.49, DistDow, 119.66, DistUp, 123.67
, DistFront, 119.46, DistDow, 120.05, DistUp, 123.33
, DistFront, 119.83, DistDow, 119.54, DistUp, 122.38
, DistFront, 119.83, DistDow, 120.37, DistUp, 123.06
, DistFront, 119.18, DistDow, 119.34, DistUp, 123.89
, DistFront, 119.47, DistDow, 119.69, DistUp, 125.03
, DistFront, 119.78, DistDow, 119.10, DistUp, 124.88
, DistFront, 119.32, DistDow, 119.85, DistUp, 121.73
, DistFront, 119.18, DistDow, 119.30, DistUp, 122.02
, DistFrontMean, 118.98, DistDowMean, 118.45, DistUpMean, 122.38
, DistFront, 118.47, DistDow, 119.13, DistUp, 124.42
, DistFront, 118.35, DistDow, 119.46, DistUp, 123.03
, DistFront, 118.23, DistDow, 119.76, DistUp, 122.02
, DistFront, 118.11, DistDow, 117.91, DistUp, 123.64
, DistFront, 118.47, DistDow, 119.54, DistUp, 121.82
, DistFront, 117.91, DistDow, 117.74, DistUp, 121.26
, DistFront, 118.27, DistDow, 118.54, DistUp, 121.62
, DistFront, 117.77, DistDow, 118.45, DistUp, 121.11
, DistFront, 117.70, DistDow, 117.48, DistUp, 120.77
, DistFront, 117.77, DistDow, 117.89, DistUp, 122.38
, DistFront, 117.67, DistDow, 117.45, DistUp, 121.05
, DistFront, 117.69, DistDow, 118.40, DistUp, 123.67
, DistFront, 117.74, DistDow, 117.98, DistUp, 122.47
, DistFront, 117.89, DistDow, 118.89, DistUp, 120.77
, DistFront, 117.82, DistDow, 118.06, DistUp, 120.82
, DistFront, 118.74, DistDow, 117.77, DistUp, 122.57
, DistFront, 117.93, DistDow, 118.18, DistUp, 122.62
, DistFront, 117.98, DistDow, 118.62, DistUp, 121.38
, DistFront, 118.96, DistDow, 119.10, DistUp, 121.34
, DistFront, 117.98, DistDow, 119.10, DistUp, 121.41
, DistFrontMean, 117.98, DistDowMean, 118.23, DistUpMean, 121.82
, DistFront, 118.84, DistDow, 118.69, DistUp, 121.38
, DistFront, 117.55, DistDow, 118.35, DistUp, 121.38
, DistFront, 118.42, DistDow, 118.23, DistUp, 120.97
, DistFront, 117.99, DistDow, 118.23, DistUp, 121.38
, DistFront, 117.64, DistDow, 119.12, DistUp, 121.77
, DistFront, 117.93, DistDow, 118.64, DistUp, 122.21
, DistFront, 117.98, DistDow, 118.28, DistUp, 121.38
, DistFront, 118.40, DistDow, 118.62, DistUp, 123.91
, DistFront, 118.38, DistDow, 117.74, DistUp, 121.38
, DistFront, 117.93, DistDow, 118.20, DistUp, 121.38
, DistFront, 117.96, DistDow, 119.46, DistUp, 121.38
, DistFront, 117.93, DistDow, 118.69, DistUp, 121.80
, DistFront, 117.91, DistDow, 117.70, DistUp, 121.77
, DistFront, 119.18, DistDow, 118.13, DistUp, 121.38
, DistFront, 117.57, DistDow, 118.16, DistUp, 122.21
, DistFront, 117.93, DistDow, 117.77, DistUp, 122.21
, DistFront, 118.38, DistDow, 119.46, DistUp, 121.38
, DistFront, 117.98, DistDow, 118.18, DistUp, 122.26
, DistFront, 117.98, DistDow, 118.64, DistUp, 122.70
, DistFront, 118.13, DistDow, 118.25, DistUp, 122.31
, DistFrontMean, 118.04, DistDowMean, 118.28, DistUpMean, 121.90
, DistFront, 118.49, DistDow, 118.74, DistUp, 121.97
, DistFront, 118.62, DistDow, 118.33, DistUp, 122.41
, DistFront, 118.98, DistDow, 118.81, DistUp, 124.13
, DistFront, 118.69, DistDow, 119.69, DistUp, 121.56
, DistFront, 119.46, DistDow, 117.98, DistUp, 122.89
, DistFront, 118.18, DistDow, 119.30, DistUp, 121.56
, DistFront, 119.05, DistDow, 119.30, DistUp, 121.56
, DistFront, 118.25, DistDow, 118.83, DistUp, 122.41
, DistFront, 118.23, DistDow, 117.93, DistUp, 121.97
, DistFront, 118.06, DistDow, 117.87, DistUp, 121.50
, DistFront, 118.52, DistDow, 117.98, DistUp, 121.46
, DistFront, 118.06, DistDow, 119.69, DistUp, 122.77
, DistFront, 118.13, DistDow, 118.40, DistUp, 121.89
, DistFront, 118.47, DistDow, 118.74, DistUp, 122.33
, DistFront, 118.10, DistDow, 119.18, DistUp, 121.48
, DistFront, 117.69, DistDow, 118.83, DistUp, 121.97
, DistFront, 118.74, DistDow, 118.49, DistUp, 122.06
, DistFront, 118.71, DistDow, 119.00, DistUp, 122.62
, DistFront, 118.42, DistDow, 119.56, DistUp, 121.39
, DistFront, 118.52, DistDow, 119.32, DistUp, 121.53
, DistFrontMean, 119.42, DistDowMean, 119.69, DistUpMean, 123.32
, DistFront, 118.62, DistDow, 118.84, DistUp, 125.83
, DistFront, 119.56, DistDow, 119.00, DistUp, 122.62
, DistFront, 119.23, DistDow, 119.03, DistUp, 123.13
, DistFront, 118.88, DistDow, 119.10, DistUp, 122.40
, DistFront, 119.35, DistDow, 119.25, DistUp, 123.74
, DistFront, 119.88, DistDow, 119.68, DistUp, 122.93
, DistFront, 119.06, DistDow, 120.14, DistUp, 123.38
, DistFront, 119.54, DistDow, 119.30, DistUp, 122.41
, DistFront, 119.13, DistDow, 119.34, DistUp, 122.53
, DistFront, 119.13, DistDow, 119.34, DistUp, 122.09
, DistFront, 119.12, DistDow, 120.37, DistUp, 121.63
, DistFront, 119.17, DistDow, 119.34, DistUp, 122.89
, DistFront, 119.23, DistDow, 119.34, DistUp, 122.04
, DistFront, 119.52, DistDow, 119.81, DistUp, 122.45
, DistFront, 119.03, DistDow, 119.30, DistUp, 124.13
, DistFront, 119.03, DistDow, 119.30, DistUp, 122.45
, DistFront, 119.03, DistDow, 118.83, DistUp, 122.82
, DistFront, 119.88, DistDow, 119.85, DistUp, 122.38
, DistFront, 119.40, DistDow, 119.68, DistUp, 122.38
, DistFront, 118.98, DistDow, 119.25, DistUp, 122.38
, DistFrontMean, 119.40, DistDowMean, 119.23, DistUpMean, 124.06
, DistFront, 119.40, DistDow, 118.78, DistUp, 122.77
, DistFront, 119.35, DistDow, 119.66, DistUp, 123.18
, DistFront, 119.39, DistDow, 119.71, DistUp, 122.76
, DistFront, 118.91, DistDow, 119.17, DistUp, 122.74
, DistFront, 118.91, DistDow, 119.61, DistUp, 122.26
, DistFront, 119.42, DistDow, 119.13, DistUp, 121.82
, DistFront, 118.98, DistDow, 118.64, DistUp, 123.10
, DistFront, 118.88, DistDow, 118.69, DistUp, 122.18
, DistFront, 118.96, DistDow, 120.02, DistUp, 123.40
, DistFront, 118.88, DistDow, 119.13, DistUp, 122.96
, DistFront, 118.88, DistDow, 119.18, DistUp, 122.64
, DistFront, 118.88, DistDow, 119.63, DistUp, 121.77
, DistFront, 119.35, DistDow, 120.10, DistUp, 121.82
, DistFront, 118.52, DistDow, 119.23, DistUp, 123.10
, DistFront, 118.96, DistDow, 120.17, DistUp, 122.21
, DistFront, 118.98, DistDow, 119.39, DistUp, 121.82
, DistFront, 119.39, DistDow, 120.14, DistUp, 122.69
, DistFront, 118.91, DistDow, 120.10, DistUp, 121.77
, DistFront, 118.96, DistDow, 120.10, DistUp, 121.31
, DistFront, 118.98, DistDow, 119.63, DistUp, 121.31
, DistFrontMean, 118.88, DistDowMean, 119.69, DistUpMean, 121.73
, DistFront, 119.27, DistDow, 119.98, DistUp, 123.42
, DistFront, 118.78, DistDow, 119.95, DistUp, 121.68
, DistFront, 119.61, DistDow, 119.03, DistUp, 124.23
, DistFront, 118.71, DistDow, 119.90, DistUp, 122.02
, DistFront, 119.98, DistDow, 119.46, DistUp, 121.62
, DistFront, 118.28, DistDow, 119.90, DistUp, 123.32
, DistFront, 119.17, DistDow, 119.90, DistUp, 122.81
, DistFront, 119.17, DistDow, 119.42, DistUp, 122.04
, DistFront, 119.23, DistDow, 119.49, DistUp, 122.53
, DistFront, 119.68, DistDow, 120.10, DistUp, 122.11
, DistFront, 118.88, DistDow, 119.59, DistUp, 122.18
, DistFront, 118.95, DistDow, 119.63, DistUp, 122.24
, DistFront, 119.42, DistDow, 119.69, DistUp, 122.33
, DistFront, 119.49, DistDow, 120.19, DistUp, 123.59
, DistFront, 119.54, DistDow, 119.78, DistUp, 122.89
, DistFront, 119.13, DistDow, 119.46, DistUp, 122.89
, DistFront, 119.63, DistDow, 119.46, DistUp, 123.83
, DistFront, 119.25, DistDow, 120.82, DistUp, 124.30
, DistFront, 119.27, DistDow, 120.39, DistUp, 122.16
, DistFront, 119.30, DistDow, 119.66, DistUp, 122.13
, DistFrontMean, 119.74, DistDowMean, 120.46, DistUpMean, 122.60
, DistFront, 119.71, DistDow, 120.05, DistUp, 122.13
, DistFront, 119.30, DistDow, 119.56, DistUp, 122.93
, DistFront, 118.83, DistDow, 120.02, DistUp, 122.45
, DistFront, 119.20, DistDow, 120.02, DistUp, 122.84
, DistFront, 119.18, DistDow, 119.47, DistUp, 122.76
, DistFront, 119.97, DistDow, 120.37, DistUp, 123.59
, DistFront, 119.49, DistDow, 119.39, DistUp, 121.73
, DistFront, 118.95, DistDow, 120.17, DistUp, 122.09
, DistFront, 119.27, DistDow, 120.07, DistUp, 121.96
, DistFront, 119.17, DistDow, 119.66, DistUp, 121.85
, DistFront, 119.91, DistDow, 119.49, DistUp, 122.64
, DistFront, 118.55, DistDow, 118.96, DistUp, 120.82
, DistFront, 118.52, DistDow, 119.35, DistUp, 120.73
, DistFront, 118.42, DistDow, 119.69, DistUp, 121.09
, DistFront, 118.33, DistDow, 118.83, DistUp, 120.97
, DistFront, 118.27, DistDow, 119.56, DistUp, 120.85
, DistFront, 118.62, DistDow, 119.05, DistUp, 120.37
, DistFront, 118.25, DistDow, 118.98, DistUp, 122.02
, DistFront, 118.10, DistDow, 119.35, DistUp, 121.53
, DistFront, 118.45, DistDow, 119.81, DistUp, 121.04
, DistFrontMean, 117.96, DistDowMean, 118.83, DistUpMean, 120.97
, DistFront, 118.76, DistDow, 118.81, DistUp, 120.49
, DistFront, 118.28, DistDow, 119.25, DistUp, 122.18
, DistFront, 117.84, DistDow, 118.25, DistUp, 120.02
, DistFront, 117.77, DistDow, 118.20, DistUp, 120.88
, DistFront, 117.89, DistDow, 118.18, DistUp, 120.85
, DistFront, 117.81, DistDow, 118.27, DistUp, 120.48
, DistFront, 117.77, DistDow, 118.13, DistUp, 120.92
, DistFront, 118.33, DistDow, 118.59, DistUp, 120.53
, DistFront, 118.69, DistDow, 118.28, DistUp, 121.02
, DistFront, 118.71, DistDow, 118.23, DistUp, 121.02
, DistFront, 118.78, DistDow, 118.76, DistUp, 120.66
, DistFront, 118.55, DistDow, 118.83, DistUp, 121.17
, DistFront, 118.10, DistDow, 118.42, DistUp, 120.75
, DistFront, 118.13, DistDow, 118.95, DistUp, 121.26
, DistFront, 118.23, DistDow, 118.59, DistUp, 121.77
, DistFront, 118.27, DistDow, 118.62, DistUp, 123.03
, DistFront, 118.32, DistDow, 119.13, DistUp, 121.80
, DistFront, 118.47, DistDow, 119.61, DistUp, 121.48
, DistFront, 118.47, DistDow, 118.76, DistUp, 121.09
, DistFront, 118.06, DistDow, 118.78, DistUp, 121.56
, DistFrontMean, 118.42, DistDowMean, 119.23, DistUpMean, 122.47
, DistFront, 118.88, DistDow, 119.23, DistUp, 122.47
, DistFront, 118.42, DistDow, 119.66, DistUp, 122.93
, DistFront, 118.42, DistDow, 118.81, DistUp, 121.63
, DistFront, 118.83, DistDow, 118.74, DistUp, 121.62
, DistFront, 118.42, DistDow, 118.74, DistUp, 122.93
, DistFront, 118.83, DistDow, 119.61, DistUp, 121.63
, DistFront, 118.83, DistDow, 119.17, DistUp, 122.04
, DistFront, 118.32, DistDow, 119.54, DistUp, 121.12
, DistFront, 118.74, DistDow, 118.74, DistUp, 121.48
, DistFront, 118.28, DistDow, 118.62, DistUp, 121.48
, DistFront, 118.69, DistDow, 119.05, DistUp, 122.74
, DistFront, 118.20, DistDow, 119.00, DistUp, 120.60
, DistFront, 118.69, DistDow, 118.47, DistUp, 120.95
, DistFront, 119.39, DistDow, 118.42, DistUp, 121.77
, DistFront, 118.06, DistDow, 118.49, DistUp, 122.13
, DistFront, 118.42, DistDow, 118.33, DistUp, 120.32
, DistFront, 118.38, DistDow, 119.13, DistUp, 119.95
, DistFront, 117.89, DistDow, 119.10, DistUp, 121.02
, DistFront, 118.23, DistDow, 118.25, DistUp, 120.12
, DistFront, 118.20, DistDow, 118.54, DistUp, 122.24
, DistFrontMean, 117.84, DistDowMean, 118.47, DistUpMean, 121.33
, DistFront, 117.67, DistDow, 118.06, DistUp, 121.73
, DistFront, 117.64, DistDow, 117.93, DistUp, 120.43
, DistFront, 117.69, DistDow, 118.32, DistUp, 120.77
, DistFront, 117.53, DistDow, 119.17, DistUp, 119.88
, DistFront, 117.89, DistDow, 117.77, DistUp, 120.39
, DistFront, 118.27, DistDow, 118.18, DistUp, 120.24
, DistFront, 117.38, DistDow, 117.69, DistUp, 120.17
, DistFront, 117.45, DistDow, 117.67, DistUp, 120.12
, DistFront, 117.74, DistDow, 119.05, DistUp, 120.99
, DistFront, 117.28, DistDow, 118.52, DistUp, 120.05
, DistFront, 117.35, DistDow, 118.47, DistUp, 120.92
, DistFront, 117.28, DistDow, 118.13, DistUp, 120.92
, DistFront, 116.84, DistDow, 117.57, DistUp, 120.07
, DistFront, 117.70, DistDow, 118.47, DistUp, 120.53
, DistFront, 118.13, DistDow, 118.03, DistUp, 120.54
, DistFront, 117.31, DistDow, 118.88, DistUp, 121.09
, DistFront, 117.40, DistDow, 118.47, DistUp, 120.10
, DistFront, 117.28, DistDow, 118.47, DistUp, 120.12
, DistFront, 117.28, DistDow, 118.49, DistUp, 120.97
, DistFront, 117.28, DistDow, 117.74, DistUp, 120.12
, DistFrontMean, 117.41, DistDowMean, 117.60, DistUpMean, 120.53
, DistFront, 117.28, DistDow, 118.06, DistUp, 121.38
, DistFront, 117.69, DistDow, 118.06, DistUp, 120.48
, DistFront, 117.28, DistDow, 118.59, DistUp, 119.59
, DistFront, 117.28, DistDow, 118.49, DistUp, 119.59
, DistFront, 117.24, DistDow, 117.69, DistUp, 122.13
, DistFront, 117.64, DistDow, 117.53, DistUp, 119.98
, DistFront, 117.60, DistDow, 118.49, DistUp, 120.82
, DistFront, 117.16, DistDow, 117.93, DistUp, 119.91
, DistFront, 117.13, DistDow, 118.33, DistUp, 119.47
, DistFront, 117.53, DistDow, 117.87, DistUp, 120.32
, DistFront, 117.48, DistDow, 118.28, DistUp, 120.73
, DistFront, 117.04, DistDow, 117.38, DistUp, 119.95
, DistFront, 117.02, DistDow, 117.33, DistUp, 120.68
, DistFront, 116.99, DistDow, 117.26, DistUp, 119.88
, DistFront, 117.38, DistDow, 117.82, DistUp, 121.48
, DistFront, 116.96, DistDow, 118.11, DistUp, 119.76
, DistFront, 117.35, DistDow, 118.18, DistUp, 119.71
, DistFront, 116.99, DistDow, 117.62, DistUp, 120.10
, DistFront, 117.69, DistDow, 117.11, DistUp, 120.10
, DistFront, 117.26, DistDow, 117.96, DistUp, 120.92
, DistFrontMean, 116.80, DistDowMean, 117.98, DistUpMean, 119.56
, DistFront, 116.80, DistDow, 117.62, DistUp, 119.17
, DistFront, 117.28, DistDow, 117.06, DistUp, 119.59
, DistFront, 116.73, DistDow, 116.67, DistUp, 120.03
, DistFront, 118.04, DistDow, 114.13, DistUp, 120.88
, DistFront, 116.77, DistDow, 114.63, DistUp, 120.07
, DistFront, 116.82, DistDow, 117.62, DistUp, 121.41
, DistFront, 116.92, DistDow, 117.67, DistUp, 120.61
, DistFront, 117.38, DistDow, 117.74, DistUp, 120.27
, DistFront, 117.04, DistDow, 117.45, DistUp, 120.32
, DistFront, 117.53, DistDow, 117.38, DistUp, 120.82
, DistFront, 117.57, DistDow, 117.98, DistUp, 120.03
, DistFront, 118.06, DistDow, 117.98, DistUp, 120.63
, DistFront, 117.70, DistDow, 118.04, DistUp, 120.56
, DistFront, 117.77, DistDow, 118.52, DistUp, 120.61
, DistFront, 117.93, DistDow, 118.59, DistUp, 121.12
, DistFront, 117.89, DistDow, 118.76, DistUp, 120.27
, DistFront, 118.33, DistDow, 118.23, DistUp, 120.27
, DistFront, 117.53, DistDow, 118.27, DistUp, 121.17
, DistFront, 117.53, DistDow, 118.27, DistUp, 120.78
, DistFront, 117.53, DistDow, 119.18, DistUp, 120.77
, DistFrontMean, 118.45, DistDowMean, 118.78, DistUpMean, 121.24
, DistFront, 117.99, DistDow, 118.33, DistUp, 121.24
, DistFront, 117.60, DistDow, 117.91, DistUp, 120.82
, DistFront, 117.57, DistDow, 118.89, DistUp, 120.37
, DistFront, 117.60, DistDow, 118.81, DistUp, 122.09
, DistFront, 117.69, DistDow, 118.33, DistUp, 122.09
, DistFront, 117.57, DistDow, 118.45, DistUp, 120.77
, DistFront, 117.55, DistDow, 118.33, DistUp, 120.32
, DistFront, 117.64, DistDow, 118.33, DistUp, 121.17
, DistFront, 118.38, DistDow, 118.42, DistUp, 121.14
, DistFront, 117.93, DistDow, 119.13, DistUp, 120.73
, DistFront, 117.91, DistDow, 117.82, DistUp, 121.17
, DistFront, 117.47, DistDow, 117.93, DistUp, 120.73
, DistFront, 118.32, DistDow, 118.69, DistUp, 120.68
, DistFront, 117.98, DistDow, 117.76, DistUp, 120.68
, DistFront, 117.41, DistDow, 117.89, DistUp, 121.97
, DistFront, 117.87, DistDow, 118.25, DistUp, 120.26
, DistFront, 117.53, DistDow, 117.77, DistUp, 121.53
, DistFront, 117.41, DistDow, 117.77, DistUp, 120.24
, DistFront, 117.45, DistDow, 117.77, DistUp, 119.76
, DistFront, 118.69, DistDow, 117.77, DistUp, 121.09
, DistFrontMean, 117.38, DistDowMean, 118.23, DistUpMean, 120.63
, DistFront, 117.82, DistDow, 117.77, DistUp, 120.56
, DistFront, 117.38, DistDow, 118.61, DistUp, 121.04
, DistFront, 118.25, DistDow, 118.59, DistUp, 120.60
, DistFront, 117.38, DistDow, 117.70, DistUp, 120.07
, DistFront, 117.38, DistDow, 117.70, DistUp, 120.53
, DistFront, 117.81, DistDow, 118.69, DistUp, 120.12
, DistFront, 117.81, DistDow, 118.61, DistUp, 120.53
, DistFront, 117.89, DistDow, 117.70, DistUp, 120.56
, DistFront, 117.40, DistDow, 118.18, DistUp, 121.02
, DistFront, 117.48, DistDow, 118.23, DistUp, 120.61
, DistFront, 118.28, DistDow, 117.89, DistUp, 121.09
, DistFront, 118.33, DistDow, 117.82, DistUp, 120.68
, DistFront, 117.60, DistDow, 119.17, DistUp, 120.68
, DistFront, 117.53, DistDow, 118.45, DistUp, 120.26
, DistFront, 117.57, DistDow, 118.33, DistUp, 120.34
, DistFront, 117.69, DistDow, 119.25, DistUp, 121.21
, DistFront, 117.62, DistDow, 118.45, DistUp, 120.39
, DistFront, 118.10, DistDow, 118.91, DistUp, 120.41
, DistFront, 118.13, DistDow, 118.96, DistUp, 121.31
, DistFront, 118.27, DistDow, 118.13, DistUp, 121.38
, DistFrontMean, 117.81, DistDowMean, 119.00, DistUpMean, 121.82
, DistFront, 118.23, DistDow, 118.18, DistUp, 120.12
, DistFront, 117.98, DistDow, 119.10, DistUp, 121.09
, DistFront, 117.91, DistDow, 118.40, DistUp, 120.68
, DistFront, 117.98, DistDow, 117.89, DistUp, 122.02
, DistFront, 117.99, DistDow, 119.25, DistUp, 122.48
, DistFront, 118.47, DistDow, 118.38, DistUp, 120.37
, DistFront, 118.62, DistDow, 118.40, DistUp, 121.73
, DistFront, 118.13, DistDow, 118.49, DistUp, 121.33
, DistFront, 118.18, DistDow, 118.54, DistUp, 120.90
, DistFront, 118.20, DistDow, 119.46, DistUp, 121.02
, DistFront, 118.69, DistDow, 119.46, DistUp, 121.45
, DistFront, 118.38, DistDow, 119.49, DistUp, 121.96
, DistFront, 119.69, DistDow, 119.10, DistUp, 120.68
, DistFront, 118.38, DistDow, 118.25, DistUp, 121.17
, DistFront, 119.27, DistDow, 118.74, DistUp, 122.06
, DistFront, 118.49, DistDow, 119.25, DistUp, 120.82
, DistFront, 118.91, DistDow, 119.30, DistUp, 121.33
, DistFront, 118.54, DistDow, 118.55, DistUp, 122.62
, DistFront, 119.03, DistDow, 119.90, DistUp, 123.91
, DistFront, 118.59, DistDow, 119.35, DistUp, 121.33
, DistFrontMean, 118.98, DistDowMean, 118.88, DistUpMean, 121.31
, DistFront, 118.16, DistDow, 119.30, DistUp, 120.85
, DistFront, 118.10, DistDow, 118.81, DistUp, 121.60
, DistFront, 118.78, DistDow, 119.59, DistUp, 120.99
, DistFront, 118.27, DistDow, 118.64, DistUp, 120.85
, DistFront, 119.49, DistDow, 119.10, DistUp, 120.82
, DistFront, 119.39, DistDow, 119.00, DistUp, 120.68
, DistFront, 118.03, DistDow, 118.42, DistUp, 120.49
, DistFront, 118.27, DistDow, 119.18, DistUp, 121.24
, DistFront, 118.69, DistDow, 118.64, DistUp, 121.12
, DistFront, 117.60, DistDow, 118.06, DistUp, 120.12
, DistFront, 117.93, DistDow, 117.98, DistUp, 120.41
, DistFront, 118.28, DistDow, 119.20, DistUp, 121.21
, DistFront, 116.92, DistDow, 118.27, DistUp, 120.34
, DistFront, 116.89, DistDow, 119.10, DistUp, 119.83
, DistFront, 117.70, DistDow, 118.28, DistUp, 120.26
, DistFront, 117.74, DistDow, 118.64, DistUp, 121.12
, DistFront, 117.38, DistDow, 117.74, DistUp, 119.35
, DistFront, 117.69, DistDow, 118.64, DistUp, 120.27
, DistFront, 117.28, DistDow, 117.62, DistUp, 119.76
, DistFront, 117.60, DistDow, 118.54, DistUp, 119.83
, DistFrontMean, 117.26, DistDowMean, 117.98, DistUpMean, 119.81
, DistFront, 117.16, DistDow, 117.57, DistUp, 120.26
, DistFront, 117.24, DistDow, 117.53, DistUp, 120.68
, DistFront, 117.55, DistDow, 117.09, DistUp, 120.66
, DistFront, 117.19, DistDow, 117.91, DistUp, 121.53
, DistFront, 117.53, DistDow, 118.04, DistUp, 120.66
, DistFront, 116.68, DistDow, 117.06, DistUp, 120.20
, DistFront, 117.13, DistDow, 117.09, DistUp, 120.68
, DistFront, 116.80, DistDow, 117.47, DistUp, 119.30
, DistFront, 117.09, DistDow, 117.06, DistUp, 119.76
, DistFront, 116.80, DistDow, 117.98, DistUp, 120.20
, DistFront, 116.68, DistDow, 117.98, DistUp, 120.68
, DistFront, 117.24, DistDow, 118.84, DistUp, 120.20
, DistFront, 117.19, DistDow, 118.45, DistUp, 119.39
, DistFront, 118.49, DistDow, 118.10, DistUp, 119.85
, DistFront, 117.81, DistDow, 117.67, DistUp, 119.85
, DistFront, 117.70, DistDow, 118.61, DistUp, 120.39
, DistFront, 117.77, DistDow, 118.62, DistUp, 120.07
, DistFront, 117.82, DistDow, 118.67, DistUp, 120.03
, DistFront, 117.87, DistDow, 117.82, DistUp, 120.10
, DistFront, 117.02, DistDow, 117.81, DistUp, 120.05
, DistFrontMean, 117.89, DistDowMean, 117.96, DistUpMean, 120.12
, DistFront, 117.45, DistDow, 118.32, DistUp, 119.66
, DistFront, 117.55, DistDow, 117.82, DistUp, 120.99
, DistFront, 117.87, DistDow, 118.28, DistUp, 121.41
, DistFront, 117.47, DistDow, 118.74, DistUp, 119.68
, DistFront, 117.91, DistDow, 117.82, DistUp, 120.53
, DistFront, 117.89, DistDow, 118.81, DistUp, 120.05
, DistFront, 117.84, DistDow, 119.10, DistUp, 120.46
, DistFront, 117.89, DistDow, 117.74, DistUp, 120.41
, DistFront, 117.31, DistDow, 118.23, DistUp, 120.37
, DistFront, 117.26, DistDow, 117.62, DistUp, 120.70
, DistFront, 117.57, DistDow, 118.13, DistUp, 119.76
, DistFront, 117.09, DistDow, 118.38, DistUp, 119.25
, DistFront, 117.89, DistDow, 117.52, DistUp, 120.49
, DistFront, 118.35, DistDow, 119.10, DistUp, 121.33
, DistFront, 116.89, DistDow, 117.41, DistUp, 119.12
, DistFront, 117.38, DistDow, 117.28, DistUp, 120.37
, DistFront, 116.39, DistDow, 117.21, DistUp, 119.85
, DistFront, 117.19, DistDow, 117.21, DistUp, 120.66
, DistFront, 116.73, DistDow, 117.13, DistUp, 119.42
, DistFront, 116.63, DistDow, 117.62, DistUp, 119.27
, DistFrontMean, 116.75, DistDowMean, 117.93, DistUpMean, 120.10
, DistFront, 117.04, DistDow, 117.93, DistUp, 119.32
, DistFront, 116.53, DistDow, 118.40, DistUp, 118.69
, DistFront, 116.62, DistDow, 117.38, DistUp, 119.12
, DistFront, 117.74, DistDow, 117.33, DistUp, 120.46
, DistFront, 117.28, DistDow, 116.90, DistUp, 118.55
, DistFront, 117.33, DistDow, 116.82, DistUp, 118.95
, DistFront, 116.34, DistDow, 117.24, DistUp, 119.35
, DistFront, 116.73, DistDow, 116.73, DistUp, 121.02
, DistFront, 116.68, DistDow, 117.67, DistUp, 119.25
, DistFront, 117.19, DistDow, 117.53, DistUp, 119.20
, DistFront, 116.19, DistDow, 117.06, DistUp, 120.90
, DistFront, 116.17, DistDow, 116.62, DistUp, 118.88
, DistFront, 117.04, DistDow, 117.48, DistUp, 118.74
, DistFront, 116.19, DistDow, 117.62, DistUp, 119.66
, DistFront, 116.34, DistDow, 116.67, DistUp, 118.84
, DistFront, 116.68, DistDow, 117.18, DistUp, 120.20
, DistFront, 117.60, DistDow, 116.77, DistUp, 118.52
, DistFront, 116.39, DistDow, 117.38, DistUp, 119.46
, DistFront, 116.53, DistDow, 116.85, DistUp, 119.49
, DistFront, 116.48, DistDow, 116.90, DistUp, 120.41
, DistFrontMean, 116.53, DistDowMean, 116.96, DistUpMean, 120.03
, DistFront, 117.11, DistDow, 116.99, DistUp, 119.20
, DistFront, 116.63, DistDow, 117.91, DistUp, 119.68
, DistFront, 116.67, DistDow, 117.67, DistUp, 120.61
, DistFront, 116.75, DistDow, 118.52, DistUp, 118.95
, DistFront, 117.69, DistDow, 117.67, DistUp, 120.75
, DistFront, 116.99, DistDow, 119.05, DistUp, 119.52
, DistFront, 117.38, DistDow, 117.84, DistUp, 120.02
, DistFront, 118.28, DistDow, 118.32, DistUp, 120.53
, DistFront, 117.48, DistDow, 118.38, DistUp, 120.61
, DistFront, 117.16, DistDow, 118.03, DistUp, 119.91
, DistFront, 117.24, DistDow, 118.54, DistUp, 120.31
, DistFront, 117.28, DistDow, 117.67, DistUp, 119.97
, DistFront, 117.89, DistDow, 117.77, DistUp, 121.33
, DistFront, 117.84, DistDow, 118.38, DistUp, 119.61
, DistFront, 117.04, DistDow, 118.33, DistUp, 120.12
, DistFront, 117.96, DistDow, 117.89, DistUp, 119.71
, DistFront, 117.98, DistDow, 118.83, DistUp, 120.61
, DistFront, 117.98, DistDow, 118.38, DistUp, 121.09
, DistFront, 117.64, DistDow, 118.83, DistUp, 121.11
, DistFront, 118.38, DistDow, 117.93, DistUp, 119.71
, DistFrontMean, 117.93, DistDowMean, 118.83, DistUpMean, 120.63
, DistFront, 117.62, DistDow, 117.91, DistUp, 120.63
, DistFront, 117.48, DistDow, 117.87, DistUp, 120.17
, DistFront, 117.89, DistDow, 118.74, DistUp, 120.12
, DistFront, 117.55, DistDow, 118.28, DistUp, 120.53
, DistFront, 116.99, DistDow, 118.67, DistUp, 120.48
, DistFront, 117.40, DistDow, 118.23, DistUp, 120.88
, DistFront, 117.33, DistDow, 118.27, DistUp, 120.43
, DistFront, 117.31, DistDow, 118.59, DistUp, 120.49
, DistFront, 117.28, DistDow, 117.67, DistUp, 119.91
, DistFront, 116.80, DistDow, 118.55, DistUp, 119.98
, DistFront, 117.24, DistDow, 117.74, DistUp, 120.73
, DistFront, 117.62, DistDow, 118.95, DistUp, 120.27
, DistFront, 117.74, DistDow, 118.06, DistUp, 119.76
, DistFront, 117.18, DistDow, 118.03, DistUp, 120.20
, DistFront, 117.60, DistDow, 117.55, DistUp, 120.63
, DistFront, 117.13, DistDow, 117.98, DistUp, 120.19
, DistFront, 118.10, DistDow, 117.98, DistUp, 120.61
, DistFront, 117.11, DistDow, 117.52, DistUp, 119.74
, DistFront, 117.24, DistDow, 118.35, DistUp, 119.32
, DistFront, 117.55, DistDow, 117.98, DistUp, 119.78
, DistFrontMean, 117.11, DistDowMean, 117.96, DistUpMean, 119.78
, DistFront, 117.13, DistDow, 118.42, DistUp, 119.81
, DistFront, 117.60, DistDow, 117.52, DistUp, 120.73
, DistFront, 117.19, DistDow, 118.03, DistUp, 119.90
, DistFront, 118.18, DistDow, 118.47, DistUp, 119.91
, DistFront, 117.28, DistDow, 118.11, DistUp, 119.56
, DistFront, 117.38, DistDow, 118.18, DistUp, 119.63
, DistFront, 117.87, DistDow, 118.78, DistUp, 120.17
, DistFront, 117.93, DistDow, 117.89, DistUp, 119.78
, DistFront, 118.13, DistDow, 117.96, DistUp, 121.60
, DistFront, 117.69, DistDow, 118.13, DistUp, 119.91
, DistFront, 118.98, DistDow, 119.00, DistUp, 122.13
, DistFront, 117.77, DistDow, 118.62, DistUp, 120.92
, DistFront, 117.93, DistDow, 118.18, DistUp, 120.53
, DistFront, 117.87, DistDow, 119.13, DistUp, 120.12
, DistFront, 117.93, DistDow, 118.84, DistUp, 120.61
, DistFront, 117.96, DistDow, 118.33, DistUp, 120.63
, DistFront, 117.98, DistDow, 119.23, DistUp, 122.38
, DistFront, 118.42, DistDow, 118.35, DistUp, 122.40
, DistFront, 119.39, DistDow, 118.38, DistUp, 120.24
, DistFront, 118.16, DistDow, 118.45, DistUp, 121.55
, DistFrontMean, 118.04, DistDowMean, 118.91, DistUpMean, 120.63
, DistFront, 118.04, DistDow, 119.34, DistUp, 120.61
, DistFront, 118.13, DistDow, 118.42, DistUp, 120.63
, DistFront, 117.98, DistDow, 118.96, DistUp, 120.60
, DistFront, 118.38, DistDow, 118.81, DistUp, 120.14
, DistFront, 117.96, DistDow, 118.76, DistUp, 120.63
, DistFront, 117.93, DistDow, 119.59, DistUp, 121.34
, DistFront, 118.23, DistDow, 118.64, DistUp, 121.28
, DistFront, 118.20, DistDow, 118.25, DistUp, 119.91
, DistFront, 117.69, DistDow, 118.10, DistUp, 121.19
, DistFront, 117.67, DistDow, 118.03, DistUp, 120.27
, DistFront, 117.62, DistDow, 118.03, DistUp, 120.24
, DistFront, 117.60, DistDow, 119.27, DistUp, 121.09
, DistFront, 117.24, DistDow, 118.38, DistUp, 120.14
, DistFront, 117.93, DistDow, 117.98, DistUp, 120.54
, DistFront, 117.87, DistDow, 117.82, DistUp, 120.53
, DistFront, 117.91, DistDow, 117.82, DistUp, 120.48
, DistFront, 117.82, DistDow, 118.81, DistUp, 120.02
, DistFront, 117.38, DistDow, 118.23, DistUp, 120.07
, DistFront, 117.77, DistDow, 118.64, DistUp, 119.98
, DistFront, 117.33, DistDow, 118.59, DistUp, 120.39
, DistFrontMean, 117.74, DistDowMean, 117.70, DistUpMean, 120.39
, DistFront, 117.31, DistDow, 118.59, DistUp, 120.37
, DistFront, 117.40, DistDow, 117.67, DistUp, 119.91
, DistFront, 117.28, DistDow, 118.54, DistUp, 119.91
, DistFront, 117.35, DistDow, 117.67, DistUp, 120.37
, DistFront, 117.24, DistDow, 118.54, DistUp, 120.39
, DistFront, 117.40, DistDow, 117.67, DistUp, 120.02
, DistFront, 117.33, DistDow, 117.74, DistUp, 120.88
, DistFront, 117.81, DistDow, 117.74, DistUp, 120.92
, DistFront, 117.84, DistDow, 118.23, DistUp, 120.97
, DistFront, 117.41, DistDow, 117.81, DistUp, 120.07
, DistFront, 117.99, DistDow, 118.27, DistUp, 120.12
, DistFront, 117.87, DistDow, 118.38, DistUp, 120.12
, DistFront, 117.87, DistDow, 117.84, DistUp, 120.99
, DistFront, 117.96, DistDow, 117.82, DistUp, 120.07
, DistFront, 117.45, DistDow, 118.38, DistUp, 120.95
, DistFront, 117.84, DistDow, 118.27, DistUp, 120.92
, DistFront, 116.97, DistDow, 118.27, DistUp, 120.03
, DistFront, 118.69, DistDow, 117.81, DistUp, 120.92
, DistFront, 117.87, DistDow, 117.82, DistUp, 120.95
, DistFront, 117.47, DistDow, 118.83, DistUp, 120.53
, DistFrontMean, 118.74, DistDowMean, 117.87, DistUpMean, 121.45
, DistFront, 118.84, DistDow, 118.32, DistUp, 120.12
, DistFront, 117.96, DistDow, 118.78, DistUp, 120.17
, DistFront, 117.55, DistDow, 118.03, DistUp, 120.63
, DistFront, 118.38, DistDow, 118.83, DistUp, 120.20
, DistFront, 117.57, DistDow, 117.98, DistUp, 119.91
, DistFront, 118.10, DistDow, 118.49, DistUp, 120.34
, DistFront, 117.67, DistDow, 118.95, DistUp, 121.24
, DistFront, 117.67, DistDow, 118.10, DistUp, 121.24
, DistFront, 118.25, DistDow, 118.06, DistUp, 120.82
, DistFront, 118.18, DistDow, 118.59, DistUp, 120.88
, DistFront, 117.77, DistDow, 119.00, DistUp, 120.90
, DistFront, 117.33, DistDow, 118.13, DistUp, 121.02
, DistFront, 117.89, DistDow, 118.13, DistUp, 121.39
, DistFront, 117.38, DistDow, 118.28, DistUp, 121.39
, DistFront, 117.82, DistDow, 118.62, DistUp, 120.54
, DistFront, 117.84, DistDow, 118.69, DistUp, 120.54
, DistFront, 117.93, DistDow, 118.23, DistUp, 120.97
, DistFront, 118.28, DistDow, 118.33, DistUp, 120.97
, DistFront, 117.82, DistDow, 118.67, DistUp, 120.12
, DistFront, 117.82, DistDow, 118.69, DistUp, 120.54
, DistFrontMean, 118.28, DistDowMean, 119.54, DistUpMean, 120.99
, DistFront, 117.84, DistDow, 118.67, DistUp, 120.54
, DistFront, 117.84, DistDow, 118.23, DistUp, 120.24
, DistFront, 117.82, DistDow, 118.23, DistUp, 120.12
, DistFront, 118.28, DistDow, 118.23, DistUp, 120.12
, DistFront, 117.89, DistDow, 118.23, DistUp, 121.04
, DistFront, 117.98, DistDow, 119.13, DistUp, 121.53
, DistFront, 117.93, DistDow, 118.27, DistUp, 120.68
, DistFront, 119.23, DistDow, 119.18, DistUp, 121.17
, DistFront, 117.57, DistDow, 119.23, DistUp, 120.77
, DistFront, 118.10, DistDow, 119.30, DistUp, 121.31
, DistFront, 118.59, DistDow, 119.39, DistUp, 121.80
, DistFront, 118.33, DistDow, 119.05, DistUp, 121.48
, DistFront, 118.89, DistDow, 118.69, DistUp, 122.45
, DistFront, 118.98, DistDow, 118.78, DistUp, 122.96
, DistFront, 118.62, DistDow, 119.32, DistUp, 121.33
, DistFront, 118.74, DistDow, 118.98, DistUp, 122.28
, DistFront, 118.74, DistDow, 119.97, DistUp, 121.38
, DistFront, 119.63, DistDow, 120.02, DistUp, 121.12
, DistFront, 119.27, DistDow, 119.18, DistUp, 122.06
, DistFront, 118.91, DistDow, 120.14, DistUp, 123.42
, DistFrontMean, 119.35, DistDowMean, 119.74, DistUpMean, 123.45
, DistFront, 119.00, DistDow, 120.20, DistUp, 121.33
, DistFront, 118.59, DistDow, 119.34, DistUp, 122.67
, DistFront, 119.03, DistDow, 119.90, DistUp, 122.24
, DistFront, 119.00, DistDow, 119.30, DistUp, 121.39
, DistFront, 119.40, DistDow, 120.14, DistUp, 122.24
, DistFront, 119.83, DistDow, 119.27, DistUp, 121.77
, DistFront, 118.98, DistDow, 120.61, DistUp, 122.69
, DistFront, 119.42, DistDow, 120.20, DistUp, 122.28
, DistFront, 119.17, DistDow, 119.78, DistUp, 122.28
, DistFront, 119.49, DistDow, 120.70, DistUp, 121.84
, DistFront, 119.06, DistDow, 119.39, DistUp, 121.90
, DistFront, 120.41, DistDow, 119.91, DistUp, 121.96
, DistFront, 119.30, DistDow, 119.95, DistUp, 121.97
, DistFront, 120.12, DistDow, 120.05, DistUp, 122.04
, DistFront, 119.30, DistDow, 120.60, DistUp, 122.60
, DistFront, 119.46, DistDow, 120.10, DistUp, 122.13
, DistFront, 119.35, DistDow, 120.14, DistUp, 125.54
, DistFront, 119.35, DistDow, 119.69, DistUp, 123.35
, DistFront, 119.30, DistDow, 120.14, DistUp, 122.38
, DistFront, 119.25, DistDow, 120.53, DistUp, 123.18
, DistFrontMean, 119.66, DistDowMean, 120.53, DistUpMean, 122.74
, DistFront, 119.20, DistDow, 119.59, DistUp, 121.84
, DistFront, 119.56, DistDow, 119.49, DistUp, 122.62
, DistFront, 119.00, DistDow, 119.35, DistUp, 121.68
, DistFront, 119.34, DistDow, 120.17, DistUp, 122.02
, DistFront, 119.32, DistDow, 119.20, DistUp, 124.46
, DistFront, 118.81, DistDow, 120.03, DistUp, 121.92
, DistFront, 119.52, DistDow, 119.46, DistUp, 122.69
, DistFront, 118.54, DistDow, 118.84, DistUp, 122.18
, DistFront, 118.40, DistDow, 118.76, DistUp, 122.45
, DistFront, 118.32, DistDow, 119.12, DistUp, 121.45
, DistFront, 118.20, DistDow, 119.40, DistUp, 120.88
, DistFront, 118.04, DistDow, 118.40, DistUp, 121.14
, DistFront, 117.98, DistDow, 119.10, DistUp, 120.56
, DistFront, 117.74, DistDow, 118.10, DistUp, 120.41
, DistFront, 117.60, DistDow, 119.27, DistUp, 121.12
, DistFront, 117.45, DistDow, 118.28, DistUp, 120.54
, DistFront, 117.82, DistDow, 117.21, DistUp, 120.41
, DistFront, 117.57, DistDow, 117.98, DistUp, 121.12
, DistFront, 117.89, DistDow, 117.89, DistUp, 120.14
, DistFront, 117.38, DistDow, 117.45, DistUp, 120.03
, DistFrontMean, 117.45, DistDowMean, 117.77, DistUpMean, 120.88
, DistFront, 118.13, DistDow, 117.38, DistUp, 120.41
, DistFront, 116.84, DistDow, 117.69, DistUp, 121.26
, DistFront, 117.28, DistDow, 118.23, DistUp, 119.56
, DistFront, 116.89, DistDow, 117.26, DistUp, 119.17
, DistFront, 117.35, DistDow, 117.89, DistUp, 120.07
, DistFront, 117.11, DistDow, 117.84, DistUp, 119.27
, DistFront, 117.53, DistDow, 118.04, DistUp, 120.26
, DistFront, 117.19, DistDow, 117.55, DistUp, 120.32
, DistFront, 117.81, DistDow, 118.10, DistUp, 120.82
, DistFront, 117.35, DistDow, 117.84, DistUp, 120.46
, DistFront, 117.84, DistDow, 118.69, DistUp, 120.99
, DistFront, 117.48, DistDow, 117.87, DistUp, 121.09
, DistFront, 117.57, DistDow, 117.91, DistUp, 120.68
, DistFront, 117.60, DistDow, 118.54, DistUp, 120.27
, DistFront, 118.04, DistDow, 118.42, DistUp, 121.19
, DistFront, 117.64, DistDow, 118.91, DistUp, 120.34
, DistFront, 117.62, DistDow, 118.89, DistUp, 120.73
, DistFront, 117.62, DistDow, 118.10, DistUp, 120.26
, DistFront, 117.60, DistDow, 117.98, DistUp, 120.32
, DistFront, 118.10, DistDow, 118.40, DistUp, 121.11
, DistFrontMean, 117.09, DistDowMean, 118.38, DistUpMean, 120.24
, DistFront, 117.52, DistDow, 117.93, DistUp, 121.48
, DistFront, 117.52, DistDow, 118.74, DistUp, 120.56
, DistFront, 117.40, DistDow, 118.76, DistUp, 120.92
, DistFront, 117.35, DistDow, 117.69, DistUp, 119.97
, DistFront, 117.24, DistDow, 117.70, DistUp, 119.88
, DistFront, 117.16, DistDow, 117.53, DistUp, 120.24
, DistFront, 117.04, DistDow, 118.28, DistUp, 119.27
, DistFront, 116.97, DistDow, 117.28, DistUp, 120.05
, DistFront, 116.89, DistDow, 117.33, DistUp, 119.12
, DistFront, 116.96, DistDow, 117.62, DistUp, 119.52
, DistFront, 116.82, DistDow, 118.06, DistUp, 119.97
, DistFront, 117.81, DistDow, 117.64, DistUp, 120.03
, DistFront, 117.69, DistDow, 118.55, DistUp, 120.02
, DistFront, 117.04, DistDow, 118.59, DistUp, 120.97
, DistFront, 116.99, DistDow, 119.20, DistUp, 119.76
, DistFront, 117.09, DistDow, 118.78, DistUp, 119.97
, DistFront, 117.31, DistDow, 118.03, DistUp, 121.28
, DistFront, 118.61, DistDow, 118.59, DistUp, 120.10
, DistFront, 117.45, DistDow, 118.69, DistUp, 121.53
, DistFront, 117.99, DistDow, 119.25, DistUp, 120.73
, DistFrontMean, 117.60, DistDowMean, 118.42, DistUpMean, 120.82
, DistFront, 117.67, DistDow, 118.03, DistUp, 120.41
, DistFront, 118.16, DistDow, 118.54, DistUp, 120.49
, DistFront, 117.89, DistDow, 118.13, DistUp, 121.02
, DistFront, 117.84, DistDow, 118.62, DistUp, 121.48
, DistFront, 118.28, DistDow, 118.78, DistUp, 121.48
, DistFront, 117.89, DistDow, 117.87, DistUp, 120.61
, DistFront, 117.93, DistDow, 118.81, DistUp, 120.68
, DistFront, 117.99, DistDow, 118.40, DistUp, 121.53
, DistFront, 118.03, DistDow, 119.76, DistUp, 120.63
, DistFront, 118.89, DistDow, 118.91, DistUp, 120.66
, DistFront, 119.30, DistDow, 118.42, DistUp, 120.66
, DistFront, 118.04, DistDow, 119.35, DistUp, 121.12
, DistFront, 118.10, DistDow, 119.05, DistUp, 120.75
, DistFront, 118.13, DistDow, 118.49, DistUp, 121.21
, DistFront, 117.67, DistDow, 118.96, DistUp, 122.11
, DistFront, 117.69, DistDow, 118.49, DistUp, 121.26
, DistFront, 117.74, DistDow, 119.83, DistUp, 120.41
, DistFront, 118.59, DistDow, 118.98, DistUp, 120.88
, DistFront, 118.13, DistDow, 120.27, DistUp, 121.33
, DistFront, 119.42, DistDow, 119.46, DistUp, 121.31
, DistFrontMean, 118.18, DistDowMean, 119.46, DistUpMean, 122.21
, DistFront, 118.18, DistDow, 119.03, DistUp, 120.92
, DistFront, 118.64, DistDow, 118.98, DistUp, 122.69
, DistFront, 118.62, DistDow, 119.00, DistUp, 121.41
, DistFront, 118.69, DistDow, 118.54, DistUp, 123.18
, DistFront, 118.25, DistDow, 118.59, DistUp, 123.25
, DistFront, 118.28, DistDow, 119.52, DistUp, 121.53
, DistFront, 118.33, DistDow, 118.64, DistUp, 121.56
, DistFront, 117.93, DistDow, 119.17, DistUp, 121.62
, DistFront, 118.84, DistDow, 118.74, DistUp, 121.17
, DistFront, 118.40, DistDow, 118.69, DistUp, 122.09
, DistFront, 118.38, DistDow, 119.61, DistUp, 121.63
, DistFront, 118.38, DistDow, 119.66, DistUp, 121.19
, DistFront, 118.33, DistDow, 118.64, DistUp, 120.73
, DistFront, 118.32, DistDow, 119.05, DistUp, 121.97
, DistFront, 118.69, DistDow, 118.98, DistUp, 120.63
, DistFront, 118.59, DistDow, 118.96, DistUp, 122.28
, DistFront, 118.98, DistDow, 118.98, DistUp, 121.80
, DistFront, 117.62, DistDow, 118.38, DistUp, 122.18
, DistFront, 118.49, DistDow, 118.49, DistUp, 122.60
, DistFront, 118.03, DistDow, 118.49, DistUp, 121.73
, DistFrontMean, 118.04, DistDowMean, 118.84, DistUpMean, 120.48
, DistFront, 118.03, DistDow, 118.38, DistUp, 120.82
, DistFront, 117.98, DistDow, 118.81, DistUp, 121.21
, DistFront, 117.98, DistDow, 119.20, DistUp, 120.82
, DistFront, 118.42, DistDow, 118.33, DistUp, 121.28
, DistFront, 117.60, DistDow, 118.81, DistUp, 121.26
, DistFront, 118.04, DistDow, 118.78, DistUp, 122.02
, DistFront, 118.59, DistDow, 118.33, DistUp, 120.43
, DistFront, 118.10, DistDow, 119.25, DistUp, 122.18
, DistFront, 118.10, DistDow, 118.84, DistUp, 121.34
, DistFront, 118.54, DistDow, 119.30, DistUp, 122.24
, DistFront, 118.13, DistDow, 118.89, DistUp, 121.41
, DistFront, 118.61, DistDow, 119.35, DistUp, 121.48
, DistFront, 118.64, DistDow, 118.49, DistUp, 122.77
, DistFront, 118.69, DistDow, 118.55, DistUp, 121.96
, DistFront, 118.32, DistDow, 119.49, DistUp, 121.56
, DistFront, 118.40, DistDow, 119.13, DistUp, 122.93
, DistFront, 118.84, DistDow, 119.18, DistUp, 122.57
, DistFront, 119.00, DistDow, 119.25, DistUp, 121.31
, DistFront, 119.05, DistDow, 119.71, DistUp, 121.73
, DistFront, 118.49, DistDow, 119.69, DistUp, 122.18
, DistFrontMean, 118.54, DistDowMean, 118.84, DistUpMean, 121.73
, DistFront, 118.54, DistDow, 119.30, DistUp, 122.60
, DistFront, 118.49, DistDow, 120.14, DistUp, 120.77
, DistFront, 119.74, DistDow, 119.30, DistUp, 122.09
, DistFront, 118.45, DistDow, 119.23, DistUp, 121.17
, DistFront, 118.42, DistDow, 119.20, DistUp, 122.48
, DistFront, 118.40, DistDow, 119.18, DistUp, 120.68
, DistFront, 118.81, DistDow, 119.13, DistUp, 121.05
, DistFront, 119.59, DistDow, 118.62, DistUp, 121.48
, DistFront, 118.28, DistDow, 119.06, DistUp, 121.04
, DistFront, 118.28, DistDow, 119.10, DistUp, 120.60
, DistFront, 119.10, DistDow, 118.64, DistUp, 121.41
, DistFront, 118.20, DistDow, 118.64, DistUp, 120.56
, DistFront, 118.62, DistDow, 119.00, DistUp, 121.82
, DistFront, 118.20, DistDow, 119.85, DistUp, 121.45
, DistFront, 118.62, DistDow, 119.40, DistUp, 120.97
, DistFront, 118.18, DistDow, 118.52, DistUp, 120.95
, DistFront, 118.18, DistDow, 119.00, DistUp, 120.60
, DistFront, 119.10, DistDow, 118.54, DistUp, 121.89
, DistFront, 118.23, DistDow, 119.46, DistUp, 122.24
, DistFront, 118.28, DistDow, 119.47, DistUp, 121.09
, DistFrontMean, 118.74, DistDowMean, 119.06, DistUpMean, 121.97
, DistFront, 118.45, DistDow, 119.13, DistUp, 121.12
, DistFront, 118.38, DistDow, 119.13, DistUp, 122.04
, DistFront, 118.83, DistDow, 120.05, DistUp, 122.09
, DistFront, 118.54, DistDow, 119.63, DistUp, 121.21
, DistFront, 118.45, DistDow, 119.66, DistUp, 123.83
, DistFront, 118.45, DistDow, 118.74, DistUp, 122.13
, DistFront, 118.88, DistDow, 119.25, DistUp, 121.28
, DistFront, 118.03, DistDow, 120.10, DistUp, 121.73
, DistFront, 118.45, DistDow, 119.66, DistUp, 121.73
, DistFront, 118.45, DistDow, 119.76, DistUp, 120.82
, DistFront, 119.30, DistDow, 119.30, DistUp, 121.21
, DistFront, 118.83, DistDow, 118.74, DistUp, 122.93
, DistFront, 118.84, DistDow, 119.20, DistUp, 121.17
, DistFront, 118.83, DistDow, 119.20, DistUp, 121.19
, DistFront, 118.45, DistDow, 118.78, DistUp, 122.48
, DistFront, 118.84, DistDow, 119.63, DistUp, 122.04
, DistFront, 118.95, DistDow, 119.63, DistUp, 121.17
, DistFront, 118.49, DistDow, 118.74, DistUp, 120.70
, DistFront, 118.54, DistDow, 118.76, DistUp, 121.56
, DistFront, 118.52, DistDow, 119.18, DistUp, 121.56
, DistFrontMean, 119.25, DistDowMean, 118.74, DistUpMean, 121.60
, DistFront, 118.40, DistDow, 119.18, DistUp, 122.45
, DistFront, 118.38, DistDow, 118.76, DistUp, 121.55
, DistFront, 118.78, DistDow, 120.02, DistUp, 121.99
, DistFront, 118.33, DistDow, 119.13, DistUp, 122.84
, DistFront, 118.35, DistDow, 120.12, DistUp, 121.12
, DistFront, 118.33, DistDow, 119.17, DistUp, 121.53
, DistFront, 119.18, DistDow, 119.13, DistUp, 121.92
, DistFront, 117.99, DistDow, 118.62, DistUp, 121.53
, DistFront, 118.76, DistDow, 119.56, DistUp, 121.55
, DistFront, 119.18, DistDow, 119.10, DistUp, 121.12
, DistFront, 118.32, DistDow, 118.62, DistUp, 121.14
, DistFront, 118.33, DistDow, 118.62, DistUp, 122.89
, DistFront, 118.54, DistDow, 119.13, DistUp, 122.48
, DistFront, 118.84, DistDow, 119.20, DistUp, 121.68
, DistFront, 118.89, DistDow, 118.78, DistUp, 124.59
, DistFront, 118.49, DistDow, 119.30, DistUp, 121.73
, DistFront, 119.78, DistDow, 118.84, DistUp, 122.24
, DistFront, 119.42, DistDow, 119.00, DistUp, 120.97
, DistFront, 118.62, DistDow, 119.49, DistUp, 121.48
, DistFront, 118.64, DistDow, 119.90, DistUp, 121.97
, DistFrontMean, 119.13, DistDowMean, 119.49, DistUpMean, 122.41
, DistFront, 118.74, DistDow, 119.95, DistUp, 122.41
, DistFront, 119.23, DistDow, 119.98, DistUp, 122.48
, DistFront, 118.84, DistDow, 120.07, DistUp, 121.24
, DistFront, 118.55, DistDow, 120.53, DistUp, 121.73
, DistFront, 118.89, DistDow, 119.71, DistUp, 121.73
, DistFront, 119.78, DistDow, 120.26, DistUp, 122.19
, DistFront, 118.95, DistDow, 119.76, DistUp, 122.64
, DistFront, 119.35, DistDow, 119.30, DistUp, 123.10
, DistFront, 120.24, DistDow, 119.30, DistUp, 122.62
, DistFront, 118.96, DistDow, 119.74, DistUp, 121.77
, DistFront, 118.95, DistDow, 119.71, DistUp, 122.13
, DistFront, 118.88, DistDow, 119.25, DistUp, 123.42
, DistFront, 120.14, DistDow, 119.13, DistUp, 122.98
, DistFront, 118.83, DistDow, 119.59, DistUp, 121.17
, DistFront, 118.78, DistDow, 119.56, DistUp, 121.60
, DistFront, 118.78, DistDow, 119.95, DistUp, 121.53
, DistFront, 119.13, DistDow, 119.05, DistUp, 121.48
, DistFront, 118.69, DistDow, 119.00, DistUp, 123.59
, DistFront, 118.62, DistDow, 119.85, DistUp, 121.82
, DistFront, 118.59, DistDow, 119.39, DistUp, 122.24
, DistFrontMean, 118.59, DistDowMean, 118.91, DistUpMean, 121.67
, DistFront, 119.95, DistDow, 118.89, DistUp, 122.18
, DistFront, 118.98, DistDow, 119.76, DistUp, 121.73
, DistFront, 119.39, DistDow, 119.74, DistUp, 121.73
, DistFront, 119.32, DistDow, 119.76, DistUp, 120.83
, DistFront, 118.10, DistDow, 119.35, DistUp, 121.28
, DistFront, 118.54, DistDow, 118.98, DistUp, 121.28
, DistFront, 118.54, DistDow, 119.90, DistUp, 123.04
, DistFront, 118.98, DistDow, 119.78, DistUp, 121.33
, DistFront, 118.71, DistDow, 119.39, DistUp, 121.38
, DistFront, 118.69, DistDow, 119.39, DistUp, 123.13
, DistFront, 118.64, DistDow, 119.40, DistUp, 123.59
, DistFront, 118.64, DistDow, 119.00, DistUp, 122.33
, DistFront, 119.10, DistDow, 119.10, DistUp, 121.48
, DistFront, 118.69, DistDow, 119.10, DistUp, 122.38
, DistFront, 118.69, DistDow, 119.05, DistUp, 122.38
, DistFront, 118.78, DistDow, 119.91, DistUp, 122.74
, DistFront, 118.69, DistDow, 119.90, DistUp, 122.38
, DistFront, 118.69, DistDow, 119.90, DistUp, 121.48
, DistFront, 118.69, DistDow, 119.90, DistUp, 121.92
, DistFront, 118.35, DistDow, 119.90, DistUp, 123.25
, DistFrontMean, 118.71, DistDowMean, 119.05, DistUpMean, 121.92
, DistFront, 118.69, DistDow, 119.49, DistUp, 121.90
, DistFront, 119.17, DistDow, 119.00, DistUp, 122.38
, DistFront, 119.61, DistDow, 119.00, DistUp, 121.97
, DistFront, 118.27, DistDow, 118.64, DistUp, 121.97
, DistFront, 118.76, DistDow, 119.05, DistUp, 121.97
, DistFront, 118.84, DistDow, 119.05, DistUp, 121.53
, DistFront, 119.59, DistDow, 119.05, DistUp, 122.41
, DistFront, 118.71, DistDow, 120.02, DistUp, 123.27
, DistFront, 119.13, DistDow, 119.90, DistUp, 121.53
, DistFront, 118.67, DistDow, 119.46, DistUp, 122.28
, DistFront, 118.62, DistDow, 118.95, DistUp, 121.89
, DistFront, 119.03, DistDow, 119.35, DistUp, 121.41
, DistFront, 118.59, DistDow, 119.76, DistUp, 121.82
, DistFront, 118.54, DistDow, 118.88, DistUp, 122.21
, DistFront, 118.95, DistDow, 119.69, DistUp, 121.77
, DistFront, 118.16, DistDow, 118.78, DistUp, 121.33
, DistFront, 118.55, DistDow, 119.20, DistUp, 121.73
, DistFront, 118.40, DistDow, 119.61, DistUp, 121.21
, DistFront, 118.35, DistDow, 119.13, DistUp, 122.87
, DistFront, 118.74, DistDow, 119.12, DistUp, 121.05
, DistFrontMean, 118.81, DistDowMean, 119.05, DistUpMean, 122.33
, DistFront, 118.64, DistDow, 118.98, DistUp, 121.45
, DistFront, 119.42, DistDow, 118.49, DistUp, 121.38
, DistFront, 118.13, DistDow, 119.34, DistUp, 120.48
, DistFront, 118.54, DistDow, 118.38, DistUp, 120.83
, DistFront, 117.98, DistDow, 118.42, DistUp, 121.63
, DistFront, 118.40, DistDow, 118.38, DistUp, 121.99
, DistFront, 118.28, DistDow, 118.64, DistUp, 121.05
, DistFront, 117.77, DistDow, 118.54, DistUp, 121.41
, DistFront, 118.13, DistDow, 118.03, DistUp, 121.67
, DistFront, 117.76, DistDow, 117.93, DistUp, 120.39
, DistFront, 117.57, DistDow, 118.33, DistUp, 121.63
, DistFront, 117.48, DistDow, 118.32, DistUp, 120.73
, DistFront, 117.48, DistDow, 118.23, DistUp, 120.73
, DistFront, 117.55, DistDow, 118.64, DistUp, 120.68
, DistFront, 117.53, DistDow, 117.70, DistUp, 120.26
, DistFront, 117.45, DistDow, 117.84, DistUp, 120.73
, DistFront, 117.41, DistDow, 117.74, DistUp, 119.83
, DistFront, 117.87, DistDow, 118.20, DistUp, 120.27
, DistFront, 117.47, DistDow, 118.67, DistUp, 121.17
, DistFront, 117.47, DistDow, 117.89, DistUp, 120.77
, DistFrontMean, 117.93, DistDowMean, 118.28, DistUpMean, 120.37
, DistFront, 118.38, DistDow, 118.27, DistUp, 121.21
, DistFront, 117.98, DistDow, 118.84, DistUp, 121.68
, DistFront, 117.57, DistDow, 118.33, DistUp, 120.82
, DistFront, 118.03, DistDow, 118.38, DistUp, 121.73
, DistFront, 118.10, DistDow, 117.93, DistUp, 122.62
, DistFront, 117.77, DistDow, 118.45, DistUp, 121.39
, DistFront, 118.16, DistDow, 118.49, DistUp, 120.99
, DistFront, 117.74, DistDow, 118.95, DistUp, 120.60
, DistFront, 117.81, DistDow, 118.54, DistUp, 122.35
, DistFront, 118.23, DistDow, 119.00, DistUp, 121.92
, DistFront, 118.23, DistDow, 118.06, DistUp, 121.09
, DistFront, 118.23, DistDow, 118.98, DistUp, 120.61
, DistFront, 118.33, DistDow, 118.13, DistUp, 121.53
, DistFront, 117.35, DistDow, 118.20, DistUp, 121.92
, DistFront, 118.23, DistDow, 118.18, DistUp, 121.48
, DistFront, 117.77, DistDow, 118.96, DistUp, 121.85
, DistFront, 118.18, DistDow, 118.04, DistUp, 121.41
, DistFront, 118.13, DistDow, 118.89, DistUp, 121.38
, DistFront, 117.81, DistDow, 117.99, DistUp, 120.92
, DistFront, 118.06, DistDow, 118.42, DistUp, 120.92
, DistFrontMean, 117.62, DistDowMean, 118.42, DistUpMean, 120.02
, DistFront, 118.10, DistDow, 117.98, DistUp, 120.88
, DistFront, 118.59, DistDow, 118.38, DistUp, 120.43
, DistFront, 118.04, DistDow, 118.78, DistUp, 121.26
, DistFront, 117.60, DistDow, 118.33, DistUp, 120.37
, DistFront, 117.53, DistDow, 118.28, DistUp, 120.73
, DistFront, 117.48, DistDow, 117.82, DistUp, 119.83
, DistFront, 118.71, DistDow, 118.25, DistUp, 120.20
, DistFront, 117.84, DistDow, 118.18, DistUp, 120.63
, DistFront, 118.71, DistDow, 117.67, DistUp, 121.02
, DistFront, 118.18, DistDow, 118.95, DistUp, 120.56
, DistFront, 117.33, DistDow, 118.95, DistUp, 120.17
, DistFront, 117.33, DistDow, 117.64, DistUp, 121.02
, DistFront, 117.35, DistDow, 117.62, DistUp, 121.04
, DistFront, 117.33, DistDow, 118.10, DistUp, 119.76
, DistFront, 117.89, DistDow, 118.54, DistUp, 120.68
, DistFront, 117.82, DistDow, 118.59, DistUp, 120.26
, DistFront, 117.45, DistDow, 117.70, DistUp, 121.17
, DistFront, 117.48, DistDow, 118.69, DistUp, 121.21
, DistFront, 117.60, DistDow, 118.74, DistUp, 121.28
, DistFront, 117.70, DistDow, 117.91, DistUp, 120.88
, DistFrontMean, 117.67, DistDowMean, 117.98, DistUpMean, 120.92
, DistFront, 118.11, DistDow, 118.49, DistUp, 121.05
, DistFront, 117.40, DistDow, 118.10, DistUp, 120.60
, DistFront, 117.77, DistDow, 118.25, DistUp, 121.50
, DistFront, 118.32, DistDow, 118.62, DistUp, 122.40
, DistFront, 117.89, DistDow, 118.25, DistUp, 121.12
, DistFront, 117.93, DistDow, 118.76, DistUp, 121.56
, DistFront, 118.38, DistDow, 118.78, DistUp, 121.19
, DistFront, 117.99, DistDow, 118.33, DistUp, 120.77
, DistFront, 117.60, DistDow, 118.78, DistUp, 121.17
, DistFront, 118.54, DistDow, 118.33, DistUp, 122.04
, DistFront, 118.84, DistDow, 119.20, DistUp, 121.56
, DistFront, 117.99, DistDow, 118.28, DistUp, 120.68
, DistFront, 118.38, DistDow, 119.13, DistUp, 121.12
, DistFront, 118.74, DistDow, 119.10, DistUp, 121.38
, DistFront, 118.25, DistDow, 118.61, DistUp, 120.99
, DistFront, 117.81, DistDow, 118.10, DistUp, 120.49
, DistFront, 118.10, DistDow, 119.00, DistUp, 120.85
, DistFront, 118.10, DistDow, 118.45, DistUp, 119.97
, DistFront, 118.47, DistDow, 118.42, DistUp, 122.53
, DistFront, 118.61, DistDow, 117.98, DistUp, 120.82
, DistFrontMean, 117.64, DistDowMean, 118.98, DistUpMean, 120.41
, DistFront, 117.67, DistDow, 117.98, DistUp, 121.62
, DistFront, 118.62, DistDow, 118.03, DistUp, 121.33
, DistFront, 118.13, DistDow, 118.95, DistUp, 121.31
, DistFront, 117.74, DistDow, 118.62, DistUp, 120.46
, DistFront, 118.18, DistDow, 118.67, DistUp, 121.38
, DistFront, 117.77, DistDow, 118.23, DistUp, 120.54
, DistFront, 118.25, DistDow, 118.59, DistUp, 120.97
, DistFront, 117.81, DistDow, 118.18, DistUp, 121.70
, DistFront, 118.25, DistDow, 118.61, DistUp, 120.05
, DistFront, 118.62, DistDow, 118.11, DistUp, 121.82
, DistFront, 118.20, DistDow, 118.67, DistUp, 121.41
, DistFront, 118.18, DistDow, 118.20, DistUp, 120.97
, DistFront, 117.76, DistDow, 118.04, DistUp, 122.24
, DistFront, 118.16, DistDow, 118.49, DistUp, 120.05
, DistFront, 117.74, DistDow, 118.04, DistUp, 121.39
, DistFront, 117.76, DistDow, 118.95, DistUp, 121.38
, DistFront, 117.74, DistDow, 118.06, DistUp, 120.97
, DistFront, 118.20, DistDow, 118.64, DistUp, 121.45
, DistFront, 117.74, DistDow, 118.06, DistUp, 122.28
, DistFront, 117.74, DistDow, 118.10, DistUp, 120.60
, DistFrontMean, 117.76, DistDowMean, 118.10, DistUpMean, 121.45
, DistFront, 118.20, DistDow, 118.20, DistUp, 123.54
, DistFront, 117.74, DistDow, 118.95, DistUp, 120.53
, DistFront, 118.98, DistDow, 118.03, DistUp, 120.95
, DistFront, 118.13, DistDow, 118.04, DistUp, 120.92
, DistFront, 117.35, DistDow, 118.49, DistUp, 120.90
, DistFront, 117.81, DistDow, 117.98, DistUp, 122.62
, DistFront, 118.20, DistDow, 117.98, DistUp, 120.46
, DistFront, 117.67, DistDow, 118.54, DistUp, 122.62
, DistFront, 117.64, DistDow, 119.40, DistUp, 120.90
, DistFront, 118.10, DistDow, 118.96, DistUp, 120.02
, DistFront, 117.19, DistDow, 118.84, DistUp, 120.02
, DistFront, 118.04, DistDow, 118.38, DistUp, 120.07
, DistFront, 118.55, DistDow, 118.40, DistUp, 120.37
, DistFront, 117.99, DistDow, 118.78, DistUp, 120.78
, DistFront, 118.03, DistDow, 117.93, DistUp, 121.26
, DistFront, 118.49, DistDow, 117.93, DistUp, 120.02
, DistFront, 117.81, DistDow, 118.91, DistUp, 121.84
, DistFront, 118.32, DistDow, 118.55, DistUp, 120.60
, DistFront, 119.10, DistDow, 118.13, DistUp, 120.66
, DistFront, 117.89, DistDow, 118.67, DistUp, 121.21
, DistFrontMean, 118.38, DistDowMean, 119.17, DistUpMean, 120.82
, DistFront, 118.42, DistDow, 118.33, DistUp, 120.88
, DistFront, 118.13, DistDow, 118.38, DistUp, 121.84
, DistFront, 118.62, DistDow, 119.40, DistUp, 121.12
, DistFront, 118.74, DistDow, 118.64, DistUp, 121.63
, DistFront, 118.45, DistDow, 119.20, DistUp, 121.33
, DistFront, 119.13, DistDow, 119.40, DistUp, 121.05
, DistFront, 119.18, DistDow, 119.56, DistUp, 122.04
, DistFront, 119.39, DistDow, 119.30, DistUp, 121.84
, DistFront, 119.25, DistDow, 119.90, DistUp, 121.55
, DistFront, 119.68, DistDow, 120.03, DistUp, 122.09
, DistFront, 119.39, DistDow, 120.17, DistUp, 122.62
, DistFront, 119.47, DistDow, 119.81, DistUp, 124.42
, DistFront, 120.54, DistDow, 119.95, DistUp, 122.31
, DistFront, 120.07, DistDow, 120.41, DistUp, 123.33
, DistFront, 120.53, DistDow, 120.53, DistUp, 123.40
, DistFront, 120.17, DistDow, 120.56, DistUp, 122.98
, DistFront, 121.02, DistDow, 121.41, DistUp, 122.98
, DistFront, 119.78, DistDow, 120.54, DistUp, 122.99
, DistFront, 119.71, DistDow, 120.97, DistUp, 122.47
, DistFront, 120.24, DistDow, 120.92, DistUp, 122.89
, DistFrontMean, 120.19, DistDowMean, 119.98, DistUpMean, 122.33
, DistFront, 120.05, DistDow, 120.41, DistUp, 121.92
, DistFront, 119.54, DistDow, 120.73, DistUp, 122.26
, DistFront, 119.42, DistDow, 120.20, DistUp, 123.47
, DistFront, 119.34, DistDow, 120.53, DistUp, 122.53
, DistFront, 119.18, DistDow, 119.95, DistUp, 123.67
, DistFront, 119.49, DistDow, 119.35, DistUp, 121.84
, DistFront, 119.39, DistDow, 119.69, DistUp, 123.42
, DistFront, 118.83, DistDow, 119.61, DistUp, 121.19
, DistFront, 118.28, DistDow, 119.00, DistUp, 122.81
, DistFront, 118.74, DistDow, 119.35, DistUp, 121.84
, DistFront, 119.39, DistDow, 118.83, DistUp, 121.77
, DistFront, 118.49, DistDow, 120.12, DistUp, 122.57
, DistFront, 118.84, DistDow, 118.69, DistUp, 121.63
, DistFront, 118.81, DistDow, 119.54, DistUp, 121.17
, DistFront, 119.20, DistDow, 119.20, DistUp, 121.60
, DistFront, 118.74, DistDow, 119.05, DistUp, 123.28
, DistFront, 117.84, DistDow, 119.42, DistUp, 121.97
, DistFront, 118.78, DistDow, 119.00, DistUp, 121.11
, DistFront, 118.64, DistDow, 118.55, DistUp, 121.46
, DistFront, 118.20, DistDow, 118.03, DistUp, 121.48
, DistFrontMean, 118.20, DistDowMean, 119.40, DistUpMean, 121.89
, DistFront, 118.23, DistDow, 118.49, DistUp, 124.46
, DistFront, 118.20, DistDow, 118.49, DistUp, 121.02
, DistFront, 118.20, DistDow, 118.47, DistUp, 121.02
, DistFront, 118.18, DistDow, 118.95, DistUp, 121.02
, DistFront, 118.20, DistDow, 119.39, DistUp, 122.77
, DistFront, 119.06, DistDow, 118.54, DistUp, 120.68
, DistFront, 118.23, DistDow, 118.61, DistUp, 121.12
, DistFront, 118.33, DistDow, 118.62, DistUp, 125.05
, DistFront, 118.40, DistDow, 119.27, DistUp, 121.73
, DistFront, 118.91, DistDow, 119.66, DistUp, 121.82
, DistFront, 118.55, DistDow, 118.84, DistUp, 121.41
, DistFront, 119.10, DistDow, 118.96, DistUp, 122.38
, DistFront, 118.74, DistDow, 119.52, DistUp, 122.06
, DistFront, 118.84, DistDow, 120.17, DistUp, 122.13
, DistFront, 119.49, DistDow, 120.17, DistUp, 121.84
, DistFront, 119.47, DistDow, 120.26, DistUp, 122.35
, DistFront, 119.59, DistDow, 119.42, DistUp, 122.02
, DistFront, 119.18, DistDow, 119.97, DistUp, 123.25
, DistFront, 120.12, DistDow, 119.69, DistUp, 122.57
, DistFront, 119.78, DistDow, 119.66, DistUp, 122.64
, DistFrontMean, 119.39, DistDowMean, 120.14, DistUpMean, 123.96
, DistFront, 120.27, DistDow, 120.60, DistUp, 123.03
, DistFront, 120.32, DistDow, 120.66, DistUp, 124.03
, DistFront, 120.03, DistDow, 120.27, DistUp, 122.24
, DistFront, 119.97, DistDow, 120.31, DistUp, 122.81
, DistFront, 119.98, DistDow, 119.85, DistUp, 122.35
, DistFront, 120.83, DistDow, 120.77, DistUp, 122.77
, DistFront, 119.54, DistDow, 120.77, DistUp, 122.31
, DistFront, 120.39, DistDow, 120.32, DistUp, 123.13
, DistFront, 119.49, DistDow, 119.81, DistUp, 124.39
, DistFront, 119.46, DistDow, 120.20, DistUp, 123.89
, DistFront, 119.78, DistDow, 120.56, DistUp, 122.09
, DistFront, 119.34, DistDow, 120.48, DistUp, 121.99
, DistFront, 120.46, DistDow, 120.37, DistUp, 122.35
, DistFront, 119.47, DistDow, 119.39, DistUp, 121.77
, DistFront, 119.40, DistDow, 119.69, DistUp, 122.06
, DistFront, 119.69, DistDow, 119.59, DistUp, 121.67
, DistFront, 119.13, DistDow, 119.49, DistUp, 123.64
, DistFront, 119.05, DistDow, 118.98, DistUp, 121.38
, DistFront, 118.52, DistDow, 118.81, DistUp, 122.13
, DistFront, 118.38, DistDow, 118.67, DistUp, 121.60
, DistFrontMean, 117.89, DistDowMean, 119.20, DistUpMean, 121.12
, DistFront, 118.69, DistDow, 119.05, DistUp, 121.48
, DistFront, 119.03, DistDow, 119.05, DistUp, 120.53
, DistFront, 118.95, DistDow, 119.25, DistUp, 121.33
, DistFront, 117.99, DistDow, 118.74, DistUp, 121.26
, DistFront, 118.32, DistDow, 118.28, DistUp, 122.04
, DistFront, 117.40, DistDow, 118.59, DistUp, 121.97
, DistFront, 118.18, DistDow, 118.10, DistUp, 121.48
, DistFront, 117.69, DistDow, 117.98, DistUp, 120.97
, DistFront, 117.60, DistDow, 118.81, DistUp, 121.33
, DistFront, 118.10, DistDow, 118.32, DistUp, 120.83
, DistFront, 118.04, DistDow, 118.69, DistUp, 120.77
, DistFront, 117.89, DistDow, 119.05, DistUp, 120.70
, DistFront, 117.84, DistDow, 118.27, DistUp, 123.25
, DistFront, 117.81, DistDow, 118.62, DistUp, 121.92
, DistFront, 117.33, DistDow, 117.64, DistUp, 121.04
, DistFront, 117.84, DistDow, 118.03, DistUp, 119.69
, DistFront, 118.13, DistDow, 118.03, DistUp, 121.45
, DistFront, 117.28, DistDow, 117.69, DistUp, 119.71
, DistFront, 117.28, DistDow, 118.45, DistUp, 120.53
, DistFront, 117.38, DistDow, 118.03, DistUp, 120.10
, DistFrontMean, 117.74, DistDowMean, 118.49, DistUpMean, 120.12
, DistFront, 117.74, DistDow, 118.49, DistUp, 120.56
, DistFront, 117.33, DistDow, 118.49, DistUp, 121.02
, DistFront, 116.97, DistDow, 118.10, DistUp, 120.17
, DistFront, 117.33, DistDow, 117.69, DistUp, 120.17
, DistFront, 117.40, DistDow, 118.13, DistUp, 120.68
, DistFront, 117.45, DistDow, 117.74, DistUp, 120.26
, DistFront, 117.96, DistDow, 117.77, DistUp, 120.32
, DistFront, 117.53, DistDow, 117.82, DistUp, 120.77
, DistFront, 117.98, DistDow, 117.98, DistUp, 119.97
, DistFront, 118.03, DistDow, 117.91, DistUp, 121.73
, DistFront, 117.64, DistDow, 118.83, DistUp, 120.90
, DistFront, 117.69, DistDow, 118.42, DistUp, 120.17
, DistFront, 117.82, DistDow, 118.03, DistUp, 121.45
, DistFront, 117.89, DistDow, 118.54, DistUp, 120.61
, DistFront, 117.82, DistDow, 118.13, DistUp, 121.09
, DistFront, 117.89, DistDow, 119.10, DistUp, 121.17
, DistFront, 117.93, DistDow, 118.40, DistUp, 121.21
, DistFront, 117.98, DistDow, 118.40, DistUp, 122.57
, DistFront, 118.49, DistDow, 118.49, DistUp, 120.90
, DistFront, 117.64, DistDow, 118.10, DistUp, 121.80
, DistFrontMean, 118.54, DistDowMean, 118.89, DistUpMean, 121.39
, DistFront, 118.61, DistDow, 118.61, DistUp, 121.46
, DistFront, 118.64, DistDow, 118.98, DistUp, 121.48
, DistFront, 118.69, DistDow, 118.69, DistUp, 122.84
, DistFront, 118.74, DistDow, 118.62, DistUp, 123.33
, DistFront, 118.45, DistDow, 119.13, DistUp, 121.24
, DistFront, 118.54, DistDow, 118.74, DistUp, 121.73
, DistFront, 118.59, DistDow, 118.78, DistUp, 121.80
, DistFront, 118.98, DistDow, 118.84, DistUp, 122.21
, DistFront, 119.03, DistDow, 119.81, DistUp, 122.38
, DistFront, 118.69, DistDow, 119.88, DistUp, 121.96
, DistFront, 119.17, DistDow, 119.49, DistUp, 122.84
, DistFront, 118.74, DistDow, 119.95, DistUp, 123.35
, DistFront, 118.78, DistDow, 119.68, DistUp, 122.09
, DistFront, 119.25, DistDow, 120.02, DistUp, 123.38
, DistFront, 119.23, DistDow, 119.54, DistUp, 122.09
, DistFront, 119.66, DistDow, 120.05, DistUp, 121.63
, DistFront, 119.18, DistDow, 119.95, DistUp, 122.41
, DistFront, 118.71, DistDow, 119.46, DistUp, 121.46
, DistFront, 119.05, DistDow, 120.26, DistUp, 121.39
, DistFront, 118.11, DistDow, 118.98, DistUp, 122.18
, DistFrontMean, 118.49, DistDowMean, 119.69, DistUpMean, 120.82
, DistFront, 118.40, DistDow, 118.71, DistUp, 122.09
, DistFront, 118.74, DistDow, 119.52, DistUp, 122.38
, DistFront, 118.59, DistDow, 119.05, DistUp, 121.39
, DistFront, 118.04, DistDow, 118.45, DistUp, 121.68
, DistFront, 117.89, DistDow, 119.18, DistUp, 120.68
, DistFront, 118.18, DistDow, 118.18, DistUp, 121.84
, DistFront, 117.60, DistDow, 118.78, DistUp, 120.82
, DistFront, 117.48, DistDow, 118.23, DistUp, 121.53
, DistFront, 117.81, DistDow, 117.74, DistUp, 119.69
, DistFront, 117.67, DistDow, 117.52, DistUp, 120.46
, DistFront, 117.60, DistDow, 118.33, DistUp, 119.91
, DistFront, 117.19, DistDow, 117.38, DistUp, 119.40
, DistFront, 117.45, DistDow, 118.33, DistUp, 119.76
, DistFront, 118.25, DistDow, 117.26, DistUp, 120.27
, DistFront, 117.02, DistDow, 118.13, DistUp, 120.56
, DistFront, 116.89, DistDow, 117.18, DistUp, 119.66
, DistFront, 117.26, DistDow, 117.11, DistUp, 119.68
, DistFront, 117.67, DistDow, 117.24, DistUp, 119.63
, DistFront, 117.24, DistDow, 117.57, DistUp, 119.71
, DistFront, 116.89, DistDow, 117.57, DistUp, 120.46
, DistFrontMean, 116.80, DistDowMean, 118.42, DistUpMean, 120.92
, DistFront, 116.84, DistDow, 117.57, DistUp, 120.53
, DistFront, 117.24, DistDow, 117.21, DistUp, 120.07
, DistFront, 116.84, DistDow, 117.13, DistUp, 121.39
, DistFront, 117.31, DistDow, 117.62, DistUp, 121.45
, DistFront, 117.35, DistDow, 118.95, DistUp, 121.04
, DistFront, 116.96, DistDow, 118.13, DistUp, 120.66
, DistFront, 116.99, DistDow, 117.26, DistUp, 120.68
, DistFront, 117.04, DistDow, 117.45, DistUp, 120.31
, DistFront, 117.11, DistDow, 117.47, DistUp, 120.03
, DistFront, 117.28, DistDow, 117.98, DistUp, 120.82
, DistFront, 117.24, DistDow, 118.59, DistUp, 119.59
, DistFront, 117.76, DistDow, 117.62, DistUp, 120.56
, DistFront, 117.52, DistDow, 117.74, DistUp, 120.61
, DistFront, 117.89, DistDow, 118.78, DistUp, 121.12
, DistFront, 117.09, DistDow, 118.33, DistUp, 120.34
, DistFront, 117.60, DistDow, 117.93, DistUp, 121.26
, DistFront, 118.18, DistDow, 118.88, DistUp, 120.43
, DistFront, 117.33, DistDow, 118.95, DistUp, 120.88
, DistFront, 117.74, DistDow, 119.00, DistUp, 120.92
, DistFront, 117.91, DistDow, 118.62, DistUp, 120.54
, DistFrontMean, 117.84, DistDowMean, 118.27, DistUpMean, 121.41
, DistFront, 117.82, DistDow, 118.18, DistUp, 120.54
, DistFront, 118.28, DistDow, 118.62, DistUp, 120.99
, DistFront, 118.28, DistDow, 118.64, DistUp, 121.02
, DistFront, 118.28, DistDow, 118.18, DistUp, 121.02
, DistFront, 118.40, DistDow, 118.64, DistUp, 121.04
, DistFront, 117.82, DistDow, 119.05, DistUp, 120.60
, DistFront, 117.82, DistDow, 119.03, DistUp, 121.02
, DistFront, 117.77, DistDow, 119.12, DistUp, 121.85
, DistFront, 117.81, DistDow, 118.10, DistUp, 120.97
, DistFront, 118.55, DistDow, 118.54, DistUp, 120.49
, DistFront, 118.59, DistDow, 118.95, DistUp, 122.64
, DistFront, 117.69, DistDow, 118.49, DistUp, 120.90
, DistFront, 118.54, DistDow, 118.49, DistUp, 121.75
, DistFront, 118.95, DistDow, 117.98, DistUp, 121.31
, DistFront, 117.74, DistDow, 118.40, DistUp, 121.68
, DistFront, 118.13, DistDow, 118.78, DistUp, 121.21
, DistFront, 117.60, DistDow, 119.61, DistUp, 120.77
, DistFront, 117.53, DistDow, 118.76, DistUp, 121.17
, DistFront, 117.93, DistDow, 117.82, DistUp, 121.19
, DistFront, 117.93, DistDow, 118.69, DistUp, 120.31
, DistFrontMean, 117.13, DistDowMean, 118.23, DistUpMean, 120.66
, DistFront, 117.45, DistDow, 117.87, DistUp, 120.66
, DistFront, 117.82, DistDow, 117.67, DistUp, 121.53
, DistFront, 117.84, DistDow, 117.67, DistUp, 120.63
, DistFront, 117.89, DistDow, 117.64, DistUp, 120.61
, DistFront, 117.33, DistDow, 118.20, DistUp, 120.12
, DistFront, 117.33, DistDow, 118.10, DistUp, 120.12
, DistFront, 117.45, DistDow, 118.06, DistUp, 120.56
, DistFront, 117.33, DistDow, 117.67, DistUp, 120.56
, DistFront, 117.33, DistDow, 117.62, DistUp, 120.12
, DistFront, 117.33, DistDow, 117.62, DistUp, 121.38
, DistFront, 117.04, DistDow, 118.13, DistUp, 120.17
, DistFront, 117.40, DistDow, 118.28, DistUp, 120.20
, DistFront, 117.84, DistDow, 117.77, DistUp, 120.68
, DistFront, 117.45, DistDow, 118.25, DistUp, 121.12
, DistFront, 118.04, DistDow, 118.74, DistUp, 120.73
, DistFront, 117.98, DistDow, 117.91, DistUp, 120.32
, DistFront, 117.13, DistDow, 117.93, DistUp, 120.37
, DistFront, 118.04, DistDow, 117.93, DistUp, 120.82
, DistFront, 118.47, DistDow, 117.96, DistUp, 120.92
, DistFront, 117.69, DistDow, 118.84, DistUp, 123.32
, DistFrontMean, 117.64, DistDowMean, 117.93, DistUpMean, 120.82
, DistFront, 117.67, DistDow, 119.25, DistUp, 121.26
, DistFront, 117.64, DistDow, 118.89, DistUp, 122.11
, DistFront, 117.60, DistDow, 118.35, DistUp, 122.13
, DistFront, 117.60, DistDow, 117.89, DistUp, 120.83
, DistFront, 117.99, DistDow, 118.33, DistUp, 120.83
, DistFront, 117.99, DistDow, 118.74, DistUp, 120.32
, DistFront, 117.64, DistDow, 117.82, DistUp, 121.63
, DistFront, 117.53, DistDow, 118.74, DistUp, 121.63
, DistFront, 117.53, DistDow, 118.81, DistUp, 121.17
, DistFront, 117.53, DistDow, 118.69, DistUp, 120.77
, DistFront, 117.53, DistDow, 118.25, DistUp, 120.73
, DistFront, 117.93, DistDow, 118.69, DistUp, 120.37
, DistFront, 117.60, DistDow, 119.12, DistUp, 120.31
, DistFront, 118.33, DistDow, 118.69, DistUp, 119.85
, DistFront, 117.96, DistDow, 118.69, DistUp, 120.37
, DistFront, 117.93, DistDow, 118.25, DistUp, 120.77
, DistFront, 117.09, DistDow, 118.69, DistUp, 120.32
, DistFront, 117.62, DistDow, 117.82, DistUp, 120.34
, DistFront, 117.53, DistDow, 118.81, DistUp, 122.93
, DistFront, 117.09, DistDow, 118.42, DistUp, 120.83
, DistFrontMean, 117.55, DistDowMean, 118.74, DistUpMean, 120.48
, DistFront, 117.64, DistDow, 118.74, DistUp, 120.39
, DistFront, 117.57, DistDow, 118.33, DistUp, 120.88
, DistFront, 118.04, DistDow, 118.91, DistUp, 121.77
, DistFront, 118.13, DistDow, 118.03, DistUp, 121.45
, DistFront, 117.81, DistDow, 118.59, DistUp, 121.48
, DistFront, 117.87, DistDow, 119.54, DistUp, 120.70
, DistFront, 118.45, DistDow, 119.25, DistUp, 120.77
, DistFront, 118.06, DistDow, 118.89, DistUp, 121.28
, DistFront, 118.13, DistDow, 118.96, DistUp, 121.77
, DistFront, 118.64, DistDow, 119.56, DistUp, 121.41
, DistFront, 118.28, DistDow, 119.12, DistUp, 121.96
, DistFront, 118.81, DistDow, 118.69, DistUp, 121.53
, DistFront, 118.40, DistDow, 119.61, DistUp, 121.12
, DistFront, 118.40, DistDow, 119.17, DistUp, 122.02
, DistFront, 117.87, DistDow, 118.64, DistUp, 121.12
, DistFront, 118.69, DistDow, 118.98, DistUp, 121.46
, DistFront, 118.98, DistDow, 118.89, DistUp, 120.90
, DistFront, 118.45, DistDow, 119.18, DistUp, 120.83
, DistFront, 118.78, DistDow, 118.69, DistUp, 121.17
, DistFront, 118.28, DistDow, 118.20, DistUp, 120.68
, DistFrontMean, 117.96, DistDowMean, 118.59, DistUpMean, 121.09
, DistFront, 117.81, DistDow, 119.00, DistUp, 121.92
, DistFront, 117.28, DistDow, 118.49, DistUp, 121.45
, DistFront, 117.69, DistDow, 118.96, DistUp, 120.92
, DistFront, 118.04, DistDow, 118.91, DistUp, 120.85
, DistFront, 117.60, DistDow, 117.84, DistUp, 121.70
, DistFront, 117.99, DistDow, 117.82, DistUp, 120.82
, DistFront, 117.48, DistDow, 118.23, DistUp, 121.21
, DistFront, 117.89, DistDow, 118.64, DistUp, 120.70
, DistFront, 118.40, DistDow, 117.74, DistUp, 120.27
, DistFront, 117.82, DistDow, 118.59, DistUp, 121.56
, DistFront, 117.45, DistDow, 117.74, DistUp, 120.77
, DistFront, 117.93, DistDow, 118.33, DistUp, 121.21
, DistFront, 117.53, DistDow, 118.69, DistUp, 121.33
, DistFront, 117.60, DistDow, 118.33, DistUp, 121.41
, DistFront, 117.24, DistDow, 117.98, DistUp, 121.46
, DistFront, 117.74, DistDow, 118.03, DistUp, 124.54
, DistFront, 118.25, DistDow, 118.13, DistUp, 122.93
, DistFront, 117.89, DistDow, 117.74, DistUp, 122.57
, DistFront, 118.42, DistDow, 119.25, DistUp, 120.90
, DistFront, 118.49, DistDow, 118.89, DistUp, 121.38
, DistFrontMean, 118.52, DistDowMean, 118.78, DistUpMean, 121.38
, DistFront, 118.95, DistDow, 119.25, DistUp, 120.97
, DistFront, 118.13, DistDow, 118.45, DistUp, 121.82
, DistFront, 118.25, DistDow, 119.40, DistUp, 120.73
, DistFront, 118.69, DistDow, 119.40, DistUp, 124.18
, DistFront, 118.25, DistDow, 118.61, DistUp, 121.62
, DistFront, 119.49, DistDow, 119.35, DistUp, 121.17
, DistFront, 118.74, DistDow, 118.89, DistUp, 122.06
, DistFront, 118.62, DistDow, 118.40, DistUp, 125.03
, DistFront, 118.20, DistDow, 119.69, DistUp, 122.04
, DistFront, 118.18, DistDow, 118.84, DistUp, 122.48
, DistFront, 117.84, DistDow, 118.84, DistUp, 121.21
, DistFront, 118.64, DistDow, 119.30, DistUp, 122.53
, DistFront, 118.62, DistDow, 118.38, DistUp, 123.67
, DistFront, 118.61, DistDow, 119.25, DistUp, 121.62
, DistFront, 117.70, DistDow, 119.32, DistUp, 121.56
, DistFront, 118.54, DistDow, 118.84, DistUp, 122.38
, DistFront, 117.98, DistDow, 118.18, DistUp, 125.31
, DistFront, 118.40, DistDow, 118.13, DistUp, 121.89
, DistFront, 118.33, DistDow, 118.06, DistUp, 122.24
, DistFront, 117.77, DistDow, 118.42, DistUp, 122.11
, DistFrontMean, 117.87, DistDowMean, 118.33, DistUpMean, 121.62
, DistFront, 118.10, DistDow, 117.84, DistUp, 121.97
, DistFront, 117.67, DistDow, 117.74, DistUp, 121.04
, DistFront, 117.89, DistDow, 117.81, DistUp, 121.80
, DistFront, 117.45, DistDow, 118.96, DistUp, 120.88
, DistFront, 117.38, DistDow, 118.47, DistUp, 123.04
, DistFront, 117.84, DistDow, 118.03, DistUp, 121.73
, DistFront, 117.38, DistDow, 117.55, DistUp, 122.18
, DistFront, 117.84, DistDow, 118.49, DistUp, 121.38
, DistFront, 117.47, DistDow, 118.54, DistUp, 120.97
, DistFront, 117.67, DistDow, 117.76, DistUp, 121.11
, DistFront, 117.64, DistDow, 118.69, DistUp, 121.17
, DistFront, 117.69, DistDow, 119.27, DistUp, 122.53
, DistFront, 117.35, DistDow, 118.89, DistUp, 122.11
, DistFront, 118.25, DistDow, 118.10, DistUp, 121.77
, DistFront, 118.33, DistDow, 118.95, DistUp, 121.89
, DistFront, 117.99, DistDow, 118.13, DistUp, 122.38
, DistFront, 118.49, DistDow, 119.10, DistUp, 122.04
, DistFront, 118.69, DistDow, 119.20, DistUp, 122.57
, DistFront, 119.06, DistDow, 118.40, DistUp, 122.64
, DistFront, 118.28, DistDow, 118.96, DistUp, 122.74
, DistFrontMean, 119.63, DistDowMean, 119.46, DistUpMean, 122.24
, DistFront, 118.84, DistDow, 119.49, DistUp, 122.38
, DistFront, 118.45, DistDow, 118.61, DistUp, 122.38
, DistFront, 117.99, DistDow, 118.71, DistUp, 125.78
, DistFront, 118.55, DistDow, 118.59, DistUp, 123.64
, DistFront, 118.84, DistDow, 118.59, DistUp, 122.33
, DistFront, 118.40, DistDow, 118.59, DistUp, 121.89
, DistFront, 118.40, DistDow, 119.54, DistUp, 121.85
, DistFront, 118.40, DistDow, 119.00, DistUp, 121.85
, DistFront, 118.91, DistDow, 118.98, DistUp, 121.82
, DistFront, 117.93, DistDow, 118.55, DistUp, 123.04
, DistFront, 118.33, DistDow, 119.40, DistUp, 121.38
, DistFront, 119.20, DistDow, 119.40, DistUp, 121.82
, DistFront, 117.91, DistDow, 119.40, DistUp, 122.69
, DistFront, 118.35, DistDow, 119.10, DistUp, 122.26
, DistFront, 118.38, DistDow, 119.46, DistUp, 121.84
, DistFront, 118.52, DistDow, 119.05, DistUp, 122.28
, DistFront, 118.40, DistDow, 119.05, DistUp, 121.39
, DistFront, 117.96, DistDow, 119.49, DistUp, 122.28
, DistFront, 118.84, DistDow, 119.10, DistUp, 121.45
, DistFront, 118.45, DistDow, 119.56, DistUp, 123.61
, DistFrontMean, 119.32, DistDowMean, 119.56, DistUpMean, 123.20
, DistFront, 118.45, DistDow, 119.13, DistUp, 122.76
, DistFront, 119.00, DistDow, 118.67, DistUp, 122.33
, DistFront, 118.49, DistDow, 118.69, DistUp, 123.25
, DistFront, 118.96, DistDow, 118.69, DistUp, 123.28
, DistFront, 118.55, DistDow, 118.84, DistUp, 122.02
, DistFront, 118.61, DistDow, 118.76, DistUp, 122.53
, DistFront, 119.17, DistDow, 118.81, DistUp, 122.98
, DistFront, 118.71, DistDow, 119.76, DistUp, 122.64
, DistFront, 119.20, DistDow, 119.40, DistUp, 122.69
, DistFront, 119.25, DistDow, 119.05, DistUp, 124.03
, DistFront, 118.54, DistDow, 119.47, DistUp, 123.67
, DistFront, 119.34, DistDow, 119.06, DistUp, 123.28
, DistFront, 119.46, DistDow, 119.12, DistUp, 122.41
, DistFront, 119.40, DistDow, 119.61, DistUp, 122.47
, DistFront, 120.26, DistDow, 120.07, DistUp, 123.81
, DistFront, 119.03, DistDow, 119.69, DistUp, 124.27
, DistFront, 119.06, DistDow, 119.81, DistUp, 124.27
, DistFront, 119.52, DistDow, 119.74, DistUp, 126.39
, DistFront, 119.56, DistDow, 121.04, DistUp, 124.76
, DistFront, 120.02, DistDow, 120.20, DistUp, 125.12
, DistFrontMean, 119.27, DistDowMean, 119.85, DistUpMean, 122.26
, DistFront, 120.05, DistDow, 119.85, DistUp, 122.62
, DistFront, 119.25, DistDow, 120.41, DistUp, 126.60
, DistFront, 120.14, DistDow, 119.91, DistUp, 123.23
, DistFront, 119.74, DistDow, 119.95, DistUp, 126.96
, DistFront, 119.35, DistDow, 120.02, DistUp, 125.39
, DistFront, 120.20, DistDow, 120.43, DistUp, 124.98
, DistFront, 119.35, DistDow, 120.03, DistUp, 123.28
, DistFront, 119.35, DistDow, 120.03, DistUp, 124.17
, DistFront, 119.91, DistDow, 119.56, DistUp, 124.03
, DistFront, 119.39, DistDow, 120.03, DistUp, 123.28
, DistFront, 119.91, DistDow, 119.52, DistUp, 124.42
, DistFront, 119.34, DistDow, 119.47, DistUp, 123.23
, DistFront, 119.74, DistDow, 119.90, DistUp, 124.81
, DistFront, 119.27, DistDow, 120.02, DistUp, 125.75
, DistFront, 119.69, DistDow, 120.31, DistUp, 124.88
, DistFront, 120.20, DistDow, 119.85, DistUp, 123.06
, DistFront, 120.10, DistDow, 120.77, DistUp, 124.03
, DistFront, 119.23, DistDow, 119.40, DistUp, 122.74
, DistFront, 118.78, DistDow, 119.39, DistUp, 124.03
, DistFront, 119.68, DistDow, 119.39, DistUp, 122.70
, DistFrontMean, 119.68, DistDowMean, 119.42, DistUpMean, 122.74
, DistFront, 119.25, DistDow, 120.27, DistUp, 122.70
, DistFront, 119.23, DistDow, 119.90, DistUp, 123.55
, DistFront, 119.27, DistDow, 120.31, DistUp, 123.16
, DistFront, 119.78, DistDow, 119.90, DistUp, 123.47
, DistFront, 119.23, DistDow, 119.98, DistUp, 124.03
, DistFront, 119.68, DistDow, 119.42, DistUp, 124.42
, DistFront, 119.78, DistDow, 119.88, DistUp, 124.76
, DistFront, 119.23, DistDow, 119.42, DistUp, 122.26
, DistFront, 119.25, DistDow, 119.40, DistUp, 123.16
, DistFront, 119.63, DistDow, 119.40, DistUp, 122.74
, DistFront, 119.68, DistDow, 119.83, DistUp, 123.16
, DistFront, 119.23, DistDow, 119.42, DistUp, 123.55
, DistFront, 119.18, DistDow, 120.26, DistUp, 123.52
, DistFront, 119.20, DistDow, 119.34, DistUp, 122.21
, DistFront, 119.61, DistDow, 119.81, DistUp, 124.34
, DistFront, 118.69, DistDow, 119.30, DistUp, 122.99
, DistFront, 118.64, DistDow, 119.71, DistUp, 124.69
, DistFront, 119.00, DistDow, 119.69, DistUp, 123.81
, DistFront, 119.00, DistDow, 119.17, DistUp, 122.48
, DistFront, 119.40, DistDow, 119.13, DistUp, 122.76
, DistFrontMean, 119.10, DistDowMean, 119.61, DistUpMean, 123.74
, DistFront, 119.81, DistDow, 119.12, DistUp, 124.03
, DistFront, 118.91, DistDow, 119.10, DistUp, 123.27
, DistFront, 119.00, DistDow, 119.56, DistUp, 123.98
, DistFront, 118.89, DistDow, 119.12, DistUp, 122.38
, DistFront, 118.91, DistDow, 119.61, DistUp, 121.92
, DistFront, 118.52, DistDow, 119.69, DistUp, 123.67
, DistFront, 119.47, DistDow, 119.18, DistUp, 122.35
, DistFront, 119.39, DistDow, 119.63, DistUp, 122.70
, DistFront, 118.91, DistDow, 119.12, DistUp, 121.85
, DistFront, 119.39, DistDow, 119.10, DistUp, 122.60
, DistFront, 118.71, DistDow, 119.83, DistUp, 122.93
, DistFront, 118.59, DistDow, 118.83, DistUp, 121.50
, DistFront, 118.47, DistDow, 119.59, DistUp, 123.20
, DistFront, 117.98, DistDow, 118.61, DistUp, 121.38
, DistFront, 119.56, DistDow, 118.95, DistUp, 122.99
, DistFront, 119.03, DistDow, 118.47, DistUp, 122.48
, DistFront, 118.11, DistDow, 118.35, DistUp, 122.04
, DistFront, 118.91, DistDow, 118.18, DistUp, 121.96
, DistFront, 117.96, DistDow, 118.11, DistUp, 121.90
, DistFront, 119.17, DistDow, 119.32, DistUp, 122.74
, DistFrontMean, 118.27, DistDowMean, 117.98, DistUpMean, 198.06
, DistFront, 119.00, DistDow, 119.17, DistUp, 122.98
, DistFront, 117.99, DistDow, 118.23, DistUp, 121.97
, DistFront, 117.89, DistDow, 117.67, DistUp, 121.39
, DistFront, 117.81, DistDow, 117.98, DistUp, 122.16
, DistFront, 117.64, DistDow, 117.41, DistUp, 120.26
, DistFront, 117.47, DistDow, 117.62, DistUp, 123.91
, DistFront, 116.90, DistDow, 117.47, DistUp, 120.37
, DistFront, 116.77, DistDow, 117.02, DistUp, 121.11
, DistFront, 117.87, DistDow, 117.67, DistUp, 121.80
, DistFront, 116.53, DistDow, 117.16, DistUp, 120.85
, DistFront, 116.46, DistDow, 116.75, DistUp, 120.75
, DistFront, 117.19, DistDow, 117.45, DistUp, 120.17
, DistFront, 116.21, DistDow, 116.12, DistUp, 121.34
, DistFront, 115.68, DistDow, 117.24, DistUp, 119.88
, DistFront, 115.60, DistDow, 116.63, DistUp, 120.14
, DistFront, 115.43, DistDow, 116.14, DistUp, 118.78
, DistFront, 116.28, DistDow, 116.70, DistUp, 118.74
, DistFront, 116.85, DistDow, 117.06, DistUp, 120.05
, DistFront, 116.39, DistDow, 116.31, DistUp, 119.35
, DistFront, 116.67, DistDow, 117.33, DistUp, 119.54
, DistFrontMean, 116.70, DistDowMean, 117.89, DistUpMean, 119.63
, DistFront, 116.34, DistDow, 116.68, DistUp, 121.41
, DistFront, 116.53, DistDow, 117.55, DistUp, 119.32
, DistFront, 116.90, DistDow, 117.24, DistUp, 119.20
, DistFront, 117.31, DistDow, 116.84, DistUp, 119.25
, DistFront, 117.70, DistDow, 117.19, DistUp, 119.71
, DistFront, 116.41, DistDow, 117.31, DistUp, 119.27
, DistFront, 116.39, DistDow, 116.73, DistUp, 118.81
, DistFront, 116.75, DistDow, 117.48, DistUp, 119.63
, DistFront, 117.18, DistDow, 117.02, DistUp, 120.02
, DistFront, 116.31, DistDow, 117.60, DistUp, 120.53
, DistFront, 116.34, DistDow, 116.63, DistUp, 119.71
, DistFront, 116.41, DistDow, 117.48, DistUp, 120.20
, DistFront, 116.96, DistDow, 117.52, DistUp, 119.78
, DistFront, 116.45, DistDow, 116.60, DistUp, 121.05
, DistFront, 116.82, DistDow, 117.06, DistUp, 120.61
, DistFront, 116.38, DistDow, 116.68, DistUp, 121.04
, DistFront, 116.31, DistDow, 116.09, DistUp, 123.52
, DistFront, 115.92, DistDow, 116.17, DistUp, 119.63
, DistFront, 116.19, DistDow, 116.85, DistUp, 123.27
, DistFront, 116.56, DistDow, 116.96, DistUp, 119.49
, DistFrontMean, 116.96, DistDowMean, 117.64, DistUpMean, 120.02
, DistFront, 116.05, DistDow, 117.18, DistUp, 119.17
, DistFront, 115.99, DistDow, 117.13, DistUp, 120.39
, DistFront, 116.39, DistDow, 116.77, DistUp, 119.35
, DistFront, 116.05, DistDow, 116.67, DistUp, 119.78
, DistFront, 117.24, DistDow, 116.19, DistUp, 120.26
, DistFront, 116.09, DistDow, 117.11, DistUp, 119.78
, DistFront, 116.04, DistDow, 117.18, DistUp, 119.42
, DistFront, 116.09, DistDow, 116.80, DistUp, 119.90
, DistFront, 116.24, DistDow, 116.41, DistUp, 121.26
, DistFront, 116.67, DistDow, 116.90, DistUp, 120.90
, DistFront, 117.57, DistDow, 116.99, DistUp, 120.53
, DistFront, 116.38, DistDow, 117.19, DistUp, 120.14
, DistFront, 116.89, DistDow, 117.62, DistUp, 119.34
, DistFront, 116.92, DistDow, 117.77, DistUp, 119.85
, DistFront, 117.82, DistDow, 116.85, DistUp, 121.48
, DistFront, 117.16, DistDow, 116.89, DistUp, 120.32
, DistFront, 117.09, DistDow, 116.99, DistUp, 119.91
, DistFront, 117.53, DistDow, 117.84, DistUp, 122.09
, DistFront, 116.77, DistDow, 117.87, DistUp, 120.32
, DistFront, 117.09, DistDow, 116.99, DistUp, 120.32
, DistFrontMean, 117.47, DistDowMean, 116.89, DistUpMean, 119.83
, DistFront, 116.56, DistDow, 117.41, DistUp, 121.09
, DistFront, 116.53, DistDow, 117.28, DistUp, 119.74
, DistFront, 117.45, DistDow, 116.82, DistUp, 119.17
, DistFront, 116.39, DistDow, 117.67, DistUp, 119.63
, DistFront, 116.85, DistDow, 116.68, DistUp, 120.32
, DistFront, 116.63, DistDow, 116.53, DistUp, 119.46
, DistFront, 116.05, DistDow, 116.97, DistUp, 118.78
, DistFront, 115.60, DistDow, 116.70, DistUp, 119.59
, DistFront, 116.33, DistDow, 116.70, DistUp, 119.54
, DistFront, 116.28, DistDow, 116.14, DistUp, 118.62
, DistFront, 116.12, DistDow, 116.09, DistUp, 119.39
, DistFront, 115.77, DistDow, 115.82, DistUp, 118.47
, DistFront, 115.54, DistDow, 116.33, DistUp, 119.30
, DistFront, 115.54, DistDow, 115.90, DistUp, 118.96
, DistFront, 115.20, DistDow, 116.55, DistUp, 119.27
, DistFront, 115.75, DistDow, 115.95, DistUp, 118.42
, DistFront, 115.68, DistDow, 116.34, DistUp, 118.84
, DistFront, 115.60, DistDow, 116.84, DistUp, 118.42
, DistFront, 116.09, DistDow, 116.04, DistUp, 118.83
, DistFront, 116.09, DistDow, 117.06, DistUp, 120.03
, DistFrontMean, 115.68, DistDowMean, 117.38, DistUpMean, 117.87
, DistFront, 115.68, DistDow, 116.17, DistUp, 119.63
, DistFront, 115.77, DistDow, 116.55, DistUp, 120.07
, DistFront, 116.97, DistDow, 116.11, DistUp, 117.98
, DistFront, 116.24, DistDow, 116.17, DistUp, 118.59
, DistFront, 116.31, DistDow, 115.92, DistUp, 118.10
, DistFront, 115.85, DistDow, 116.84, DistUp, 118.13
, DistFront, 116.41, DistDow, 116.31, DistUp, 118.67
, DistFront, 115.54, DistDow, 116.75, DistUp, 118.69
, DistFront, 115.97, DistDow, 116.77, DistUp, 118.81
, DistFront, 115.97, DistDow, 116.85, DistUp, 118.74
, DistFront, 116.48, DistDow, 116.28, DistUp, 119.17
, DistFront, 115.97, DistDow, 116.33, DistUp, 118.89
, DistFront, 116.46, DistDow, 116.50, DistUp, 119.27
, DistFront, 116.21, DistDow, 116.45, DistUp, 119.32
, DistFront, 116.12, DistDow, 116.50, DistUp, 119.81
, DistFront, 117.19, DistDow, 117.48, DistUp, 118.55
, DistFront, 116.31, DistDow, 117.13, DistUp, 119.05
, DistFront, 116.39, DistDow, 116.85, DistUp, 119.12
, DistFront, 116.55, DistDow, 117.26, DistUp, 119.66
, DistFront, 117.38, DistDow, 117.77, DistUp, 119.71
, DistFrontMean, 116.67, DistDowMean, 116.92, DistUpMean, 121.90
, DistFront, 117.06, DistDow, 117.84, DistUp, 120.26
, DistFront, 116.67, DistDow, 117.04, DistUp, 120.31
, DistFront, 116.82, DistDow, 117.09, DistUp, 119.49
, DistFront, 116.75, DistDow, 117.98, DistUp, 119.54
, DistFront, 116.80, DistDow, 118.03, DistUp, 119.56
, DistFront, 117.67, DistDow, 117.74, DistUp, 119.59
, DistFront, 116.84, DistDow, 118.06, DistUp, 119.69
, DistFront, 117.40, DistDow, 117.19, DistUp, 120.43
, DistFront, 116.89, DistDow, 117.38, DistUp, 119.66
, DistFront, 116.92, DistDow, 117.28, DistUp, 120.10
, DistFront, 117.11, DistDow, 117.82, DistUp, 119.27
, DistFront, 117.02, DistDow, 117.96, DistUp, 120.66
, DistFront, 117.52, DistDow, 117.47, DistUp, 119.97
, DistFront, 117.21, DistDow, 117.52, DistUp, 119.88
, DistFront, 117.21, DistDow, 117.64, DistUp, 119.97
, DistFront, 118.10, DistDow, 117.62, DistUp, 119.98
, DistFront, 117.33, DistDow, 118.11, DistUp, 120.14
, DistFront, 117.89, DistDow, 118.59, DistUp, 120.07
, DistFront, 117.84, DistDow, 117.76, DistUp, 120.56
, DistFront, 117.45, DistDow, 118.32, DistUp, 121.46
, DistFrontMean, 117.45, DistDowMean, 118.67, DistUpMean, 120.61
, DistFront, 117.41, DistDow, 118.67, DistUp, 120.60
, DistFront, 117.87, DistDow, 118.27, DistUp, 120.61
, DistFront, 117.53, DistDow, 118.67, DistUp, 120.60
, DistFront, 118.27, DistDow, 118.67, DistUp, 120.17
, DistFront, 117.40, DistDow, 117.87, DistUp, 120.54
, DistFront, 118.20, DistDow, 118.16, DistUp, 120.10
, DistFront, 116.92, DistDow, 117.70, DistUp, 121.80
, DistFront, 117.74, DistDow, 118.11, DistUp, 121.34
, DistFront, 117.67, DistDow, 118.04, DistUp, 120.83
, DistFront, 117.33, DistDow, 117.99, DistUp, 121.70
, DistFront, 117.19, DistDow, 117.64, DistUp, 120.83
, DistFront, 118.03, DistDow, 118.42, DistUp, 120.39
, DistFront, 117.19, DistDow, 118.42, DistUp, 119.54
, DistFront, 117.67, DistDow, 117.57, DistUp, 121.70
, DistFront, 117.35, DistDow, 117.57, DistUp, 119.98
, DistFront, 118.54, DistDow, 118.04, DistUp, 120.02
, DistFront, 117.26, DistDow, 118.04, DistUp, 120.02
, DistFront, 117.26, DistDow, 118.10, DistUp, 120.14
, DistFront, 117.38, DistDow, 118.10, DistUp, 120.48
, DistFront, 117.74, DistDow, 118.10, DistUp, 120.03
, DistFrontMean, 117.74, DistDowMean, 118.11, DistUpMean, 120.49
, DistFront, 117.33, DistDow, 117.64, DistUp, 120.54
, DistFront, 117.89, DistDow, 117.70, DistUp, 120.07
, DistFront, 118.23, DistDow, 118.16, DistUp, 120.60
, DistFront, 117.82, DistDow, 118.32, DistUp, 120.14
, DistFront, 117.45, DistDow, 118.23, DistUp, 120.61
, DistFront, 117.47, DistDow, 117.82, DistUp, 120.20
, DistFront, 117.45, DistDow, 117.82, DistUp, 120.31
, DistFront, 117.57, DistDow, 118.71, DistUp, 120.26
, DistFront, 117.93, DistDow, 118.32, DistUp, 120.26
, DistFront, 117.52, DistDow, 118.76, DistUp, 120.70
, DistFront, 117.98, DistDow, 118.47, DistUp, 120.75
, DistFront, 117.57, DistDow, 118.91, DistUp, 122.89
, DistFront, 117.57, DistDow, 118.83, DistUp, 120.75
, DistFront, 118.03, DistDow, 119.39, DistUp, 120.34
, DistFront, 117.18, DistDow, 118.88, DistUp, 121.24
, DistFront, 118.10, DistDow, 117.99, DistUp, 120.83
, DistFront, 117.81, DistDow, 118.89, DistUp, 120.39
, DistFront, 117.24, DistDow, 118.91, DistUp, 120.41
, DistFront, 117.64, DistDow, 118.47, DistUp, 121.24
, DistFront, 118.03, DistDow, 117.96, DistUp, 121.24
, DistFrontMean, 117.62, DistDowMean, 117.96, DistUpMean, 120.78
, DistFront, 118.13, DistDow, 118.40, DistUp, 120.78
, DistFront, 117.55, DistDow, 118.83, DistUp, 119.91
, DistFront, 117.60, DistDow, 117.93, DistUp, 121.28
, DistFront, 118.10, DistDow, 118.45, DistUp, 121.31
, DistFront, 117.70, DistDow, 118.54, DistUp, 122.19
, DistFront, 118.20, DistDow, 119.00, DistUp, 120.53
, DistFront, 117.84, DistDow, 119.17, DistUp, 120.61
, DistFront, 118.28, DistDow, 118.78, DistUp, 121.92
, DistFront, 118.35, DistDow, 118.28, DistUp, 122.40
, DistFront, 117.98, DistDow, 118.76, DistUp, 121.12
, DistFront, 118.54, DistDow, 118.35, DistUp, 120.75
, DistFront, 118.13, DistDow, 118.35, DistUp, 121.67
, DistFront, 118.13, DistDow, 118.88, DistUp, 121.68
, DistFront, 118.13, DistDow, 118.91, DistUp, 121.73
, DistFront, 118.11, DistDow, 119.35, DistUp, 120.92
, DistFront, 118.61, DistDow, 118.98, DistUp, 120.97
, DistFront, 118.62, DistDow, 119.03, DistUp, 122.28
, DistFront, 118.25, DistDow, 118.59, DistUp, 122.76
, DistFront, 118.81, DistDow, 118.62, DistUp, 121.92
, DistFront, 118.76, DistDow, 119.56, DistUp, 121.55
, DistFrontMean, 118.45, DistDowMean, 119.59, DistUpMean, 121.56
, DistFront, 118.91, DistDow, 120.03, DistUp, 121.60
, DistFront, 118.83, DistDow, 119.63, DistUp, 121.19
, DistFront, 118.42, DistDow, 118.76, DistUp, 121.21
, DistFront, 118.89, DistDow, 119.39, DistUp, 122.99
, DistFront, 119.78, DistDow, 119.71, DistUp, 122.60
, DistFront, 118.54, DistDow, 118.84, DistUp, 121.31
, DistFront, 119.83, DistDow, 118.96, DistUp, 122.64
, DistFront, 118.61, DistDow, 119.83, DistUp, 123.11
, DistFront, 119.03, DistDow, 118.98, DistUp, 123.11
, DistFront, 119.49, DistDow, 119.42, DistUp, 121.34
, DistFront, 119.03, DistDow, 119.83, DistUp, 121.75
, DistFront, 119.83, DistDow, 119.78, DistUp, 121.68
, DistFront, 119.78, DistDow, 119.71, DistUp, 121.63
, DistFront, 118.45, DistDow, 118.89, DistUp, 121.14
, DistFront, 118.35, DistDow, 118.78, DistUp, 121.96
, DistFront, 118.32, DistDow, 118.62, DistUp, 121.46
, DistFront, 118.32, DistDow, 118.54, DistUp, 122.64
, DistFront, 117.84, DistDow, 119.32, DistUp, 121.75
, DistFront, 118.49, DistDow, 118.40, DistUp, 121.21
, DistFront, 118.04, DistDow, 118.81, DistUp, 121.12
, DistFrontMean, 117.96, DistDowMean, 117.91, DistUpMean, 121.09
, DistFront, 118.35, DistDow, 118.84, DistUp, 121.89
, DistFront, 117.84, DistDow, 118.35, DistUp, 120.49
, DistFront, 117.28, DistDow, 118.52, DistUp, 120.85
, DistFront, 118.03, DistDow, 118.83, DistUp, 119.83
, DistFront, 117.41, DistDow, 118.23, DistUp, 119.78
, DistFront, 117.82, DistDow, 117.67, DistUp, 120.39
, DistFront, 117.57, DistDow, 118.96, DistUp, 120.14
, DistFront, 117.47, DistDow, 117.40, DistUp, 120.05
, DistFront, 117.02, DistDow, 117.76, DistUp, 119.95
, DistFront, 116.77, DistDow, 118.47, DistUp, 119.81
, DistFront, 117.89, DistDow, 118.27, DistUp, 119.27
, DistFront, 116.96, DistDow, 117.74, DistUp, 120.12
, DistFront, 116.60, DistDow, 116.85, DistUp, 121.04
, DistFront, 116.56, DistDow, 117.47, DistUp, 118.91
, DistFront, 116.63, DistDow, 116.96, DistUp, 120.75
, DistFront, 117.09, DistDow, 117.09, DistUp, 119.49
, DistFront, 116.73, DistDow, 118.38, DistUp, 119.25
, DistFront, 116.92, DistDow, 118.06, DistUp, 120.61
, DistFront, 117.04, DistDow, 117.47, DistUp, 121.19
, DistFront, 117.62, DistDow, 118.52, DistUp, 120.03
, DistFrontMean, 117.33, DistDowMean, 118.52, DistUpMean, 120.14
, DistFront, 118.32, DistDow, 118.62, DistUp, 119.81
, DistFront, 117.60, DistDow, 118.38, DistUp, 120.82
, DistFront, 117.28, DistDow, 118.52, DistUp, 121.02
, DistFront, 117.87, DistDow, 118.27, DistUp, 120.70
, DistFront, 117.98, DistDow, 119.30, DistUp, 120.73
, DistFront, 118.03, DistDow, 119.74, DistUp, 121.19
, DistFront, 118.59, DistDow, 119.35, DistUp, 121.19
, DistFront, 118.23, DistDow, 119.06, DistUp, 121.24
, DistFront, 118.33, DistDow, 119.17, DistUp, 120.88
, DistFront, 118.49, DistDow, 119.74, DistUp, 120.60
, DistFront, 119.69, DistDow, 118.84, DistUp, 121.02
, DistFront, 119.66, DistDow, 118.78, DistUp, 121.46
, DistFront, 118.78, DistDow, 118.69, DistUp, 122.70
, DistFront, 118.23, DistDow, 119.61, DistUp, 123.06
, DistFront, 118.59, DistDow, 118.95, DistUp, 121.31
, DistFront, 118.62, DistDow, 118.47, DistUp, 120.85
, DistFront, 118.62, DistDow, 118.95, DistUp, 120.83
, DistFront, 118.20, DistDow, 119.34, DistUp, 122.11
, DistFront, 118.13, DistDow, 118.83, DistUp, 121.60
, DistFront, 118.42, DistDow, 118.38, DistUp, 121.14
, DistFrontMean, 117.98, DistDowMean, 118.38, DistUpMean, 120.68
, DistFront, 118.38, DistDow, 119.23, DistUp, 121.97
, DistFront, 118.76, DistDow, 118.71, DistUp, 122.35
, DistFront, 118.38, DistDow, 119.06, DistUp, 120.14
, DistFront, 117.77, DistDow, 118.11, DistUp, 120.53
, DistFront, 117.74, DistDow, 118.18, DistUp, 121.31
, DistFront, 118.13, DistDow, 118.95, DistUp, 120.39
, DistFront, 118.10, DistDow, 118.13, DistUp, 122.04
, DistFront, 117.57, DistDow, 118.83, DistUp, 120.27
, DistFront, 117.52, DistDow, 117.98, DistUp, 119.78
, DistFront, 117.06, DistDow, 118.78, DistUp, 119.74
, DistFront, 117.53, DistDow, 118.78, DistUp, 120.19
, DistFront, 118.32, DistDow, 117.87, DistUp, 120.63
, DistFront, 117.57, DistDow, 117.87, DistUp, 120.07
, DistFront, 117.57, DistDow, 118.32, DistUp, 119.66
, DistFront, 117.04, DistDow, 118.42, DistUp, 120.48
, DistFront, 117.47, DistDow, 118.32, DistUp, 120.46
, DistFront, 118.28, DistDow, 118.71, DistUp, 119.98
, DistFront, 117.38, DistDow, 118.71, DistUp, 121.21
, DistFront, 117.33, DistDow, 117.81, DistUp, 120.75
, DistFront, 118.25, DistDow, 117.74, DistUp, 120.32
, DistFrontMean, 117.26, DistDowMean, 118.69, DistUpMean, 120.77
, DistFront, 117.28, DistDow, 117.70, DistUp, 120.34
, DistFront, 117.28, DistDow, 117.69, DistUp, 119.49
, DistFront, 117.40, DistDow, 118.13, DistUp, 119.47
, DistFront, 117.74, DistDow, 117.70, DistUp, 119.97
, DistFront, 118.23, DistDow, 117.84, DistUp, 120.43
, DistFront, 117.41, DistDow, 117.82, DistUp, 120.49
, DistFront, 118.71, DistDow, 118.32, DistUp, 120.19
, DistFront, 117.53, DistDow, 118.38, DistUp, 121.04
, DistFront, 118.84, DistDow, 118.47, DistUp, 121.99
, DistFront, 117.67, DistDow, 118.62, DistUp, 121.21
, DistFront, 117.33, DistDow, 118.71, DistUp, 120.43
, DistFront, 117.82, DistDow, 118.20, DistUp, 120.10
, DistFront, 117.93, DistDow, 119.17, DistUp, 120.60
, DistFront, 117.57, DistDow, 119.27, DistUp, 120.26
, DistFront, 118.06, DistDow, 118.91, DistUp, 121.63
, DistFront, 118.55, DistDow, 119.06, DistUp, 122.13
, DistFront, 118.61, DistDow, 119.00, DistUp, 120.88
, DistFront, 118.74, DistDow, 119.46, DistUp, 120.48
, DistFront, 118.78, DistDow, 119.49, DistUp, 122.24
, DistFront, 118.69, DistDow, 119.06, DistUp, 120.95
, DistFrontMean, 117.84, DistDowMean, 118.62, DistUpMean, 121.39
, DistFront, 118.76, DistDow, 118.59, DistUp, 121.84
, DistFront, 119.06, DistDow, 118.61, DistUp, 120.95
, DistFront, 119.06, DistDow, 119.03, DistUp, 122.69
, DistFront, 118.18, DistDow, 118.98, DistUp, 120.90
, DistFront, 118.13, DistDow, 119.35, DistUp, 121.31
, DistFront, 118.11, DistDow, 118.52, DistUp, 121.68
, DistFront, 118.10, DistDow, 118.49, DistUp, 120.82
, DistFront, 118.06, DistDow, 118.38, DistUp, 120.34
, DistFront, 118.06, DistDow, 118.47, DistUp, 120.77
, DistFront, 118.49, DistDow, 118.49, DistUp, 121.67
, DistFront, 118.52, DistDow, 119.74, DistUp, 121.67
, DistFront, 118.16, DistDow, 119.35, DistUp, 121.26
, DistFront, 118.67, DistDow, 118.95, DistUp, 122.60
, DistFront, 118.13, DistDow, 118.91, DistUp, 120.88
, DistFront, 118.13, DistDow, 119.35, DistUp, 120.90
, DistFront, 118.59, DistDow, 119.39, DistUp, 121.75
, DistFront, 119.00, DistDow, 118.95, DistUp, 121.33
, DistFront, 118.10, DistDow, 119.39, DistUp, 120.46
, DistFront, 119.47, DistDow, 118.91, DistUp, 120.85
, DistFront, 118.52, DistDow, 118.91, DistUp, 121.28
, DistFrontMean, 118.54, DistDowMean, 118.91, DistUpMean, 121.31
, DistFront, 118.52, DistDow, 119.30, DistUp, 121.26
, DistFront, 119.34, DistDow, 118.98, DistUp, 121.24
, DistFront, 118.47, DistDow, 119.27, DistUp, 120.78
, DistFront, 118.13, DistDow, 118.38, DistUp, 120.78
, DistFront, 118.03, DistDow, 118.81, DistUp, 122.48
, DistFront, 118.47, DistDow, 118.35, DistUp, 121.19
, DistFront, 118.03, DistDow, 119.27, DistUp, 120.34
, DistFront, 118.03, DistDow, 119.35, DistUp, 120.78
, DistFront, 117.62, DistDow, 119.32, DistUp, 120.37
, DistFront, 118.54, DistDow, 118.52, DistUp, 120.83
, DistFront, 118.96, DistDow, 118.91, DistUp, 120.85
, DistFront, 118.13, DistDow, 118.47, DistUp, 120.85
, DistFront, 118.55, DistDow, 118.49, DistUp, 120.85
, DistFront, 118.16, DistDow, 118.95, DistUp, 121.31
, DistFront, 118.32, DistDow, 119.39, DistUp, 120.46
, DistFront, 118.59, DistDow, 118.52, DistUp, 121.34
, DistFront, 118.62, DistDow, 119.40, DistUp, 120.48
, DistFront, 119.47, DistDow, 119.42, DistUp, 120.95
, DistFront, 118.23, DistDow, 119.03, DistUp, 121.84
, DistFront, 118.67, DistDow, 119.03, DistUp, 120.60
, DistFrontMean, 118.27, DistDowMean, 119.05, DistUpMean, 120.61
, DistFront, 118.71, DistDow, 119.12, DistUp, 120.61
, DistFront, 119.59, DistDow, 119.98, DistUp, 121.11
, DistFront, 119.63, DistDow, 118.69, DistUp, 121.60
, DistFront, 118.52, DistDow, 119.68, DistUp, 121.63
, DistFront, 118.91, DistDow, 119.71, DistUp, 120.83
, DistFront, 119.42, DistDow, 118.91, DistUp, 121.77
, DistFront, 118.64, DistDow, 119.88, DistUp, 122.28
, DistFront, 119.56, DistDow, 119.47, DistUp, 121.90
, DistFront, 118.74, DistDow, 120.02, DistUp, 121.53
, DistFront, 118.81, DistDow, 120.07, DistUp, 121.56
, DistFront, 118.83, DistDow, 120.49, DistUp, 123.35
, DistFront, 119.32, DistDow, 118.91, DistUp, 121.67
, DistFront, 118.95, DistDow, 120.19, DistUp, 122.16
, DistFront, 118.96, DistDow, 119.32, DistUp, 122.16
, DistFront, 119.42, DistDow, 119.32, DistUp, 121.75
, DistFront, 119.42, DistDow, 120.24, DistUp, 122.09
, DistFront, 118.98, DistDow, 119.39, DistUp, 123.04
, DistFront, 119.42, DistDow, 119.35, DistUp, 121.75
, DistFront, 119.42, DistDow, 119.35, DistUp, 121.75
, DistFront, 119.42, DistDow, 120.24, DistUp, 122.19
, DistFrontMean, 118.98, DistDowMean, 120.24, DistUpMean, 123.45
, DistFront, 118.96, DistDow, 119.76, DistUp, 121.68
, DistFront, 119.32, DistDow, 120.14, DistUp, 121.67
, DistFront, 119.74, DistDow, 119.68, DistUp, 123.35
, DistFront, 119.78, DistDow, 119.18, DistUp, 121.60
, DistFront, 119.23, DistDow, 119.56, DistUp, 122.84
, DistFront, 119.17, DistDow, 119.52, DistUp, 121.48
, DistFront, 119.27, DistDow, 119.06, DistUp, 121.89
, DistFront, 118.67, DistDow, 120.32, DistUp, 121.38
, DistFront, 119.06, DistDow, 120.39, DistUp, 122.24
, DistFront, 118.67, DistDow, 119.83, DistUp, 122.64
, DistFront, 118.55, DistDow, 119.78, DistUp, 121.73
, DistFront, 118.54, DistDow, 119.42, DistUp, 121.70
, DistFront, 118.95, DistDow, 118.83, DistUp, 122.11
, DistFront, 118.91, DistDow, 119.69, DistUp, 121.19
, DistFront, 119.34, DistDow, 119.68, DistUp, 121.21
, DistFront, 119.27, DistDow, 118.88, DistUp, 121.60
, DistFront, 118.42, DistDow, 119.63, DistUp, 122.02
, DistFront, 118.83, DistDow, 119.18, DistUp, 121.14
, DistFront, 119.23, DistDow, 119.17, DistUp, 122.84
, DistFront, 118.78, DistDow, 118.78, DistUp, 121.14
, DistFrontMean, 118.81, DistDowMean, 119.56, DistUpMean, 121.97
, DistFront, 118.35, DistDow, 118.67, DistUp, 122.84
, DistFront, 118.78, DistDow, 119.10, DistUp, 121.11
, DistFront, 118.35, DistDow, 119.54, DistUp, 121.11
, DistFront, 118.84, DistDow, 118.62, DistUp, 121.53
, DistFront, 118.42, DistDow, 118.67, DistUp, 120.66
, DistFront, 119.17, DistDow, 119.12, DistUp, 120.63
, DistFront, 118.32, DistDow, 119.10, DistUp, 120.73
, DistFront, 118.71, DistDow, 118.59, DistUp, 121.05
, DistFront, 118.69, DistDow, 119.91, DistUp, 121.04
, DistFront, 117.82, DistDow, 119.17, DistUp, 121.89
, DistFront, 118.25, DistDow, 119.00, DistUp, 120.97
, DistFront, 118.25, DistDow, 119.00, DistUp, 123.13
, DistFront, 119.17, DistDow, 119.00, DistUp, 121.41
, DistFront, 118.61, DistDow, 118.49, DistUp, 121.73
, DistFront, 119.00, DistDow, 118.49, DistUp, 120.92
, DistFront, 118.11, DistDow, 118.89, DistUp, 120.88
, DistFront, 118.54, DistDow, 119.88, DistUp, 121.75
, DistFront, 118.10, DistDow, 119.32, DistUp, 122.16
, DistFront, 119.05, DistDow, 118.42, DistUp, 121.26
, DistFront, 118.47, DistDow, 120.12, DistUp, 121.26
, DistFrontMean, 118.49, DistDowMean, 118.84, DistUpMean, 122.55
, DistFront, 118.49, DistDow, 119.27, DistUp, 122.45
, DistFront, 118.49, DistDow, 119.27, DistUp, 121.26
, DistFront, 118.88, DistDow, 119.68, DistUp, 120.78
, DistFront, 118.54, DistDow, 118.32, DistUp, 122.11
, DistFront, 118.54, DistDow, 118.35, DistUp, 121.67
, DistFront, 117.98, DistDow, 118.78, DistUp, 120.75
, DistFront, 117.98, DistDow, 119.18, DistUp, 121.17
, DistFront, 117.91, DistDow, 118.27, DistUp, 123.71
, DistFront, 118.35, DistDow, 119.12, DistUp, 120.70
, DistFront, 118.76, DistDow, 118.83, DistUp, 120.70
, DistFront, 118.33, DistDow, 118.35, DistUp, 121.12
, DistFront, 117.52, DistDow, 119.12, DistUp, 120.26
, DistFront, 119.18, DistDow, 119.13, DistUp, 122.89
, DistFront, 118.42, DistDow, 119.13, DistUp, 120.73
, DistFront, 117.96, DistDow, 118.27, DistUp, 120.77
, DistFront, 117.99, DistDow, 119.18, DistUp, 120.82
, DistFront, 118.03, DistDow, 118.35, DistUp, 120.85
, DistFront, 118.10, DistDow, 118.35, DistUp, 120.90
, DistFront, 118.98, DistDow, 119.32, DistUp, 121.80
, DistFront, 118.18, DistDow, 118.52, DistUp, 120.99
, DistFrontMean, 119.47, DistDowMean, 118.55, DistUpMean, 121.05
, DistFront, 118.23, DistDow, 118.55, DistUp, 121.48
, DistFront, 118.32, DistDow, 118.61, DistUp, 121.99
, DistFront, 117.93, DistDow, 119.68, DistUp, 122.91
, DistFront, 118.98, DistDow, 120.07, DistUp, 122.13
, DistFront, 118.91, DistDow, 120.12, DistUp, 122.64
, DistFront, 118.59, DistDow, 119.39, DistUp, 122.26
, DistFront, 118.62, DistDow, 119.85, DistUp, 121.46
, DistFront, 119.12, DistDow, 119.03, DistUp, 121.53
, DistFront, 119.17, DistDow, 119.18, DistUp, 122.04
, DistFront, 119.76, DistDow, 119.12, DistUp, 122.11
, DistFront, 120.12, DistDow, 119.74, DistUp, 122.55
, DistFront, 119.42, DistDow, 120.10, DistUp, 121.28
, DistFront, 119.35, DistDow, 120.12, DistUp, 121.28
, DistFront, 120.34, DistDow, 120.19, DistUp, 121.75
, DistFront, 119.35, DistDow, 120.70, DistUp, 121.70
, DistFront, 119.03, DistDow, 119.74, DistUp, 122.60
, DistFront, 119.78, DistDow, 119.68, DistUp, 122.19
, DistFront, 118.91, DistDow, 119.23, DistUp, 122.99
, DistFront, 119.32, DistDow, 119.18, DistUp, 122.53
, DistFront, 119.71, DistDow, 119.17, DistUp, 122.11
, DistFrontMean, 118.81, DistDowMean, 119.12, DistUpMean, 121.21
, DistFront, 118.83, DistDow, 120.43, DistUp, 121.17
, DistFront, 118.78, DistDow, 119.05, DistUp, 123.23
, DistFront, 118.74, DistDow, 119.46, DistUp, 121.56
, DistFront, 119.10, DistDow, 119.40, DistUp, 121.50
, DistFront, 118.76, DistDow, 119.81, DistUp, 121.46
, DistFront, 118.61, DistDow, 119.74, DistUp, 122.31
, DistFront, 118.54, DistDow, 119.69, DistUp, 121.33
, DistFront, 118.59, DistDow, 119.23, DistUp, 121.75
, DistFront, 119.30, DistDow, 119.59, DistUp, 121.24
, DistFront, 118.78, DistDow, 118.67, DistUp, 122.55
, DistFront, 118.28, DistDow, 119.06, DistUp, 121.60
, DistFront, 118.38, DistDow, 118.59, DistUp, 121.55
, DistFront, 119.52, DistDow, 118.54, DistUp, 121.55
, DistFront, 118.23, DistDow, 118.98, DistUp, 120.66
, DistFront, 118.23, DistDow, 118.62, DistUp, 121.04
, DistFront, 118.23, DistDow, 119.42, DistUp, 121.50
, DistFront, 118.67, DistDow, 118.55, DistUp, 122.81
, DistFront, 118.27, DistDow, 118.61, DistUp, 121.09
, DistFront, 118.33, DistDow, 119.52, DistUp, 122.47
, DistFront, 118.78, DistDow, 119.56, DistUp, 121.63
, DistFrontMean, 119.25, DistDowMean, 119.18, DistUpMean, 122.11
, DistFront, 118.83, DistDow, 118.83, DistUp, 122.55
, DistFront, 118.45, DistDow, 119.63, DistUp, 121.28
, DistFront, 118.89, DistDow, 118.71, DistUp, 121.31
, DistFront, 118.89, DistDow, 118.78, DistUp, 121.28
, DistFront, 119.71, DistDow, 119.66, DistUp, 122.52
, DistFront, 118.47, DistDow, 118.78, DistUp, 123.52
, DistFront, 118.03, DistDow, 119.23, DistUp, 121.82
, DistFront, 118.95, DistDow, 118.78, DistUp, 121.39
, DistFront, 119.39, DistDow, 119.68, DistUp, 122.24
, DistFront, 118.54, DistDow, 118.83, DistUp, 121.84
, DistFront, 118.98, DistDow, 119.74, DistUp, 121.02
, DistFront, 118.54, DistDow, 119.74, DistUp, 121.80
, DistFront, 118.52, DistDow, 119.30, DistUp, 122.24
, DistFront, 119.10, DistDow, 119.74, DistUp, 121.80
, DistFront, 118.54, DistDow, 118.84, DistUp, 123.10
, DistFront, 118.96, DistDow, 119.71, DistUp, 121.82
, DistFront, 118.64, DistDow, 118.84, DistUp, 121.38
, DistFront, 118.98, DistDow, 119.30, DistUp, 121.82
, DistFront, 118.98, DistDow, 118.96, DistUp, 121.82
, DistFront, 118.54, DistDow, 118.83, DistUp, 121.82
, DistFrontMean, 118.54, DistDowMean, 119.71, DistUpMean, 121.39
, DistFront, 118.54, DistDow, 119.32, DistUp, 122.24
, DistFront, 119.42, DistDow, 118.89, DistUp, 122.60
, DistFront, 119.03, DistDow, 119.34, DistUp, 121.46
, DistFront, 119.47, DistDow, 119.78, DistUp, 121.45
, DistFront, 118.64, DistDow, 118.95, DistUp, 122.26
, DistFront, 119.10, DistDow, 119.83, DistUp, 121.96
, DistFront, 118.81, DistDow, 119.46, DistUp, 121.50
, DistFront, 119.13, DistDow, 120.31, DistUp, 123.71
, DistFront, 119.23, DistDow, 119.46, DistUp, 121.97
, DistFront, 118.67, DistDow, 119.90, DistUp, 122.38
, DistFront, 119.91, DistDow, 119.42, DistUp, 122.35
, DistFront, 118.64, DistDow, 119.78, DistUp, 121.46
, DistFront, 118.59, DistDow, 119.85, DistUp, 121.84
, DistFront, 119.03, DistDow, 119.25, DistUp, 121.39
, DistFront, 118.88, DistDow, 119.18, DistUp, 121.73
, DistFront, 118.83, DistDow, 119.13, DistUp, 121.31
, DistFront, 119.25, DistDow, 118.67, DistUp, 121.26
, DistFront, 118.35, DistDow, 119.52, DistUp, 121.68
, DistFront, 118.33, DistDow, 119.10, DistUp, 121.21
, DistFront, 118.78, DistDow, 118.59, DistUp, 122.04
, DistFrontMean, 117.91, DistDowMean, 119.03, DistUpMean, 122.04
, DistFront, 118.74, DistDow, 119.88, DistUp, 122.91
, DistFront, 118.23, DistDow, 119.39, DistUp, 122.84
, DistFront, 118.23, DistDow, 118.47, DistUp, 122.84
, DistFront, 118.74, DistDow, 119.34, DistUp, 121.48
, DistFront, 118.59, DistDow, 119.30, DistUp, 121.04
, DistFront, 118.10, DistDow, 119.25, DistUp, 121.46
, DistFront, 118.06, DistDow, 118.45, DistUp, 123.16
, DistFront, 118.06, DistDow, 118.33, DistUp, 123.11
, DistFront, 118.13, DistDow, 118.27, DistUp, 122.21
, DistFront, 118.40, DistDow, 118.25, DistUp, 121.75
, DistFront, 118.35, DistDow, 118.20, DistUp, 121.21
, DistFront, 118.33, DistDow, 118.16, DistUp, 120.77
, DistFront, 117.82, DistDow, 118.06, DistUp, 121.99
, DistFront, 118.23, DistDow, 118.04, DistUp, 120.68
, DistFront, 117.74, DistDow, 117.99, DistUp, 122.35
, DistFront, 118.54, DistDow, 118.04, DistUp, 121.90
, DistFront, 118.52, DistDow, 117.91, DistUp, 121.41
, DistFront, 118.04, DistDow, 117.87, DistUp, 121.80
, DistFront, 118.45, DistDow, 118.28, DistUp, 120.95
, DistFront, 117.11, DistDow, 118.67, DistUp, 120.90
, DistFrontMean, 117.98, DistDowMean, 118.25, DistUpMean, 120.43
, DistFront, 117.64, DistDow, 117.81, DistUp, 120.43
, DistFront, 117.62, DistDow, 118.67, DistUp, 122.13
, DistFront, 117.57, DistDow, 117.77, DistUp, 120.82
, DistFront, 117.57, DistDow, 118.62, DistUp, 121.70
, DistFront, 117.57, DistDow, 117.76, DistUp, 120.83
, DistFront, 117.53, DistDow, 117.77, DistUp, 121.75
, DistFront, 118.83, DistDow, 118.27, DistUp, 120.49
, DistFront, 118.04, DistDow, 117.87, DistUp, 121.39
, DistFront, 118.06, DistDow, 117.91, DistUp, 120.60
, DistFront, 118.13, DistDow, 117.52, DistUp, 121.96
, DistFront, 117.74, DistDow, 118.03, DistUp, 121.55
, DistFront, 118.69, DistDow, 118.10, DistUp, 121.21
, DistFront, 117.98, DistDow, 118.13, DistUp, 120.78
, DistFront, 118.47, DistDow, 118.69, DistUp, 121.28
, DistFront, 118.03, DistDow, 118.28, DistUp, 122.60
, DistFront, 118.47, DistDow, 118.81, DistUp, 121.38
, DistFront, 118.10, DistDow, 119.35, DistUp, 121.39
, DistFront, 118.11, DistDow, 118.35, DistUp, 122.70
, DistFront, 118.23, DistDow, 118.03, DistUp, 121.02
, DistFront, 118.28, DistDow, 118.88, DistUp, 122.35
, DistFrontMean, 118.28, DistDowMean, 119.32, DistUpMean, 121.96
, DistFront, 118.32, DistDow, 118.47, DistUp, 123.25
, DistFront, 118.20, DistDow, 119.34, DistUp, 121.11
, DistFront, 118.23, DistDow, 118.96, DistUp, 121.56
, DistFront, 118.25, DistDow, 119.06, DistUp, 122.06
, DistFront, 118.40, DistDow, 118.59, DistUp, 122.45
, DistFront, 118.28, DistDow, 118.59, DistUp, 121.53
, DistFront, 118.33, DistDow, 119.52, DistUp, 121.63
, DistFront, 118.35, DistDow, 119.12, DistUp, 121.68
, DistFront, 118.47, DistDow, 119.10, DistUp, 121.24
, DistFront, 119.25, DistDow, 119.56, DistUp, 121.67
, DistFront, 118.38, DistDow, 118.78, DistUp, 122.11
, DistFront, 118.49, DistDow, 118.69, DistUp, 122.11
, DistFront, 118.35, DistDow, 118.69, DistUp, 122.55
, DistFront, 119.25, DistDow, 119.27, DistUp, 121.26
, DistFront, 118.47, DistDow, 119.61, DistUp, 122.62
, DistFront, 118.47, DistDow, 119.63, DistUp, 122.67
, DistFront, 118.49, DistDow, 118.42, DistUp, 121.41
, DistFront, 118.54, DistDow, 119.30, DistUp, 121.46
, DistFront, 118.13, DistDow, 118.89, DistUp, 122.24
, DistFront, 119.90, DistDow, 119.90, DistUp, 123.27
, DistFrontMean, 119.10, DistDowMean, 119.03, DistUpMean, 123.27
, DistFront, 118.71, DistDow, 119.39, DistUp, 123.32
, DistFront, 119.13, DistDow, 119.42, DistUp, 122.82
, DistFront, 119.98, DistDow, 118.98, DistUp, 122.06
, DistFront, 118.74, DistDow, 119.88, DistUp, 123.25
, DistFront, 119.18, DistDow, 119.61, DistUp, 121.63
, DistFront, 119.18, DistDow, 119.47, DistUp, 121.19
, DistFront, 118.74, DistDow, 119.49, DistUp, 121.14
, DistFront, 118.74, DistDow, 118.69, DistUp, 121.62
, DistFront, 118.83, DistDow, 119.49, DistUp, 122.06
, DistFront, 118.69, DistDow, 119.47, DistUp, 121.60
, DistFront, 119.12, DistDow, 119.05, DistUp, 122.40
, DistFront, 118.69, DistDow, 119.40, DistUp, 121.97
, DistFront, 118.78, DistDow, 118.91, DistUp, 122.77
, DistFront, 118.98, DistDow, 119.30, DistUp, 121.39
, DistFront, 118.91, DistDow, 119.23, DistUp, 121.80
, DistFront, 119.39, DistDow, 118.69, DistUp, 122.13
, DistFront, 118.78, DistDow, 119.05, DistUp, 122.91
, DistFront, 118.27, DistDow, 119.52, DistUp, 121.12
, DistFront, 118.74, DistDow, 118.45, DistUp, 121.90
, DistFront, 118.67, DistDow, 118.84, DistUp, 123.13
, DistFrontMean, 118.18, DistDowMean, 118.81, DistUpMean, 123.11
, DistFront, 118.16, DistDow, 118.35, DistUp, 121.38
, DistFront, 118.47, DistDow, 118.32, DistUp, 121.67
, DistFront, 118.45, DistDow, 118.32, DistUp, 121.75
, DistFront, 118.45, DistDow, 118.40, DistUp, 121.77
, DistFront, 118.49, DistDow, 118.78, DistUp, 121.77
, DistFront, 118.18, DistDow, 119.23, DistUp, 121.82
, DistFront, 118.06, DistDow, 119.25, DistUp, 121.84
, DistFront, 118.95, DistDow, 119.27, DistUp, 122.26
, DistFront, 118.11, DistDow, 118.52, DistUp, 121.84
, DistFront, 118.06, DistDow, 119.27, DistUp, 121.39
, DistFront, 118.28, DistDow, 117.96, DistUp, 120.99
, DistFront, 118.98, DistDow, 119.30, DistUp, 120.60
, DistFront, 118.13, DistDow, 118.83, DistUp, 120.61
, DistFront, 118.59, DistDow, 118.83, DistUp, 120.99
, DistFront, 119.39, DistDow, 118.47, DistUp, 121.04
, DistFront, 118.54, DistDow, 118.38, DistUp, 122.28
, DistFront, 118.54, DistDow, 118.83, DistUp, 121.41
, DistFront, 118.06, DistDow, 119.66, DistUp, 120.97
, DistFront, 118.10, DistDow, 118.78, DistUp, 122.24
, DistFront, 118.06, DistDow, 119.34, DistUp, 120.95
, DistFrontMean, 118.10, DistDowMean, 118.35, DistUpMean, 120.95
, DistFront, 118.10, DistDow, 118.32, DistUp, 120.97
, DistFront, 118.95, DistDow, 118.89, DistUp, 121.38
, DistFront, 118.04, DistDow, 119.23, DistUp, 121.39
, DistFront, 118.59, DistDow, 117.93, DistUp, 121.39
, DistFront, 118.20, DistDow, 119.25, DistUp, 121.82
, DistFront, 118.96, DistDow, 118.96, DistUp, 120.92
, DistFront, 118.11, DistDow, 119.71, DistUp, 120.97
, DistFront, 118.55, DistDow, 118.45, DistUp, 121.39
, DistFront, 118.55, DistDow, 119.34, DistUp, 121.84
, DistFront, 118.16, DistDow, 118.49, DistUp, 120.99
, DistFront, 118.74, DistDow, 118.91, DistUp, 121.05
, DistFront, 119.47, DistDow, 119.39, DistUp, 120.60
, DistFront, 118.23, DistDow, 118.98, DistUp, 121.96
, DistFront, 118.23, DistDow, 118.06, DistUp, 122.82
, DistFront, 118.23, DistDow, 118.06, DistUp, 121.96
, DistFront, 118.23, DistDow, 118.98, DistUp, 121.11
, DistFront, 118.25, DistDow, 118.98, DistUp, 121.11
, DistFront, 118.69, DistDow, 119.39, DistUp, 121.09
, DistFront, 118.33, DistDow, 118.49, DistUp, 121.96
, DistFront, 118.25, DistDow, 118.52, DistUp, 121.55
, DistFrontMean, 118.67, DistDowMean, 118.11, DistUpMean, 121.99
, DistFront, 119.12, DistDow, 119.42, DistUp, 121.14
, DistFront, 118.27, DistDow, 119.42, DistUp, 122.45
, DistFront, 118.71, DistDow, 118.64, DistUp, 121.60
, DistFront, 118.74, DistDow, 119.05, DistUp, 122.48
, DistFront, 118.83, DistDow, 118.59, DistUp, 123.35
, DistFront, 118.33, DistDow, 119.47, DistUp, 122.52
, DistFront, 118.32, DistDow, 118.59, DistUp, 121.63
, DistFront, 118.76, DistDow, 118.55, DistUp, 122.93
, DistFront, 118.71, DistDow, 118.55, DistUp, 121.63
, DistFront, 118.71, DistDow, 118.55, DistUp, 122.91
, DistFront, 118.35, DistDow, 118.49, DistUp, 123.33
, DistFront, 118.67, DistDow, 118.96, DistUp, 122.41
, DistFront, 118.23, DistDow, 118.03, DistUp, 121.11
, DistFront, 118.18, DistDow, 117.99, DistUp, 122.38
, DistFront, 118.16, DistDow, 119.00, DistUp, 122.35
, DistFront, 119.39, DistDow, 118.45, DistUp, 121.46
, DistFront, 118.11, DistDow, 118.40, DistUp, 121.85
, DistFront, 118.52, DistDow, 118.33, DistUp, 124.35
, DistFront, 117.99, DistDow, 118.28, DistUp, 121.34
, DistFront, 118.42, DistDow, 117.93, DistUp, 121.31
, DistFrontMean, 117.98, DistDowMean, 119.13, DistUpMean, 120.83
, DistFront, 118.40, DistDow, 118.23, DistUp, 122.55
, DistFront, 117.87, DistDow, 118.64, DistUp, 122.11
, DistFront, 118.33, DistDow, 118.13, DistUp, 121.63
, DistFront, 118.28, DistDow, 118.25, DistUp, 120.75
, DistFront, 117.84, DistDow, 118.62, DistUp, 121.55
, DistFront, 117.77, DistDow, 118.95, DistUp, 121.04
, DistFront, 117.74, DistDow, 118.47, DistUp, 120.60
, DistFront, 118.11, DistDow, 118.42, DistUp, 123.16
, DistFront, 117.69, DistDow, 117.96, DistUp, 121.85
, DistFront, 118.10, DistDow, 118.38, DistUp, 120.49
, DistFront, 117.70, DistDow, 118.38, DistUp, 120.49
, DistFront, 118.04, DistDow, 117.87, DistUp, 120.03
, DistFront, 117.69, DistDow, 118.32, DistUp, 122.99
, DistFront, 117.98, DistDow, 117.81, DistUp, 120.39
, DistFront, 117.64, DistDow, 117.82, DistUp, 120.78
, DistFront, 117.13, DistDow, 117.77, DistUp, 122.52
, DistFront, 117.60, DistDow, 118.62, DistUp, 121.19
, DistFront, 117.53, DistDow, 117.74, DistUp, 122.47
, DistFront, 117.96, DistDow, 117.67, DistUp, 121.14
, DistFront, 117.48, DistDow, 117.67, DistUp, 120.24
, DistFrontMean, 117.38, DistDowMean, 118.13, DistUpMean, 121.96
, DistFront, 117.38, DistDow, 118.11, DistUp, 120.19
, DistFront, 118.20, DistDow, 117.62, DistUp, 123.18
, DistFront, 117.31, DistDow, 118.04, DistUp, 123.98
, DistFront, 117.28, DistDow, 117.60, DistUp, 120.56
, DistFront, 117.70, DistDow, 118.91, DistUp, 120.97
, DistFront, 117.26, DistDow, 118.47, DistUp, 120.95
, DistFront, 117.67, DistDow, 117.99, DistUp, 120.63
, DistFront, 117.67, DistDow, 117.55, DistUp, 121.77
, DistFront, 117.28, DistDow, 118.38, DistUp, 120.48
, DistFront, 117.70, DistDow, 117.93, DistUp, 120.46
, DistFront, 117.16, DistDow, 117.53, DistUp, 120.02
, DistFront, 117.16, DistDow, 117.89, DistUp, 120.88
, DistFront, 116.67, DistDow, 117.87, DistUp, 120.43
, DistFront, 117.09, DistDow, 116.96, DistUp, 119.56
, DistFront, 117.64, DistDow, 117.87, DistUp, 120.85
, DistFront, 117.64, DistDow, 117.82, DistUp, 120.83
, DistFront, 117.09, DistDow, 118.38, DistUp, 119.98
, DistFront, 118.35, DistDow, 118.35, DistUp, 120.43
, DistFront, 117.52, DistDow, 117.38, DistUp, 120.88
, DistFront, 117.52, DistDow, 116.90, DistUp, 120.83
, DistFrontMean, 117.24, DistDowMean, 118.64, DistUpMean, 119.98
, DistFront, 116.68, DistDow, 117.47, DistUp, 119.98
, DistFront, 117.09, DistDow, 117.38, DistUp, 119.98
, DistFront, 117.06, DistDow, 117.40, DistUp, 120.83
, DistFront, 117.53, DistDow, 117.38, DistUp, 120.83
, DistFront, 117.62, DistDow, 117.82, DistUp, 119.54
, DistFront, 117.13, DistDow, 117.35, DistUp, 120.83
, DistFront, 117.53, DistDow, 118.27, DistUp, 120.39
, DistFront, 117.52, DistDow, 117.82, DistUp, 120.10
, DistFront, 117.19, DistDow, 117.38, DistUp, 121.26
, DistFront, 117.09, DistDow, 118.28, DistUp, 121.70
, DistFront, 117.13, DistDow, 117.47, DistUp, 121.70
, DistFront, 117.13, DistDow, 117.53, DistUp, 120.43
, DistFront, 118.04, DistDow, 118.33, DistUp, 120.03
, DistFront, 117.62, DistDow, 118.49, DistUp, 122.67
, DistFront, 117.28, DistDow, 117.52, DistUp, 120.54
, DistFront, 116.89, DistDow, 117.28, DistUp, 120.19
, DistFront, 117.40, DistDow, 117.74, DistUp, 121.14
, DistFront, 117.41, DistDow, 117.70, DistUp, 120.78
, DistFront, 118.35, DistDow, 118.35, DistUp, 120.39
, DistFront, 118.42, DistDow, 117.98, DistUp, 120.43
, DistFrontMean, 117.62, DistDowMean, 118.78, DistUpMean, 121.38
, DistFront, 118.52, DistDow, 117.96, DistUp, 121.84
, DistFront, 117.26, DistDow, 117.99, DistUp, 121.02
, DistFront, 118.16, DistDow, 118.04, DistUp, 121.97
, DistFront, 118.20, DistDow, 118.67, DistUp, 121.11
, DistFront, 117.81, DistDow, 119.10, DistUp, 121.14
, DistFront, 117.84, DistDow, 118.11, DistUp, 121.62
, DistFront, 118.38, DistDow, 119.42, DistUp, 120.75
, DistFront, 117.98, DistDow, 118.16, DistUp, 121.19
, DistFront, 118.74, DistDow, 118.62, DistUp, 120.85
, DistFront, 117.89, DistDow, 118.62, DistUp, 121.19
, DistFront, 117.87, DistDow, 118.62, DistUp, 122.04
, DistFront, 117.87, DistDow, 118.10, DistUp, 120.73
, DistFront, 119.06, DistDow, 118.16, DistUp, 120.68
, DistFront, 117.70, DistDow, 118.11, DistUp, 121.09
, DistFront, 118.91, DistDow, 117.87, DistUp, 120.54
, DistFront, 118.03, DistDow, 118.32, DistUp, 121.38
, DistFront, 117.60, DistDow, 118.25, DistUp, 121.33
, DistFront, 118.04, DistDow, 118.64, DistUp, 121.31
, DistFront, 118.04, DistDow, 118.23, DistUp, 121.70
, DistFront, 117.48, DistDow, 118.20, DistUp, 121.31
, DistFrontMean, 118.04, DistDowMean, 118.64, DistUpMean, 121.31
, DistFront, 117.64, DistDow, 117.76, DistUp, 121.31
, DistFront, 117.19, DistDow, 118.69, DistUp, 121.75
, DistFront, 117.70, DistDow, 118.27, DistUp, 121.34
, DistFront, 117.60, DistDow, 117.87, DistUp, 120.95
, DistFront, 117.64, DistDow, 118.78, DistUp, 121.89
, DistFront, 118.95, DistDow, 117.52, DistUp, 120.61
, DistFront, 118.59, DistDow, 118.88, DistUp, 121.11
, DistFront, 117.81, DistDow, 118.03, DistUp, 121.14
, DistFront, 117.84, DistDow, 118.06, DistUp, 122.52
, DistFront, 118.33, DistDow, 119.03, DistUp, 122.55
, DistFront, 118.47, DistDow, 119.06, DistUp, 120.88
, DistFront, 118.88, DistDow, 118.71, DistUp, 121.39
, DistFront, 118.49, DistDow, 118.76, DistUp, 121.89
, DistFront, 118.18, DistDow, 119.23, DistUp, 121.48
, DistFront, 119.39, DistDow, 120.07, DistUp, 122.40
, DistFront, 119.42, DistDow, 119.30, DistUp, 122.87
, DistFront, 118.74, DistDow, 119.32, DistUp, 122.02
, DistFront, 118.64, DistDow, 118.89, DistUp, 121.14
, DistFront, 118.69, DistDow, 119.05, DistUp, 121.62
, DistFront, 118.23, DistDow, 118.52, DistUp, 121.24
, DistFrontMean, 118.71, DistDowMean, 118.52, DistUpMean, 121.67
, DistFront, 118.71, DistDow, 119.83, DistUp, 121.67
, DistFront, 118.28, DistDow, 119.46, DistUp, 124.27
, DistFront, 119.56, DistDow, 118.55, DistUp, 122.84
, DistFront, 118.28, DistDow, 118.67, DistUp, 121.63
, DistFront, 118.33, DistDow, 119.05, DistUp, 122.09
, DistFront, 118.33, DistDow, 119.00, DistUp, 123.27
, DistFront, 119.56, DistDow, 118.54, DistUp, 121.67
, DistFront, 118.25, DistDow, 118.54, DistUp, 123.23
, DistFront, 118.25, DistDow, 119.39, DistUp, 121.62
, DistFront, 118.20, DistDow, 118.06, DistUp, 122.02
, DistFront, 117.77, DistDow, 118.47, DistUp, 122.82
, DistFront, 118.13, DistDow, 118.88, DistUp, 121.46
, DistFront, 118.67, DistDow, 119.30, DistUp, 121.90
, DistFront, 118.04, DistDow, 118.83, DistUp, 120.99
, DistFront, 118.54, DistDow, 118.35, DistUp, 121.85
, DistFront, 118.04, DistDow, 119.23, DistUp, 123.59
, DistFront, 118.10, DistDow, 118.33, DistUp, 121.39
, DistFront, 118.10, DistDow, 119.23, DistUp, 120.99
, DistFront, 118.52, DistDow, 118.35, DistUp, 121.45
, DistFront, 119.39, DistDow, 118.35, DistUp, 122.77
, DistFrontMean, 118.13, DistDowMean, 118.06, DistUpMean, 121.50
, DistFront, 118.11, DistDow, 118.42, DistUp, 122.35
, DistFront, 118.69, DistDow, 118.42, DistUp, 121.55
, DistFront, 118.18, DistDow, 118.45, DistUp, 122.74
, DistFront, 119.05, DistDow, 119.35, DistUp, 121.11
, DistFront, 118.28, DistDow, 118.47, DistUp, 121.56
, DistFront, 118.25, DistDow, 118.49, DistUp, 124.03
, DistFront, 118.23, DistDow, 118.96, DistUp, 122.02
, DistFront, 118.67, DistDow, 119.42, DistUp, 122.84
, DistFront, 118.23, DistDow, 118.52, DistUp, 122.04
, DistFront, 118.28, DistDow, 118.11, DistUp, 122.89
, DistFront, 118.35, DistDow, 119.06, DistUp, 124.25
, DistFront, 118.38, DistDow, 119.13, DistUp, 121.68
, DistFront, 118.40, DistDow, 119.98, DistUp, 122.55
, DistFront, 118.95, DistDow, 119.13, DistUp, 122.55
, DistFront, 118.83, DistDow, 120.12, DistUp, 122.11
, DistFront, 118.38, DistDow, 119.13, DistUp, 122.98
, DistFront, 118.83, DistDow, 118.69, DistUp, 121.68
, DistFront, 118.38, DistDow, 118.67, DistUp, 121.63
, DistFront, 119.27, DistDow, 118.69, DistUp, 122.55
, DistFront, 118.98, DistDow, 119.66, DistUp, 122.16
, DistFrontMean, 118.88, DistDowMean, 118.74, DistUpMean, 122.11
, DistFront, 118.89, DistDow, 119.18, DistUp, 122.55
, DistFront, 118.88, DistDow, 119.66, DistUp, 123.40
, DistFront, 119.27, DistDow, 118.74, DistUp, 122.96
, DistFront, 118.83, DistDow, 119.68, DistUp, 122.06
, DistFront, 118.35, DistDow, 119.54, DistUp, 121.14
, DistFront, 118.33, DistDow, 119.06, DistUp, 121.14
, DistFront, 118.33, DistDow, 119.49, DistUp, 121.14
, DistFront, 118.74, DistDow, 118.67, DistUp, 122.84
, DistFront, 118.27, DistDow, 118.52, DistUp, 122.41
, DistFront, 118.67, DistDow, 118.47, DistUp, 122.69
, DistFront, 119.47, DistDow, 119.49, DistUp, 123.64
, DistFront, 119.17, DistDow, 118.95, DistUp, 122.35
, DistFront, 118.18, DistDow, 118.42, DistUp, 121.45
, DistFront, 118.59, DistDow, 119.83, DistUp, 121.85
, DistFront, 118.67, DistDow, 118.88, DistUp, 120.99
, DistFront, 118.23, DistDow, 118.84, DistUp, 121.39
, DistFront, 118.13, DistDow, 118.83, DistUp, 121.39
, DistFront, 118.49, DistDow, 118.83, DistUp, 120.92
, DistFront, 118.03, DistDow, 118.47, DistUp, 120.90
, DistFront, 118.45, DistDow, 119.30, DistUp, 122.19
, DistFrontMean, 118.45, DistDowMean, 119.18, DistUpMean, 121.31
, DistFront, 117.98, DistDow, 118.84, DistUp, 121.73
, DistFront, 117.98, DistDow, 119.13, DistUp, 122.99
, DistFront, 118.49, DistDow, 118.67, DistUp, 122.99
, DistFront, 118.38, DistDow, 119.52, DistUp, 125.97
, DistFront, 117.99, DistDow, 119.13, DistUp, 121.28
, DistFront, 118.42, DistDow, 118.27, DistUp, 123.04
, DistFront, 117.69, DistDow, 118.78, DistUp, 122.67
, DistFront, 118.06, DistDow, 118.32, DistUp, 121.39
, DistFront, 118.06, DistDow, 118.38, DistUp, 121.84
, DistFront, 118.61, DistDow, 119.27, DistUp, 121.90
, DistFront, 118.69, DistDow, 119.32, DistUp, 122.77
, DistFront, 118.18, DistDow, 118.91, DistUp, 122.81
, DistFront, 118.62, DistDow, 118.49, DistUp, 121.53
, DistFront, 118.32, DistDow, 119.39, DistUp, 122.87
, DistFront, 118.69, DistDow, 119.83, DistUp, 121.62
, DistFront, 118.67, DistDow, 118.64, DistUp, 121.17
, DistFront, 119.54, DistDow, 118.52, DistUp, 122.45
, DistFront, 118.28, DistDow, 119.85, DistUp, 121.17
, DistFront, 119.13, DistDow, 119.42, DistUp, 122.91
, DistFront, 118.27, DistDow, 118.52, DistUp, 122.81
, DistFrontMean, 118.28, DistDowMean, 118.55, DistUpMean, 121.60
, DistFront, 118.40, DistDow, 119.46, DistUp, 122.82
, DistFront, 118.27, DistDow, 119.42, DistUp, 122.06
, DistFront, 118.28, DistDow, 119.42, DistUp, 122.93
, DistFront, 118.28, DistDow, 118.52, DistUp, 122.52
, DistFront, 118.69, DistDow, 118.52, DistUp, 122.87
, DistFront, 118.25, DistDow, 118.59, DistUp, 122.87
, DistFront, 118.64, DistDow, 119.35, DistUp, 121.99
, DistFront, 118.18, DistDow, 118.91, DistUp, 121.84
, DistFront, 118.59, DistDow, 118.89, DistUp, 121.89
, DistFront, 118.54, DistDow, 118.95, DistUp, 122.26
, DistFront, 119.34, DistDow, 118.33, DistUp, 120.95
, DistFront, 118.11, DistDow, 119.18, DistUp, 120.92
, DistFront, 118.03, DistDow, 119.17, DistUp, 122.19
, DistFront, 118.40, DistDow, 118.25, DistUp, 122.99
, DistFront, 118.35, DistDow, 119.12, DistUp, 122.13
, DistFront, 117.57, DistDow, 118.62, DistUp, 121.24
, DistFront, 117.89, DistDow, 119.03, DistUp, 121.21
, DistFront, 118.32, DistDow, 118.11, DistUp, 122.11
, DistFront, 118.33, DistDow, 118.27, DistUp, 121.67
, DistFront, 118.33, DistDow, 119.03, DistUp, 121.67
, DistFrontMean, 118.45, DistDowMean, 118.61, DistUpMean, 120.78
, DistFront, 118.33, DistDow, 118.16, DistUp, 120.78
, DistFront, 117.98, DistDow, 118.16, DistUp, 121.67
, DistFront, 118.33, DistDow, 118.62, DistUp, 120.82
, DistFront, 117.98, DistDow, 118.71, DistUp, 121.24
, DistFront, 118.33, DistDow, 119.47, DistUp, 122.98
, DistFront, 117.93, DistDow, 118.18, DistUp, 120.78
, DistFront, 117.93, DistDow, 118.16, DistUp, 120.82
, DistFront, 117.93, DistDow, 119.06, DistUp, 120.85
, DistFront, 117.93, DistDow, 118.67, DistUp, 120.85
, DistFront, 118.40, DistDow, 119.20, DistUp, 121.73
, DistFront, 118.49, DistDow, 118.20, DistUp, 122.18
, DistFront, 118.03, DistDow, 118.20, DistUp, 121.75
, DistFront, 117.99, DistDow, 118.71, DistUp, 123.47
, DistFront, 117.99, DistDow, 118.35, DistUp, 124.32
, DistFront, 118.11, DistDow, 118.25, DistUp, 121.33
, DistFront, 118.45, DistDow, 118.27, DistUp, 121.02
, DistFront, 118.83, DistDow, 119.13, DistUp, 121.34
, DistFront, 118.42, DistDow, 119.12, DistUp, 120.88
, DistFront, 117.98, DistDow, 118.23, DistUp, 121.33
, DistFront, 118.42, DistDow, 118.23, DistUp, 121.38
, DistFrontMean, 117.99, DistDowMean, 118.33, DistUpMean, 120.90
, DistFront, 118.40, DistDow, 118.81, DistUp, 122.21
, DistFront, 118.40, DistDow, 118.18, DistUp, 121.73
, DistFront, 118.06, DistDow, 118.20, DistUp, 122.19
, DistFront, 118.38, DistDow, 119.10, DistUp, 122.62
, DistFront, 118.38, DistDow, 118.20, DistUp, 121.70
, DistFront, 118.35, DistDow, 118.20, DistUp, 120.83
, DistFront, 118.03, DistDow, 118.61, DistUp, 122.13
, DistFront, 118.32, DistDow, 118.11, DistUp, 121.24
, DistFront, 117.87, DistDow, 118.10, DistUp, 122.38
, DistFront, 118.27, DistDow, 118.54, DistUp, 122.47
, DistFront, 118.20, DistDow, 118.06, DistUp, 122.02
, DistFront, 118.28, DistDow, 118.47, DistUp, 122.41
, DistFront, 118.13, DistDow, 118.42, DistUp, 121.50
, DistFront, 118.10, DistDow, 118.38, DistUp, 121.45
, DistFront, 118.49, DistDow, 117.98, DistUp, 122.69
, DistFront, 117.62, DistDow, 118.71, DistUp, 120.95
, DistFront, 117.53, DistDow, 118.67, DistUp, 120.90
, DistFront, 117.96, DistDow, 117.77, DistUp, 120.43
, DistFront, 117.48, DistDow, 118.62, DistUp, 120.85
, DistFront, 118.03, DistDow, 118.23, DistUp, 121.31
, DistFrontMean, 117.09, DistDowMean, 117.74, DistUpMean, 121.31
, DistFront, 117.09, DistDow, 117.84, DistUp, 122.60
, DistFront, 117.98, DistDow, 117.81, DistUp, 124.32
, DistFront, 118.13, DistDow, 118.32, DistUp, 122.19
, DistFront, 118.11, DistDow, 118.32, DistUp, 120.92
, DistFront, 117.74, DistDow, 118.78, DistUp, 122.24
, DistFront, 118.06, DistDow, 117.96, DistUp, 121.75
, DistFront, 118.11, DistDow, 117.96, DistUp, 120.60
, DistFront, 118.13, DistDow, 118.06, DistUp, 121.46
, DistFront, 117.74, DistDow, 117.99, DistUp, 121.50
, DistFront, 119.12, DistDow, 118.06, DistUp, 121.11
, DistFront, 117.77, DistDow, 118.95, DistUp, 121.56
, DistFront, 119.05, DistDow, 118.95, DistUp, 121.55
, DistFront, 119.06, DistDow, 118.06, DistUp, 121.14
, DistFront, 118.67, DistDow, 118.06, DistUp, 121.14
, DistFront, 118.67, DistDow, 118.54, DistUp, 122.04
, DistFront, 118.35, DistDow, 118.54, DistUp, 122.04
, DistFront, 118.28, DistDow, 118.55, DistUp, 121.63
, DistFront, 117.89, DistDow, 118.59, DistUp, 120.78
, DistFront, 118.76, DistDow, 119.05, DistUp, 120.83
, DistFront, 118.04, DistDow, 118.13, DistUp, 121.70
, DistFrontMean, 118.47, DistDowMean, 118.62, DistUpMean, 121.26
, DistFront, 118.49, DistDow, 118.62, DistUp, 122.18
, DistFront, 118.40, DistDow, 118.67, DistUp, 121.75
, DistFront, 117.98, DistDow, 118.25, DistUp, 123.49
, DistFront, 118.55, DistDow, 118.69, DistUp, 122.21
, DistFront, 118.04, DistDow, 118.74, DistUp, 121.41
, DistFront, 117.62, DistDow, 119.18, DistUp, 122.28
, DistFront, 118.06, DistDow, 118.45, DistUp, 121.90
, DistFront, 118.64, DistDow, 118.83, DistUp, 121.05
, DistFront, 117.69, DistDow, 118.83, DistUp, 121.11
, DistFront, 119.03, DistDow, 118.84, DistUp, 121.97
, DistFront, 118.18, DistDow, 118.45, DistUp, 121.55
, DistFront, 119.46, DistDow, 118.89, DistUp, 121.56
, DistFront, 118.78, DistDow, 118.91, DistUp, 122.04
, DistFront, 119.49, DistDow, 118.49, DistUp, 122.02
, DistFront, 118.67, DistDow, 119.39, DistUp, 121.62
, DistFront, 118.23, DistDow, 118.54, DistUp, 122.52
, DistFront, 119.54, DistDow, 118.54, DistUp, 122.06
, DistFront, 119.13, DistDow, 118.98, DistUp, 121.19
, DistFront, 118.27, DistDow, 119.85, DistUp, 121.21
, DistFront, 118.33, DistDow, 119.42, DistUp, 121.21
, DistFrontMean, 118.33, DistDowMean, 119.59, DistUpMean, 121.26
, DistFront, 119.23, DistDow, 118.62, DistUp, 121.31
, DistFront, 118.59, DistDow, 118.74, DistUp, 121.39
, DistFront, 118.52, DistDow, 119.69, DistUp, 123.23
, DistFront, 118.78, DistDow, 118.88, DistUp, 122.45
, DistFront, 119.12, DistDow, 120.27, DistUp, 123.33
, DistFront, 119.18, DistDow, 119.47, DistUp, 122.09
, DistFront, 119.66, DistDow, 120.43, DistUp, 121.68
, DistFront, 119.69, DistDow, 119.17, DistUp, 122.57
, DistFront, 118.89, DistDow, 120.12, DistUp, 121.73
, DistFront, 118.95, DistDow, 120.17, DistUp, 121.77
, DistFront, 119.42, DistDow, 120.66, DistUp, 123.11
, DistFront, 119.47, DistDow, 120.24, DistUp, 122.31
, DistFront, 119.06, DistDow, 120.31, DistUp, 121.41
, DistFront, 119.06, DistDow, 119.42, DistUp, 121.85
, DistFront, 119.06, DistDow, 119.42, DistUp, 121.85
, DistFront, 119.91, DistDow, 119.88, DistUp, 122.69
, DistFront, 119.47, DistDow, 120.27, DistUp, 122.24
, DistFront, 119.49, DistDow, 120.41, DistUp, 121.75
, DistFront, 119.03, DistDow, 120.31, DistUp, 121.70
, DistFront, 119.42, DistDow, 120.26, DistUp, 122.11
, DistFrontMean, 118.98, DistDowMean, 119.39, DistUpMean, 122.09
, DistFront, 119.06, DistDow, 118.91, DistUp, 122.09
, DistFront, 119.35, DistDow, 119.74, DistUp, 122.02
, DistFront, 119.39, DistDow, 120.17, DistUp, 121.11
, DistFront, 118.84, DistDow, 119.78, DistUp, 121.09
, DistFront, 118.91, DistDow, 119.63, DistUp, 121.96
, DistFront, 118.78, DistDow, 120.05, DistUp, 121.45
, DistFront, 118.74, DistDow, 119.12, DistUp, 122.31
, DistFront, 118.67, DistDow, 119.52, DistUp, 122.28
, DistFront, 118.23, DistDow, 119.03, DistUp, 122.24
, DistFront, 119.10, DistDow, 118.96, DistUp, 121.80
, DistFront, 119.03, DistDow, 118.95, DistUp, 121.82
, DistFront, 119.42, DistDow, 119.32, DistUp, 122.96
, DistFront, 118.59, DistDow, 118.96, DistUp, 125.61
, DistFront, 118.13, DistDow, 119.78, DistUp, 122.67
, DistFront, 119.05, DistDow, 119.49, DistUp, 121.41
, DistFront, 119.47, DistDow, 118.98, DistUp, 122.31
, DistFront, 119.10, DistDow, 119.03, DistUp, 122.81
, DistFront, 119.12, DistDow, 119.95, DistUp, 121.97
, DistFront, 118.74, DistDow, 119.54, DistUp, 122.41
, DistFront, 118.81, DistDow, 119.17, DistUp, 121.62
, DistFrontMean, 118.91, DistDowMean, 120.05, DistUpMean, 121.67
, DistFront, 119.00, DistDow, 119.69, DistUp, 122.48
, DistFront, 118.96, DistDow, 120.14, DistUp, 122.62
, DistFront, 119.40, DistDow, 119.32, DistUp, 122.16
, DistFront, 119.06, DistDow, 119.39, DistUp, 121.90
, DistFront, 119.27, DistDow, 119.95, DistUp, 122.26
, DistFront, 119.25, DistDow, 119.54, DistUp, 121.50
, DistFront, 118.81, DistDow, 120.03, DistUp, 122.45
, DistFront, 119.39, DistDow, 120.03, DistUp, 121.96
, DistFront, 119.68, DistDow, 119.68, DistUp, 122.40
, DistFront, 119.27, DistDow, 120.95, DistUp, 122.06
, DistFront, 119.35, DistDow, 120.17, DistUp, 122.60
, DistFront, 120.24, DistDow, 120.66, DistUp, 121.75
, DistFront, 119.49, DistDow, 120.10, DistUp, 122.47
, DistFront, 119.68, DistDow, 119.98, DistUp, 124.20
, DistFront, 119.98, DistDow, 119.39, DistUp, 122.41
, DistFront, 119.95, DistDow, 119.23, DistUp, 122.31
, DistFront, 119.34, DistDow, 119.69, DistUp, 123.96
, DistFront, 119.68, DistDow, 119.05, DistUp, 123.06
, DistFront, 119.23, DistDow, 119.90, DistUp, 123.47
, DistFront, 118.78, DistDow, 118.98, DistUp, 122.60
, DistFrontMean, 118.76, DistDowMean, 119.10, DistUpMean, 122.18
, DistFront, 119.18, DistDow, 119.06, DistUp, 123.91
, DistFront, 120.02, DistDow, 119.46, DistUp, 122.16
, DistFront, 119.17, DistDow, 119.42, DistUp, 122.96
, DistFront, 118.27, DistDow, 119.40, DistUp, 122.06
, DistFront, 119.12, DistDow, 118.95, DistUp, 122.02
, DistFront, 118.62, DistDow, 118.89, DistUp, 122.82
, DistFront, 118.59, DistDow, 119.78, DistUp, 121.46
, DistFront, 118.91, DistDow, 119.17, DistUp, 121.73
, DistFront, 117.96, DistDow, 119.52, DistUp, 121.24
, DistFront, 118.33, DistDow, 118.67, DistUp, 122.52
, DistFront, 118.84, DistDow, 119.83, DistUp, 121.60
, DistFront, 118.69, DistDow, 118.47, DistUp, 121.56
, DistFront, 118.64, DistDow, 118.54, DistUp, 121.12
, DistFront, 118.28, DistDow, 118.40, DistUp, 122.38
, DistFront, 118.55, DistDow, 118.81, DistUp, 121.48
, DistFront, 118.10, DistDow, 118.78, DistUp, 121.48
, DistFront, 118.10, DistDow, 118.33, DistUp, 123.16
, DistFront, 118.10, DistDow, 118.78, DistUp, 121.41
, DistFront, 118.49, DistDow, 118.71, DistUp, 122.67
, DistFront, 118.45, DistDow, 119.25, DistUp, 120.97
, DistFrontMean, 118.42, DistDowMean, 118.32, DistUpMean, 120.90
, DistFront, 118.38, DistDow, 118.33, DistUp, 120.85
, DistFront, 117.89, DistDow, 117.82, DistUp, 120.82
, DistFront, 117.82, DistDow, 117.67, DistUp, 121.62
, DistFront, 117.77, DistDow, 118.03, DistUp, 120.66
, DistFront, 118.11, DistDow, 117.96, DistUp, 120.54
, DistFront, 117.74, DistDow, 117.41, DistUp, 120.48
, DistFront, 118.04, DistDow, 118.67, DistUp, 120.82
, DistFront, 117.82, DistDow, 117.67, DistUp, 120.70
, DistFront, 117.28, DistDow, 117.60, DistUp, 120.54
, DistFront, 117.53, DistDow, 117.91, DistUp, 120.85
, DistFront, 116.92, DistDow, 117.69, DistUp, 120.70
, DistFront, 117.21, DistDow, 117.45, DistUp, 119.69
, DistFront, 117.53, DistDow, 116.45, DistUp, 120.83
, DistFront, 117.09, DistDow, 117.67, DistUp, 120.34
, DistFront, 116.56, DistDow, 116.70, DistUp, 120.70
, DistFront, 116.77, DistDow, 117.57, DistUp, 120.56
, DistFront, 116.19, DistDow, 116.45, DistUp, 120.05
, DistFront, 116.60, DistDow, 116.75, DistUp, 119.78
, DistFront, 115.92, DistDow, 117.04, DistUp, 119.63
, DistFront, 115.88, DistDow, 116.48, DistUp, 118.69
, DistFrontMean, 115.73, DistDowMean, 116.89, DistUpMean, 120.37
, DistFront, 115.73, DistDow, 117.28, DistUp, 122.48
, DistFront, 115.88, DistDow, 115.95, DistUp, 118.64
, DistFront, 116.21, DistDow, 116.53, DistUp, 118.47
, DistFront, 116.09, DistDow, 116.33, DistUp, 119.83
, DistFront, 116.50, DistDow, 116.34, DistUp, 120.34
, DistFront, 117.09, DistDow, 117.04, DistUp, 119.18
, DistFront, 117.13, DistDow, 116.60, DistUp, 119.69
, DistFront, 116.28, DistDow, 116.96, DistUp, 122.24
, DistFront, 116.31, DistDow, 116.50, DistUp, 121.45
, DistFront, 116.46, DistDow, 117.04, DistUp, 122.81
, DistFront, 116.80, DistDow, 117.55, DistUp, 119.81
, DistFront, 116.73, DistDow, 116.99, DistUp, 120.20
, DistFront, 117.16, DistDow, 116.48, DistUp, 119.69
, DistFront, 116.73, DistDow, 116.41, DistUp, 121.38
, DistFront, 116.63, DistDow, 116.55, DistUp, 121.80
, DistFront, 116.28, DistDow, 116.60, DistUp, 121.02
, DistFront, 115.88, DistDow, 117.48, DistUp, 121.50
, DistFront, 117.18, DistDow, 117.41, DistUp, 121.96
, DistFront, 116.38, DistDow, 116.60, DistUp, 121.14
, DistFront, 116.45, DistDow, 117.52, DistUp, 121.67
, DistFrontMean, 116.96, DistDowMean, 117.16, DistUpMean, 120.02
, DistFront, 116.97, DistDow, 117.19, DistUp, 120.46
, DistFront, 116.70, DistDow, 117.64, DistUp, 121.33
, DistFront, 116.68, DistDow, 116.80, DistUp, 120.46
, DistFront, 116.97, DistDow, 116.84, DistUp, 119.61
, DistFront, 116.55, DistDow, 117.21, DistUp, 120.97
, DistFront, 116.48, DistDow, 116.75, DistUp, 120.02
, DistFront, 117.48, DistDow, 117.62, DistUp, 120.41
, DistFront, 116.92, DistDow, 117.24, DistUp, 120.39
, DistFront, 116.92, DistDow, 116.80, DistUp, 120.34
, DistFront, 116.89, DistDow, 116.63, DistUp, 121.14
, DistFront, 116.89, DistDow, 116.70, DistUp, 119.85
, DistFront, 116.09, DistDow, 116.85, DistUp, 120.32
, DistFront, 117.41, DistDow, 116.90, DistUp, 119.97
, DistFront, 116.56, DistDow, 116.39, DistUp, 121.28
, DistFront, 117.09, DistDow, 117.21, DistUp, 119.54
, DistFront, 116.50, DistDow, 117.69, DistUp, 120.37
, DistFront, 116.02, DistDow, 116.21, DistUp, 121.55
, DistFront, 115.92, DistDow, 116.60, DistUp, 119.35
, DistFront, 116.68, DistDow, 117.02, DistUp, 120.10
, DistFront, 116.19, DistDow, 116.41, DistUp, 123.88
, DistFrontMean, 116.60, DistDowMean, 116.39, DistUpMean, 120.85
, DistFront, 116.24, DistDow, 116.34, DistUp, 119.10
, DistFront, 116.55, DistDow, 116.34, DistUp, 119.18
, DistFront, 116.24, DistDow, 116.34, DistUp, 119.12
, DistFront, 116.24, DistDow, 116.55, DistUp, 119.18
, DistFront, 117.18, DistDow, 117.47, DistUp, 119.78
, DistFront, 116.48, DistDow, 117.16, DistUp, 120.34
, DistFront, 116.63, DistDow, 116.80, DistUp, 119.98
, DistFront, 116.62, DistDow, 116.96, DistUp, 120.95
, DistFront, 116.28, DistDow, 117.33, DistUp, 120.27
, DistFront, 117.18, DistDow, 117.40, DistUp, 120.68
, DistFront, 116.92, DistDow, 117.89, DistUp, 120.75
, DistFront, 117.28, DistDow, 117.02, DistUp, 122.89
, DistFront, 117.33, DistDow, 117.98, DistUp, 121.73
, DistFront, 116.97, DistDow, 117.24, DistUp, 121.39
, DistFront, 117.13, DistDow, 118.47, DistUp, 120.60
, DistFront, 116.75, DistDow, 117.69, DistUp, 121.50
, DistFront, 117.26, DistDow, 117.28, DistUp, 121.99
, DistFront, 118.20, DistDow, 117.40, DistUp, 121.67
, DistFront, 117.76, DistDow, 117.45, DistUp, 121.31
, DistFront, 117.77, DistDow, 117.45, DistUp, 120.53
, DistFrontMean, 118.28, DistDowMean, 117.52, DistUpMean, 121.31
, DistFront, 117.45, DistDow, 117.48, DistUp, 120.83
, DistFront, 118.27, DistDow, 117.96, DistUp, 121.70
, DistFront, 117.74, DistDow, 118.38, DistUp, 122.11
, DistFront, 117.82, DistDow, 117.93, DistUp, 120.75
, DistFront, 117.38, DistDow, 117.45, DistUp, 121.56
, DistFront, 117.33, DistDow, 117.45, DistUp, 123.25
, DistFront, 117.74, DistDow, 117.41, DistUp, 121.05
, DistFront, 117.28, DistDow, 118.28, DistUp, 121.04
, DistFront, 117.70, DistDow, 118.25, DistUp, 121.02
, DistFront, 117.26, DistDow, 117.33, DistUp, 121.02
, DistFront, 116.67, DistDow, 117.84, DistUp, 120.14
, DistFront, 117.53, DistDow, 117.35, DistUp, 120.99
, DistFront, 117.09, DistDow, 118.13, DistUp, 120.56
, DistFront, 117.53, DistDow, 117.70, DistUp, 121.89
, DistFront, 116.68, DistDow, 117.26, DistUp, 121.09
, DistFront, 117.57, DistDow, 117.31, DistUp, 121.14
, DistFront, 117.24, DistDow, 118.27, DistUp, 127.53
, DistFront, 117.74, DistDow, 117.47, DistUp, 122.55
, DistFront, 117.82, DistDow, 117.11, DistUp, 120.95
, DistFront, 117.48, DistDow, 117.67, DistUp, 124.76
, DistFrontMean, 117.98, DistDowMean, 117.76, DistUpMean, 121.50
, DistFront, 117.69, DistDow, 117.82, DistUp, 122.45
, DistFront, 118.16, DistDow, 118.42, DistUp, 123.84
, DistFront, 117.89, DistDow, 117.70, DistUp, 121.84
, DistFront, 118.11, DistDow, 118.18, DistUp, 121.11
, DistFront, 118.13, DistDow, 118.33, DistUp, 123.28
, DistFront, 119.12, DistDow, 119.34, DistUp, 121.77
, DistFront, 118.95, DistDow, 119.47, DistUp, 121.89
, DistFront, 119.40, DistDow, 118.83, DistUp, 122.91
, DistFront, 118.62, DistDow, 118.83, DistUp, 124.18
, DistFront, 119.17, DistDow, 120.26, DistUp, 122.24
, DistFront, 120.12, DistDow, 119.03, DistUp, 123.20
, DistFront, 119.39, DistDow, 119.13, DistUp, 122.45
, DistFront, 119.46, DistDow, 119.74, DistUp, 123.81
, DistFront, 119.13, DistDow, 119.30, DistUp, 122.60
, DistFront, 119.30, DistDow, 119.39, DistUp, 125.56
, DistFront, 120.12, DistDow, 119.90, DistUp, 122.70
, DistFront, 119.34, DistDow, 119.97, DistUp, 124.06
, DistFront, 119.39, DistDow, 119.52, DistUp, 123.25
, DistFront, 119.39, DistDow, 119.52, DistUp, 123.18
, DistFront, 119.39, DistDow, 119.56, DistUp, 122.91
, DistFrontMean, 119.95, DistDowMean, 120.46, DistUpMean, 125.39
, DistFront, 119.83, DistDow, 120.60, DistUp, 122.87
, DistFront, 120.27, DistDow, 120.02, DistUp, 122.87
, DistFront, 119.40, DistDow, 120.48, DistUp, 123.76
, DistFront, 120.31, DistDow, 119.61, DistUp, 123.76
, DistFront, 119.40, DistDow, 119.61, DistUp, 123.76
, DistFront, 119.88, DistDow, 119.66, DistUp, 125.85
, DistFront, 119.47, DistDow, 119.76, DistUp, 122.91
, DistFront, 119.49, DistDow, 119.69, DistUp, 125.07
, DistFront, 119.49, DistDow, 120.14, DistUp, 123.35
, DistFront, 119.63, DistDow, 119.68, DistUp, 123.28
, DistFront, 119.52, DistDow, 119.69, DistUp, 122.52
, DistFront, 119.54, DistDow, 120.60, DistUp, 122.96
, DistFront, 119.95, DistDow, 119.69, DistUp, 123.83
, DistFront, 120.37, DistDow, 120.60, DistUp, 123.81
, DistFront, 119.54, DistDow, 120.14, DistUp, 126.77
, DistFront, 119.95, DistDow, 120.17, DistUp, 124.23
, DistFront, 119.91, DistDow, 119.69, DistUp, 122.91
, DistFront, 119.47, DistDow, 120.14, DistUp, 122.45
, DistFront, 119.91, DistDow, 120.14, DistUp, 123.32
, DistFront, 119.42, DistDow, 119.25, DistUp, 123.23
, DistFrontMean, 119.88, DistDowMean, 119.66, DistUpMean, 125.41
, DistFront, 119.42, DistDow, 119.63, DistUp, 122.84
, DistFront, 119.83, DistDow, 119.69, DistUp, 123.27
, DistFront, 119.83, DistDow, 120.05, DistUp, 125.77
, DistFront, 120.20, DistDow, 120.46, DistUp, 122.77
, DistFront, 119.32, DistDow, 120.46, DistUp, 122.70
, DistFront, 119.30, DistDow, 120.02, DistUp, 122.26
, DistFront, 119.71, DistDow, 120.39, DistUp, 122.62
, DistFront, 119.23, DistDow, 120.34, DistUp, 123.91
, DistFront, 119.74, DistDow, 119.42, DistUp, 123.33
, DistFront, 119.17, DistDow, 119.39, DistUp, 124.25
, DistFront, 119.13, DistDow, 119.34, DistUp, 122.96
, DistFront, 119.06, DistDow, 119.30, DistUp, 122.81
, DistFront, 119.91, DistDow, 120.19, DistUp, 123.33
, DistFront, 119.06, DistDow, 120.14, DistUp, 123.74
, DistFront, 119.05, DistDow, 119.69, DistUp, 124.98
, DistFront, 119.18, DistDow, 119.25, DistUp, 123.28
, DistFront, 119.90, DistDow, 119.71, DistUp, 122.82
, DistFront, 119.46, DistDow, 119.25, DistUp, 123.69
, DistFront, 119.10, DistDow, 119.71, DistUp, 121.97
, DistFront, 119.46, DistDow, 120.56, DistUp, 123.27
, DistFrontMean, 119.03, DistDowMean, 119.69, DistUpMean, 122.41
, DistFront, 119.13, DistDow, 119.23, DistUp, 124.12
, DistFront, 118.98, DistDow, 119.69, DistUp, 122.35
, DistFront, 119.42, DistDow, 119.25, DistUp, 122.35
, DistFront, 119.12, DistDow, 119.23, DistUp, 123.64
, DistFront, 118.98, DistDow, 119.68, DistUp, 122.81
, DistFront, 118.59, DistDow, 119.23, DistUp, 122.76
, DistFront, 119.03, DistDow, 119.23, DistUp, 122.81
, DistFront, 119.10, DistDow, 119.74, DistUp, 123.25
, DistFront, 119.06, DistDow, 119.30, DistUp, 122.40
, DistFront, 119.56, DistDow, 120.26, DistUp, 123.35
, DistFront, 120.02, DistDow, 119.39, DistUp, 122.52
, DistFront, 119.18, DistDow, 120.31, DistUp, 124.25
, DistFront, 119.23, DistDow, 119.42, DistUp, 122.99
, DistFront, 119.20, DistDow, 120.48, DistUp, 123.47
, DistFront, 119.23, DistDow, 119.97, DistUp, 122.60
, DistFront, 119.25, DistDow, 119.47, DistUp, 122.62
, DistFront, 119.27, DistDow, 119.95, DistUp, 123.88
, DistFront, 120.10, DistDow, 119.05, DistUp, 122.16
, DistFront, 119.63, DistDow, 119.95, DistUp, 122.11
, DistFront, 119.18, DistDow, 119.95, DistUp, 122.09
, DistFrontMean, 120.03, DistDowMean, 120.41, DistUpMean, 123.81
, DistFront, 119.69, DistDow, 119.85, DistUp, 122.82
, DistFront, 119.56, DistDow, 119.35, DistUp, 124.20
, DistFront, 119.97, DistDow, 119.34, DistUp, 123.28
, DistFront, 119.10, DistDow, 119.35, DistUp, 122.02
, DistFront, 119.12, DistDow, 120.17, DistUp, 122.74
, DistFront, 119.42, DistDow, 118.78, DistUp, 123.64
, DistFront, 118.98, DistDow, 120.10, DistUp, 122.81
, DistFront, 118.98, DistDow, 119.66, DistUp, 122.31
, DistFront, 119.00, DistDow, 119.25, DistUp, 122.31
, DistFront, 119.03, DistDow, 120.12, DistUp, 122.74
, DistFront, 119.54, DistDow, 119.71, DistUp, 122.19
, DistFront, 119.42, DistDow, 119.25, DistUp, 122.76
, DistFront, 119.42, DistDow, 119.25, DistUp, 122.74
, DistFront, 119.46, DistDow, 120.61, DistUp, 121.84
, DistFront, 119.88, DistDow, 120.32, DistUp, 122.69
, DistFront, 119.03, DistDow, 118.84, DistUp, 121.84
, DistFront, 119.03, DistDow, 119.81, DistUp, 122.26
, DistFront, 119.12, DistDow, 119.35, DistUp, 122.24
, DistFront, 119.03, DistDow, 119.81, DistUp, 122.69
, DistFront, 119.03, DistDow, 120.20, DistUp, 122.16
, DistFrontMean, 119.88, DistDowMean, 119.81, DistUpMean, 123.55
, DistFront, 119.03, DistDow, 120.66, DistUp, 122.69
, DistFront, 119.47, DistDow, 119.35, DistUp, 122.24
, DistFront, 119.00, DistDow, 119.39, DistUp, 123.13
, DistFront, 120.32, DistDow, 120.37, DistUp, 122.28
, DistFront, 119.91, DistDow, 119.40, DistUp, 122.67
, DistFront, 119.13, DistDow, 119.39, DistUp, 121.92
, DistFront, 119.13, DistDow, 119.46, DistUp, 121.92
, DistFront, 119.69, DistDow, 119.46, DistUp, 122.40
, DistFront, 120.03, DistDow, 120.43, DistUp, 122.84
, DistFront, 119.18, DistDow, 119.46, DistUp, 122.87
, DistFront, 119.63, DistDow, 119.46, DistUp, 123.28
, DistFront, 118.71, DistDow, 120.34, DistUp, 122.45
, DistFront, 118.71, DistDow, 120.34, DistUp, 123.74
, DistFront, 119.59, DistDow, 120.34, DistUp, 121.97
, DistFront, 119.20, DistDow, 120.32, DistUp, 121.96
, DistFront, 119.10, DistDow, 119.00, DistUp, 122.81
, DistFront, 119.20, DistDow, 119.83, DistUp, 121.46
, DistFront, 120.34, DistDow, 120.27, DistUp, 122.77
, DistFront, 119.03, DistDow, 119.34, DistUp, 123.62
, DistFront, 119.05, DistDow, 120.19, DistUp, 123.16
, DistFrontMean, 119.00, DistDowMean, 119.32, DistUpMean, 122.60
, DistFront, 118.98, DistDow, 120.61, DistUp, 123.55
, DistFront, 118.98, DistDow, 119.69, DistUp, 122.69
, DistFront, 119.39, DistDow, 119.69, DistUp, 123.54
, DistFront, 118.91, DistDow, 118.78, DistUp, 122.24
, DistFront, 118.91, DistDow, 118.74, DistUp, 122.21
, DistFront, 120.19, DistDow, 120.10, DistUp, 121.33
, DistFront, 119.34, DistDow, 120.10, DistUp, 122.09
, DistFront, 118.91, DistDow, 118.83, DistUp, 122.64
, DistFront, 119.34, DistDow, 119.18, DistUp, 122.18
, DistFront, 120.17, DistDow, 120.10, DistUp, 122.60
, DistFront, 119.34, DistDow, 120.07, DistUp, 123.03
, DistFront, 118.95, DistDow, 119.18, DistUp, 122.60
, DistFront, 119.34, DistDow, 119.76, DistUp, 123.45
, DistFront, 118.91, DistDow, 119.66, DistUp, 122.16
, DistFront, 118.89, DistDow, 119.18, DistUp, 121.68
, DistFront, 118.89, DistDow, 119.59, DistUp, 122.57
, DistFront, 118.84, DistDow, 119.61, DistUp, 122.16
, DistFront, 119.27, DistDow, 119.61, DistUp, 122.57
, DistFront, 118.84, DistDow, 120.48, DistUp, 122.13
, DistFront, 118.84, DistDow, 120.88, DistUp, 122.13
, DistFrontMean, 119.32, DistDowMean, 119.61, DistUpMean, 123.88
, DistFront, 119.32, DistDow, 119.63, DistUp, 122.57
, DistFront, 118.84, DistDow, 120.17, DistUp, 123.45
, DistFront, 118.88, DistDow, 119.13, DistUp, 122.13
, DistFront, 118.95, DistDow, 119.18, DistUp, 124.30
, DistFront, 118.88, DistDow, 119.59, DistUp, 122.16
, DistFront, 118.96, DistDow, 120.46, DistUp, 122.48
, DistFront, 118.35, DistDow, 119.69, DistUp, 123.45
, DistFront, 118.83, DistDow, 119.13, DistUp, 121.68
, DistFront, 118.84, DistDow, 119.10, DistUp, 123.45
, DistFront, 118.81, DistDow, 119.97, DistUp, 123.88
, DistFront, 118.89, DistDow, 119.06, DistUp, 122.13
, DistFront, 119.66, DistDow, 119.06, DistUp, 121.68
, DistFront, 118.88, DistDow, 119.49, DistUp, 123.28
, DistFront, 118.88, DistDow, 119.95, DistUp, 122.55
, DistFront, 119.20, DistDow, 119.05, DistUp, 122.11
, DistFront, 119.25, DistDow, 119.95, DistUp, 122.16
, DistFront, 118.84, DistDow, 119.54, DistUp, 125.05
, DistFront, 118.88, DistDow, 120.02, DistUp, 122.67
, DistFront, 118.98, DistDow, 120.46, DistUp, 124.74
, DistFront, 118.95, DistDow, 120.49, DistUp, 123.20
, DistFrontMean, 118.96, DistDowMean, 120.10, DistUpMean, 123.64
, DistFront, 119.00, DistDow, 119.25, DistUp, 122.82
, DistFront, 119.03, DistDow, 119.32, DistUp, 122.35
, DistFront, 119.54, DistDow, 120.24, DistUp, 122.55
, DistFront, 119.63, DistDow, 119.91, DistUp, 124.74
, DistFront, 119.30, DistDow, 120.43, DistUp, 126.09
, DistFront, 119.39, DistDow, 119.61, DistUp, 122.74
, DistFront, 119.46, DistDow, 119.69, DistUp, 122.81
, DistFront, 119.49, DistDow, 120.24, DistUp, 123.78
, DistFront, 119.69, DistDow, 119.83, DistUp, 123.32
, DistFront, 119.66, DistDow, 119.85, DistUp, 123.03
, DistFront, 120.12, DistDow, 120.37, DistUp, 123.96
, DistFront, 120.19, DistDow, 119.97, DistUp, 124.83
, DistFront, 120.17, DistDow, 120.46, DistUp, 124.85
, DistFront, 120.20, DistDow, 119.59, DistUp, 123.61
, DistFront, 120.68, DistDow, 120.05, DistUp, 126.50
, DistFront, 119.83, DistDow, 120.03, DistUp, 123.67
, DistFront, 120.26, DistDow, 120.07, DistUp, 125.78
, DistFront, 120.27, DistDow, 120.05, DistUp, 123.25
, DistFront, 119.83, DistDow, 120.07, DistUp, 124.54
, DistFront, 120.70, DistDow, 120.03, DistUp, 124.13
, DistFrontMean, 119.91, DistDowMean, 120.53, DistUpMean, 123.13
, DistFront, 119.83, DistDow, 120.05, DistUp, 124.12
, DistFront, 119.81, DistDow, 120.02, DistUp, 123.25
, DistFront, 120.24, DistDow, 120.49, DistUp, 124.95
, DistFront, 119.78, DistDow, 120.48, DistUp, 125.77
, DistFront, 120.20, DistDow, 120.88, DistUp, 124.03
, DistFront, 120.20, DistDow, 119.98, DistUp, 125.32
, DistFront, 119.74, DistDow, 120.85, DistUp, 123.18
, DistFront, 120.17, DistDow, 120.41, DistUp, 123.61
, DistFront, 119.71, DistDow, 120.41, DistUp, 123.11
, DistFront, 120.53, DistDow, 120.82, DistUp, 125.26
, DistFront, 119.68, DistDow, 119.90, DistUp, 123.10
, DistFront, 119.68, DistDow, 120.34, DistUp, 123.10
, DistFront, 119.68, DistDow, 119.88, DistUp, 123.42
, DistFront, 119.78, DistDow, 120.34, DistUp, 123.40
, DistFront, 119.68, DistDow, 120.34, DistUp, 123.04
, DistFront, 120.12, DistDow, 120.37, DistUp, 122.64
, DistFront, 120.12, DistDow, 119.90, DistUp, 124.81
, DistFront, 120.12, DistDow, 120.82, DistUp, 123.10
, DistFront, 119.71, DistDow, 119.95, DistUp, 123.55
, DistFront, 119.71, DistDow, 119.97, DistUp, 126.12
, DistFrontMean, 119.74, DistDowMean, 120.05, DistUpMean, 123.55
, DistFront, 119.83, DistDow, 119.95, DistUp, 124.74
, DistFront, 119.83, DistDow, 120.41, DistUp, 123.06
, DistFront, 120.63, DistDow, 120.46, DistUp, 123.20
, DistFront, 120.24, DistDow, 120.92, DistUp, 124.12
, DistFront, 119.83, DistDow, 120.05, DistUp, 124.85
, DistFront, 121.12, DistDow, 120.97, DistUp, 122.77
, DistFront, 119.95, DistDow, 120.12, DistUp, 123.76
, DistFront, 120.39, DistDow, 121.05, DistUp, 123.67
, DistFront, 119.98, DistDow, 121.11, DistUp, 122.87
, DistFront, 120.46, DistDow, 120.26, DistUp, 123.04
, DistFront, 120.49, DistDow, 121.19, DistUp, 123.49
, DistFront, 120.10, DistDow, 120.34, DistUp, 123.54
, DistFront, 120.14, DistDow, 120.37, DistUp, 123.55
, DistFront, 120.61, DistDow, 120.39, DistUp, 124.49
, DistFront, 120.19, DistDow, 120.43, DistUp, 123.64
, DistFront, 120.24, DistDow, 120.53, DistUp, 125.82
, DistFront, 120.68, DistDow, 120.92, DistUp, 125.31
, DistFront, 120.39, DistDow, 121.34, DistUp, 123.64
, DistFront, 120.73, DistDow, 120.97, DistUp, 124.17
, DistFront, 120.73, DistDow, 120.49, DistUp, 124.61
, DistFrontMean, 120.32, DistDowMean, 121.02, DistUpMean, 124.23
, DistFront, 121.63, DistDow, 121.05, DistUp, 123.78
, DistFront, 120.83, DistDow, 121.11, DistUp, 123.71
, DistFront, 120.43, DistDow, 121.55, DistUp, 127.70
, DistFront, 120.48, DistDow, 121.12, DistUp, 124.34
, DistFront, 120.46, DistDow, 120.70, DistUp, 124.66
, DistFront, 120.92, DistDow, 121.60, DistUp, 123.91
, DistFront, 120.53, DistDow, 121.62, DistUp, 125.20
, DistFront, 121.38, DistDow, 120.77, DistUp, 124.76
, DistFront, 120.53, DistDow, 120.31, DistUp, 123.76
, DistFront, 120.92, DistDow, 121.21, DistUp, 124.20
, DistFront, 121.38, DistDow, 120.77, DistUp, 124.32
, DistFront, 121.38, DistDow, 120.75, DistUp, 124.69
, DistFront, 121.77, DistDow, 120.77, DistUp, 126.04
, DistFront, 120.92, DistDow, 121.62, DistUp, 123.76
, DistFront, 120.92, DistDow, 121.17, DistUp, 124.69
, DistFront, 120.46, DistDow, 121.14, DistUp, 125.56
, DistFront, 121.70, DistDow, 120.66, DistUp, 123.84
, DistFront, 120.41, DistDow, 120.66, DistUp, 123.81
, DistFront, 120.37, DistDow, 121.05, DistUp, 125.05
, DistFront, 120.83, DistDow, 120.61, DistUp, 123.76
, DistFrontMean, 121.63, DistDowMean, 121.50, DistUpMean, 125.48
, DistFront, 120.82, DistDow, 120.60, DistUp, 124.20
, DistFront, 120.34, DistDow, 121.04, DistUp, 125.07
, DistFront, 121.63, DistDow, 121.46, DistUp, 123.81
, DistFront, 121.24, DistDow, 121.48, DistUp, 124.17
, DistFront, 120.39, DistDow, 121.11, DistUp, 126.45
, DistFront, 120.46, DistDow, 121.45, DistUp, 124.78
, DistFront, 120.90, DistDow, 121.12, DistUp, 126.80
, DistFront, 120.07, DistDow, 120.70, DistUp, 124.39
, DistFront, 120.97, DistDow, 121.62, DistUp, 123.98
, DistFront, 120.53, DistDow, 121.21, DistUp, 126.97
, DistFront, 120.56, DistDow, 120.75, DistUp, 125.61
, DistFront, 120.60, DistDow, 121.26, DistUp, 124.47
, DistFront, 120.56, DistDow, 121.26, DistUp, 124.88
, DistFront, 120.56, DistDow, 121.26, DistUp, 124.03
, DistFront, 121.85, DistDow, 121.73, DistUp, 124.03
, DistFront, 121.04, DistDow, 121.33, DistUp, 124.88
, DistFront, 121.46, DistDow, 121.33, DistUp, 125.73
, DistFront, 121.02, DistDow, 121.73, DistUp, 124.88
, DistFront, 121.02, DistDow, 121.70, DistUp, 126.45
, DistFront, 121.84, DistDow, 120.78, DistUp, 124.39
, DistFrontMean, 120.97, DistDowMean, 121.19, DistUpMean, 124.20
, DistFront, 120.54, DistDow, 121.21, DistUp, 123.88
, DistFront, 120.88, DistDow, 121.48, DistUp, 125.53
, DistFront, 120.43, DistDow, 121.56, DistUp, 123.76
, DistFront, 120.39, DistDow, 120.61, DistUp, 124.59
, DistFront, 120.32, DistDow, 120.56, DistUp, 123.55
, DistFront, 120.27, DistDow, 120.49, DistUp, 123.16
, DistFront, 120.17, DistDow, 120.92, DistUp, 124.40
, DistFront, 120.12, DistDow, 120.41, DistUp, 123.91
, DistFront, 120.03, DistDow, 121.21, DistUp, 123.81
, DistFront, 119.97, DistDow, 120.24, DistUp, 123.32
, DistFront, 119.88, DistDow, 120.17, DistUp, 123.67
, DistFront, 120.68, DistDow, 120.03, DistUp, 123.13
, DistFront, 119.71, DistDow, 120.43, DistUp, 122.64
, DistFront, 120.54, DistDow, 119.91, DistUp, 123.45
, DistFront, 120.46, DistDow, 120.73, DistUp, 122.93
, DistFront, 119.98, DistDow, 120.24, DistUp, 122.89
, DistFront, 119.91, DistDow, 120.61, DistUp, 123.28
, DistFront, 119.47, DistDow, 119.81, DistUp, 123.25
, DistFront, 119.42, DistDow, 120.56, DistUp, 125.37
, DistFront, 119.83, DistDow, 120.53, DistUp, 124.91
, DistFrontMean, 119.39, DistDowMean, 120.10, DistUpMean, 122.76
, DistFront, 119.47, DistDow, 120.05, DistUp, 122.60
, DistFront, 119.74, DistDow, 119.54, DistUp, 123.04
, DistFront, 120.07, DistDow, 119.46, DistUp, 122.96
, DistFront, 119.56, DistDow, 119.39, DistUp, 124.59
, DistFront, 120.27, DistDow, 119.27, DistUp, 122.70
, DistFront, 119.74, DistDow, 119.61, DistUp, 122.16
, DistFront, 119.98, DistDow, 119.06, DistUp, 123.27
, DistFront, 118.54, DistDow, 118.76, DistUp, 122.19
, DistFront, 118.71, DistDow, 119.05, DistUp, 121.96
, DistFront, 118.25, DistDow, 118.83, DistUp, 120.88
, DistFront, 117.89, DistDow, 118.13, DistUp, 121.05
, DistFront, 118.91, DistDow, 117.93, DistUp, 120.39
, DistFront, 117.41, DistDow, 118.62, DistUp, 120.63
, DistFront, 117.21, DistDow, 118.52, DistUp, 119.98
, DistFront, 117.87, DistDow, 118.23, DistUp, 120.19
, DistFront, 116.84, DistDow, 117.16, DistUp, 120.83
, DistFront, 117.89, DistDow, 116.92, DistUp, 120.19
, DistFront, 116.38, DistDow, 117.13, DistUp, 119.47
, DistFront, 116.12, DistDow, 116.55, DistUp, 120.14
, DistFront, 115.97, DistDow, 117.18, DistUp, 118.84
, DistFrontMean, 117.18, DistDowMean, 116.70, DistUpMean, 119.52
, DistFront, 116.28, DistDow, 117.18, DistUp, 118.18
, DistFront, 115.83, DistDow, 116.56, DistUp, 118.81
, DistFront, 115.97, DistDow, 117.19, DistUp, 118.28
, DistFront, 116.05, DistDow, 117.24, DistUp, 120.24
, DistFront, 116.63, DistDow, 117.38, DistUp, 119.97
, DistFront, 116.38, DistDow, 117.02, DistUp, 120.07
, DistFront, 116.75, DistDow, 116.67, DistUp, 119.69
, DistFront, 117.26, DistDow, 116.73, DistUp, 119.42
, DistFront, 116.50, DistDow, 116.82, DistUp, 119.35
, DistFront, 116.46, DistDow, 117.76, DistUp, 119.78
, DistFront, 116.45, DistDow, 116.75, DistUp, 119.32
, DistFront, 116.84, DistDow, 117.16, DistUp, 119.20
, DistFront, 116.53, DistDow, 117.19, DistUp, 120.53
, DistFront, 116.90, DistDow, 117.35, DistUp, 120.17
, DistFront, 116.50, DistDow, 117.19, DistUp, 119.68
, DistFront, 116.38, DistDow, 116.67, DistUp, 120.02
, DistFront, 116.45, DistDow, 117.11, DistUp, 119.46
, DistFront, 116.33, DistDow, 116.82, DistUp, 120.31
, DistFront, 116.77, DistDow, 117.21, DistUp, 119.13
, DistFront, 116.89, DistDow, 116.77, DistUp, 118.62
, DistFrontMean, 116.39, DistDowMean, 117.31, DistUpMean, 119.03
, DistFront, 116.38, DistDow, 117.19, DistUp, 119.95
, DistFront, 116.39, DistDow, 117.21, DistUp, 120.83
, DistFront, 116.84, DistDow, 117.19, DistUp, 120.60
, DistFront, 116.77, DistDow, 116.60, DistUp, 120.54
, DistFront, 116.31, DistDow, 116.55, DistUp, 121.82
, DistFront, 116.17, DistDow, 116.90, DistUp, 120.95
, DistFront, 116.09, DistDow, 116.19, DistUp, 121.80
, DistFront, 115.99, DistDow, 116.53, DistUp, 196.33
, DistFront, 117.18, DistDow, 115.99, DistUp, 122.96
, DistFront, 116.33, DistDow, 116.48, DistUp, 120.46
, DistFront, 116.38, DistDow, 116.96, DistUp, 196.33
, DistFront, 116.04, DistDow, 116.60, DistUp, 120.95
, DistFront, 116.53, DistDow, 116.70, DistUp, 121.80
, DistFront, 116.28, DistDow, 116.38, DistUp, 120.14
, DistFront, 116.28, DistDow, 117.47, DistUp, 121.05
, DistFront, 116.38, DistDow, 117.47, DistUp, 119.85
, DistFront, 116.85, DistDow, 117.55, DistUp, 119.88
, DistFront, 116.55, DistDow, 117.21, DistUp, 120.82
, DistFront, 117.13, DistDow, 117.33, DistUp, 119.91
, DistFront, 117.62, DistDow, 117.38, DistUp, 119.59
, DistFrontMean, 116.70, DistDowMean, 117.55, DistUpMean, 120.03
, DistFront, 116.73, DistDow, 117.02, DistUp, 120.05
, DistFront, 116.77, DistDow, 117.91, DistUp, 120.54
, DistFront, 117.24, DistDow, 117.06, DistUp, 121.45
, DistFront, 116.84, DistDow, 117.55, DistUp, 120.66
, DistFront, 116.45, DistDow, 118.03, DistUp, 119.81
, DistFront, 117.33, DistDow, 117.62, DistUp, 121.17
, DistFront, 117.40, DistDow, 117.69, DistUp, 120.34
, DistFront, 117.45, DistDow, 117.26, DistUp, 120.82
, DistFront, 117.48, DistDow, 117.77, DistUp, 121.70
, DistFront, 117.09, DistDow, 118.25, DistUp, 120.43
, DistFront, 117.13, DistDow, 118.28, DistUp, 120.10
, DistFront, 117.18, DistDow, 118.33, DistUp, 120.99
, DistFront, 118.06, DistDow, 118.38, DistUp, 121.89
, DistFront, 117.74, DistDow, 117.98, DistUp, 120.17
, DistFront, 118.13, DistDow, 118.40, DistUp, 120.63
, DistFront, 117.26, DistDow, 117.53, DistUp, 121.11
, DistFront, 117.74, DistDow, 118.03, DistUp, 121.45
, DistFront, 117.74, DistDow, 118.42, DistUp, 120.26
, DistFront, 117.28, DistDow, 117.62, DistUp, 121.09
, DistFront, 118.13, DistDow, 118.04, DistUp, 121.96
, DistFrontMean, 118.54, DistDowMean, 118.35, DistUpMean, 120.24
, DistFront, 117.69, DistDow, 118.38, DistUp, 121.96
, DistFront, 117.33, DistDow, 117.93, DistUp, 120.24
, DistFront, 117.33, DistDow, 118.33, DistUp, 121.55
, DistFront, 117.33, DistDow, 117.47, DistUp, 121.11
, DistFront, 117.81, DistDow, 117.91, DistUp, 121.96
, DistFront, 116.82, DistDow, 117.91, DistUp, 122.02
, DistFront, 117.24, DistDow, 118.78, DistUp, 120.26
, DistFront, 118.06, DistDow, 118.06, DistUp, 120.24
, DistFront, 118.11, DistDow, 117.62, DistUp, 123.71
, DistFront, 117.70, DistDow, 117.96, DistUp, 120.24
, DistFront, 117.26, DistDow, 118.40, DistUp, 120.68
, DistFront, 117.70, DistDow, 117.99, DistUp, 122.84
, DistFront, 117.76, DistDow, 117.64, DistUp, 120.68
, DistFront, 117.76, DistDow, 117.64, DistUp, 121.60
, DistFront, 118.61, DistDow, 117.53, DistUp, 122.04
, DistFront, 117.91, DistDow, 118.04, DistUp, 120.77
, DistFront, 118.67, DistDow, 118.49, DistUp, 120.78
, DistFront, 117.41, DistDow, 117.64, DistUp, 122.89
, DistFront, 118.28, DistDow, 117.69, DistUp, 121.28
, DistFront, 117.06, DistDow, 118.61, DistUp, 121.31
, DistFrontMean, 117.52, DistDowMean, 117.76, DistUpMean, 121.77
, DistFront, 118.06, DistDow, 118.64, DistUp, 122.21
, DistFront, 118.11, DistDow, 118.27, DistUp, 121.41
, DistFront, 117.99, DistDow, 118.74, DistUp, 122.70
, DistFront, 118.04, DistDow, 117.87, DistUp, 120.54
, DistFront, 117.62, DistDow, 117.99, DistUp, 121.45
, DistFront, 117.67, DistDow, 118.04, DistUp, 120.99
, DistFront, 117.21, DistDow, 117.96, DistUp, 121.04
, DistFront, 119.05, DistDow, 117.93, DistUp, 120.63
, DistFront, 118.59, DistDow, 118.88, DistUp, 120.66
, DistFront, 117.82, DistDow, 118.45, DistUp, 120.68
, DistFront, 118.23, DistDow, 117.62, DistUp, 126.24
, DistFront, 117.96, DistDow, 118.06, DistUp, 121.62
, DistFront, 118.71, DistDow, 118.10, DistUp, 121.55
, DistFront, 118.32, DistDow, 117.76, DistUp, 121.70
, DistFront, 117.96, DistDow, 118.23, DistUp, 121.34
, DistFront, 118.54, DistDow, 118.27, DistUp, 122.67
, DistFront, 118.52, DistDow, 117.91, DistUp, 120.99
, DistFront, 118.96, DistDow, 118.83, DistUp, 123.61
, DistFront, 118.16, DistDow, 118.42, DistUp, 121.04
, DistFront, 118.62, DistDow, 118.11, DistUp, 121.53
, DistFrontMean, 119.06, DistDowMean, 119.39, DistUpMean, 123.32
, DistFront, 118.23, DistDow, 118.52, DistUp, 121.17
, DistFront, 118.69, DistDow, 118.55, DistUp, 121.62
, DistFront, 118.74, DistDow, 119.59, DistUp, 121.19
, DistFront, 118.84, DistDow, 118.61, DistUp, 121.24
, DistFront, 119.63, DistDow, 118.62, DistUp, 123.40
, DistFront, 118.95, DistDow, 119.10, DistUp, 122.16
, DistFront, 118.38, DistDow, 119.13, DistUp, 121.75
, DistFront, 118.84, DistDow, 118.74, DistUp, 121.80
, DistFront, 118.47, DistDow, 119.63, DistUp, 121.34
, DistFront, 118.89, DistDow, 118.76, DistUp, 121.80
, DistFront, 118.47, DistDow, 118.76, DistUp, 123.10
, DistFront, 118.91, DistDow, 119.63, DistUp, 121.80
, DistFront, 118.91, DistDow, 118.32, DistUp, 125.66
, DistFront, 119.35, DistDow, 119.34, DistUp, 122.24
, DistFront, 118.61, DistDow, 120.07, DistUp, 121.82
, DistFront, 119.32, DistDow, 119.23, DistUp, 121.39
, DistFront, 118.47, DistDow, 119.20, DistUp, 122.21
, DistFront, 118.52, DistDow, 118.76, DistUp, 121.77
, DistFront, 118.45, DistDow, 119.20, DistUp, 124.34
, DistFront, 118.45, DistDow, 118.76, DistUp, 123.89
, DistFrontMean, 119.30, DistDowMean, 118.71, DistUpMean, 121.73
, DistFront, 119.69, DistDow, 119.18, DistUp, 121.73
, DistFront, 118.81, DistDow, 118.64, DistUp, 121.68
, DistFront, 118.81, DistDow, 119.52, DistUp, 125.53
, DistFront, 118.32, DistDow, 119.47, DistUp, 121.19
, DistFront, 118.81, DistDow, 119.00, DistUp, 122.04
, DistFront, 118.64, DistDow, 118.45, DistUp, 121.09
, DistFront, 118.54, DistDow, 118.04, DistUp, 121.82
, DistFront, 118.04, DistDow, 117.84, DistUp, 122.18
, DistFront, 118.35, DistDow, 118.20, DistUp, 121.21
, DistFront, 118.27, DistDow, 119.00, DistUp, 120.68
, DistFront, 117.69, DistDow, 117.53, DistUp, 120.97
, DistFront, 117.09, DistDow, 118.28, DistUp, 121.28
, DistFront, 117.40, DistDow, 117.81, DistUp, 121.12
, DistFront, 117.24, DistDow, 117.19, DistUp, 120.53
, DistFront, 117.55, DistDow, 117.52, DistUp, 120.43
, DistFront, 117.02, DistDow, 118.27, DistUp, 119.95
, DistFront, 118.18, DistDow, 118.10, DistUp, 119.78
, DistFront, 116.90, DistDow, 117.13, DistUp, 120.60
, DistFront, 116.80, DistDow, 117.60, DistUp, 120.53
, DistFront, 117.60, DistDow, 117.89, DistUp, 120.90
, DistFrontMean, 117.16, DistDowMean, 116.97, DistUpMean, 120.88
, DistFront, 117.13, DistDow, 117.45, DistUp, 120.88
, DistFront, 117.55, DistDow, 116.92, DistUp, 121.28
, DistFront, 117.09, DistDow, 116.92, DistUp, 120.53
, DistFront, 117.09, DistDow, 117.40, DistUp, 119.52
, DistFront, 116.70, DistDow, 117.84, DistUp, 119.97
, DistFront, 116.70, DistDow, 117.09, DistUp, 120.82
, DistFront, 116.73, DistDow, 117.89, DistUp, 120.85
, DistFront, 117.16, DistDow, 117.91, DistUp, 120.92
, DistFront, 116.75, DistDow, 117.93, DistUp, 120.53
, DistFront, 116.75, DistDow, 117.96, DistUp, 119.68
, DistFront, 116.80, DistDow, 117.55, DistUp, 120.12
, DistFront, 118.11, DistDow, 117.13, DistUp, 120.63
, DistFront, 117.28, DistDow, 117.19, DistUp, 119.88
, DistFront, 117.35, DistDow, 117.70, DistUp, 120.20
, DistFront, 117.06, DistDow, 118.16, DistUp, 119.81
, DistFront, 117.52, DistDow, 117.76, DistUp, 120.26
, DistFront, 117.11, DistDow, 118.20, DistUp, 120.73
, DistFront, 117.11, DistDow, 117.28, DistUp, 120.73
, DistFront, 117.55, DistDow, 118.20, DistUp, 119.85
, DistFront, 117.55, DistDow, 118.23, DistUp, 119.88
, DistFrontMean, 118.32, DistDowMean, 117.81, DistUpMean, 121.19
, DistFront, 117.18, DistDow, 117.33, DistUp, 120.77
, DistFront, 117.52, DistDow, 117.35, DistUp, 120.37
, DistFront, 117.11, DistDow, 117.84, DistUp, 119.97
, DistFront, 117.55, DistDow, 117.89, DistUp, 122.13
, DistFront, 118.11, DistDow, 117.89, DistUp, 120.85
, DistFront, 117.24, DistDow, 118.33, DistUp, 120.88
, DistFront, 118.03, DistDow, 118.35, DistUp, 120.02
, DistFront, 117.62, DistDow, 117.41, DistUp, 120.90
, DistFront, 118.04, DistDow, 117.93, DistUp, 122.62
, DistFront, 117.62, DistDow, 118.47, DistUp, 120.92
, DistFront, 117.64, DistDow, 117.96, DistUp, 120.92
, DistFront, 117.19, DistDow, 117.62, DistUp, 119.63
, DistFront, 117.62, DistDow, 117.55, DistUp, 119.63
, DistFront, 117.57, DistDow, 117.98, DistUp, 120.05
, DistFront, 117.57, DistDow, 117.87, DistUp, 120.88
, DistFront, 117.52, DistDow, 117.35, DistUp, 121.28
, DistFront, 117.09, DistDow, 118.64, DistUp, 120.37
, DistFront, 117.02, DistDow, 118.61, DistUp, 120.32
, DistFront, 117.38, DistDow, 118.16, DistUp, 121.17
, DistFront, 117.89, DistDow, 117.69, DistUp, 121.14
, DistFrontMean, 117.38, DistDowMean, 117.28, DistUpMean, 119.40
, DistFront, 116.90, DistDow, 117.74, DistUp, 120.66
, DistFront, 117.28, DistDow, 118.11, DistUp, 121.04
, DistFront, 117.24, DistDow, 117.64, DistUp, 120.10
, DistFront, 117.62, DistDow, 117.93, DistUp, 120.49
, DistFront, 116.73, DistDow, 117.02, DistUp, 120.02
, DistFront, 117.16, DistDow, 116.97, DistUp, 119.68
, DistFront, 117.11, DistDow, 117.82, DistUp, 120.82
, DistFront, 116.31, DistDow, 117.38, DistUp, 120.37
, DistFront, 117.16, DistDow, 117.31, DistUp, 122.02
, DistFront, 116.67, DistDow, 117.31, DistUp, 119.85
, DistFront, 117.06, DistDow, 116.82, DistUp, 119.81
, DistFront, 116.50, DistDow, 116.89, DistUp, 119.81
, DistFront, 116.90, DistDow, 116.82, DistUp, 120.14
, DistFront, 116.84, DistDow, 117.60, DistUp, 121.41
, DistFront, 116.39, DistDow, 117.98, DistUp, 119.18
, DistFront, 117.70, DistDow, 117.52, DistUp, 119.17
, DistFront, 117.24, DistDow, 116.55, DistUp, 120.39
, DistFront, 116.19, DistDow, 117.04, DistUp, 119.49
, DistFront, 116.17, DistDow, 116.02, DistUp, 119.88
, DistFront, 116.14, DistDow, 116.96, DistUp, 118.96
, DistFrontMean, 116.55, DistDowMean, 116.85, DistUpMean, 119.95
, DistFront, 116.56, DistDow, 116.45, DistUp, 118.91
, DistFront, 115.78, DistDow, 116.50, DistUp, 118.52
, DistFront, 115.68, DistDow, 116.41, DistUp, 119.06
, DistFront, 116.26, DistDow, 116.41, DistUp, 118.98
, DistFront, 115.75, DistDow, 116.02, DistUp, 119.00
, DistFront, 115.77, DistDow, 116.04, DistUp, 119.05
, DistFront, 116.68, DistDow, 116.99, DistUp, 120.07
, DistFront, 116.41, DistDow, 117.09, DistUp, 119.13
, DistFront, 116.46, DistDow, 116.63, DistUp, 119.23
, DistFront, 116.41, DistDow, 117.70, DistUp, 119.69
, DistFront, 116.90, DistDow, 117.64, DistUp, 120.19
, DistFront, 116.50, DistDow, 117.67, DistUp, 119.83
, DistFront, 116.60, DistDow, 117.31, DistUp, 119.42
, DistFront, 117.09, DistDow, 117.81, DistUp, 119.97
, DistFront, 116.73, DistDow, 117.89, DistUp, 120.49
, DistFront, 116.80, DistDow, 117.09, DistUp, 121.46
, DistFront, 117.77, DistDow, 117.21, DistUp, 120.31
, DistFront, 116.99, DistDow, 116.85, DistUp, 120.78
, DistFront, 117.98, DistDow, 117.41, DistUp, 121.80
, DistFront, 117.28, DistDow, 117.98, DistUp, 121.04
, DistFrontMean, 117.35, DistDowMean, 118.06, DistUpMean, 120.68
, DistFront, 117.84, DistDow, 117.67, DistUp, 121.19
, DistFront, 117.96, DistDow, 117.76, DistUp, 121.34
, DistFront, 117.19, DistDow, 117.98, DistUp, 122.33
, DistFront, 117.41, DistDow, 118.89, DistUp, 121.60
, DistFront, 117.89, DistDow, 118.13, DistUp, 121.75
, DistFront, 118.04, DistDow, 118.27, DistUp, 121.48
, DistFront, 118.62, DistDow, 118.88, DistUp, 121.63
, DistFront, 118.38, DistDow, 119.06, DistUp, 121.80
, DistFront, 118.95, DistDow, 118.76, DistUp, 121.90
, DistFront, 119.91, DistDow, 119.78, DistUp, 122.93
, DistFront, 118.89, DistDow, 119.03, DistUp, 123.04
, DistFront, 119.27, DistDow, 119.56, DistUp, 122.67
, DistFront, 118.96, DistDow, 119.68, DistUp, 125.32
, DistFront, 119.00, DistDow, 119.71, DistUp, 123.27
, DistFront, 120.05, DistDow, 119.32, DistUp, 122.52
, DistFront, 119.59, DistDow, 119.85, DistUp, 122.57
, DistFront, 119.63, DistDow, 120.02, DistUp, 122.62
, DistFront, 119.68, DistDow, 120.34, DistUp, 123.91
, DistFront, 119.30, DistDow, 119.52, DistUp, 123.52
, DistFront, 119.30, DistDow, 119.54, DistUp, 123.06
, DistFrontMean, 118.88, DistDowMean, 120.46, DistUpMean, 122.21
, DistFront, 119.71, DistDow, 119.25, DistUp, 123.06
, DistFront, 120.14, DistDow, 120.02, DistUp, 125.17
, DistFront, 119.68, DistDow, 120.41, DistUp, 122.11
, DistFront, 119.20, DistDow, 119.95, DistUp, 122.11
, DistFront, 119.23, DistDow, 119.90, DistUp, 122.91
, DistFront, 119.12, DistDow, 119.83, DistUp, 123.33
, DistFront, 119.12, DistDow, 118.88, DistUp, 122.84
, DistFront, 119.00, DistDow, 120.14, DistUp, 121.89
, DistFront, 119.32, DistDow, 120.03, DistUp, 121.84
, DistFront, 119.63, DistDow, 119.52, DistUp, 122.11
, DistFront, 119.12, DistDow, 119.05, DistUp, 121.14
, DistFront, 119.13, DistDow, 118.83, DistUp, 122.35
, DistFront, 118.91, DistDow, 118.74, DistUp, 122.26
, DistFront, 118.54, DistDow, 118.69, DistUp, 123.03
, DistFront, 118.78, DistDow, 119.47, DistUp, 122.52
, DistFront, 118.69, DistDow, 118.49, DistUp, 121.56
, DistFront, 118.20, DistDow, 118.84, DistUp, 121.92
, DistFront, 118.95, DistDow, 119.18, DistUp, 121.41
, DistFront, 118.40, DistDow, 118.20, DistUp, 121.75
, DistFront, 119.13, DistDow, 118.55, DistUp, 122.53
, DistFrontMean, 117.84, DistDowMean, 118.95, DistUpMean, 120.77
, DistFront, 118.20, DistDow, 117.99, DistUp, 121.56
, DistFront, 118.11, DistDow, 117.52, DistUp, 121.09
, DistFront, 118.11, DistDow, 117.91, DistUp, 121.48
, DistFront, 117.69, DistDow, 118.38, DistUp, 121.90
, DistFront, 118.52, DistDow, 118.35, DistUp, 121.45
, DistFront, 118.20, DistDow, 118.33, DistUp, 120.60
, DistFront, 117.67, DistDow, 117.93, DistUp, 121.09
, DistFront, 117.67, DistDow, 117.47, DistUp, 121.50
, DistFront, 117.67, DistDow, 117.62, DistUp, 121.05
, DistFront, 117.70, DistDow, 117.96, DistUp, 121.11
, DistFront, 117.82, DistDow, 118.83, DistUp, 122.02
, DistFront, 117.74, DistDow, 117.93, DistUp, 121.55
, DistFront, 117.69, DistDow, 118.03, DistUp, 121.56
, DistFront, 118.16, DistDow, 118.84, DistUp, 120.70
, DistFront, 117.84, DistDow, 118.84, DistUp, 121.12
, DistFront, 117.76, DistDow, 118.47, DistUp, 120.73
, DistFront, 117.76, DistDow, 118.45, DistUp, 122.09
, DistFront, 117.81, DistDow, 118.91, DistUp, 121.19
, DistFront, 118.81, DistDow, 118.49, DistUp, 121.67
, DistFront, 118.28, DistDow, 118.11, DistUp, 121.24
, DistFrontMean, 118.74, DistDowMean, 118.98, DistUpMean, 120.85
, DistFront, 118.33, DistDow, 118.71, DistUp, 120.85
, DistFront, 117.96, DistDow, 119.06, DistUp, 120.90
, DistFront, 117.55, DistDow, 119.12, DistUp, 123.13
, DistFront, 118.06, DistDow, 119.27, DistUp, 122.74
, DistFront, 118.61, DistDow, 118.33, DistUp, 122.31
, DistFront, 118.10, DistDow, 119.25, DistUp, 121.92
, DistFront, 118.67, DistDow, 118.35, DistUp, 122.38
, DistFront, 118.16, DistDow, 118.88, DistUp, 121.41
, DistFront, 118.20, DistDow, 119.30, DistUp, 121.97
, DistFront, 118.28, DistDow, 118.45, DistUp, 121.56
, DistFront, 118.64, DistDow, 118.89, DistUp, 121.56
, DistFront, 119.49, DistDow, 119.35, DistUp, 123.33
, DistFront, 118.69, DistDow, 118.98, DistUp, 121.62
, DistFront, 118.40, DistDow, 118.96, DistUp, 122.96
, DistFront, 117.84, DistDow, 118.10, DistUp, 122.53
, DistFront, 118.28, DistDow, 118.55, DistUp, 121.26
, DistFront, 118.33, DistDow, 118.11, DistUp, 121.73
, DistFront, 118.33, DistDow, 118.62, DistUp, 122.57
, DistFront, 118.81, DistDow, 119.06, DistUp, 121.73
, DistFront, 118.81, DistDow, 119.56, DistUp, 122.62
, DistFrontMean, 119.25, DistDowMean, 118.64, DistUpMean, 121.33
, DistFront, 118.38, DistDow, 118.64, DistUp, 122.52
, DistFront, 118.40, DistDow, 118.64, DistUp, 122.21
, DistFront, 118.40, DistDow, 119.52, DistUp, 121.75
, DistFront, 118.40, DistDow, 119.63, DistUp, 122.24
, DistFront, 118.49, DistDow, 119.12, DistUp, 121.77
, DistFront, 118.49, DistDow, 118.61, DistUp, 121.33
, DistFront, 118.49, DistDow, 119.06, DistUp, 121.80
, DistFront, 119.25, DistDow, 119.63, DistUp, 121.77
, DistFront, 119.25, DistDow, 118.59, DistUp, 122.06
, DistFront, 119.23, DistDow, 119.49, DistUp, 123.47
, DistFront, 118.38, DistDow, 119.05, DistUp, 122.57
, DistFront, 118.81, DistDow, 118.55, DistUp, 123.03
, DistFront, 118.78, DistDow, 119.46, DistUp, 122.16
, DistFront, 119.59, DistDow, 119.00, DistUp, 122.57
, DistFront, 118.32, DistDow, 118.52, DistUp, 121.70
, DistFront, 118.32, DistDow, 118.98, DistUp, 122.60
, DistFront, 118.71, DistDow, 118.98, DistUp, 122.04
, DistFront, 119.12, DistDow, 118.49, DistUp, 122.11
, DistFront, 118.23, DistDow, 118.45, DistUp, 122.09
, DistFront, 118.25, DistDow, 118.45, DistUp, 122.09
, DistFrontMean, 118.23, DistDowMean, 119.32, DistUpMean, 122.96
, DistFront, 118.23, DistDow, 118.89, DistUp, 121.56
, DistFront, 118.62, DistDow, 118.42, DistUp, 122.04
, DistFront, 117.74, DistDow, 118.40, DistUp, 121.62
, DistFront, 118.62, DistDow, 118.96, DistUp, 121.62
, DistFront, 118.20, DistDow, 118.88, DistUp, 122.02
, DistFront, 118.20, DistDow, 118.49, DistUp, 122.06
, DistFront, 118.62, DistDow, 118.42, DistUp, 121.56
, DistFront, 118.20, DistDow, 118.40, DistUp, 121.62
, DistFront, 118.32, DistDow, 119.32, DistUp, 122.02
, DistFront, 118.64, DistDow, 118.89, DistUp, 122.04
, DistFront, 118.32, DistDow, 119.74, DistUp, 122.04
, DistFront, 118.23, DistDow, 118.40, DistUp, 121.67
, DistFront, 118.67, DistDow, 118.42, DistUp, 122.52
, DistFront, 118.27, DistDow, 119.32, DistUp, 121.68
, DistFront, 118.25, DistDow, 118.91, DistUp, 121.24
, DistFront, 118.71, DistDow, 119.39, DistUp, 121.70
, DistFront, 118.28, DistDow, 118.52, DistUp, 121.73
, DistFront, 118.74, DistDow, 119.00, DistUp, 124.76
, DistFront, 117.89, DistDow, 118.16, DistUp, 122.19
, DistFront, 118.38, DistDow, 119.06, DistUp, 121.39
, DistFrontMean, 118.40, DistDowMean, 119.47, DistUpMean, 123.11
, DistFront, 118.84, DistDow, 119.52, DistUp, 122.69
, DistFront, 118.47, DistDow, 119.56, DistUp, 126.12
, DistFront, 118.52, DistDow, 118.74, DistUp, 121.85
, DistFront, 118.52, DistDow, 119.69, DistUp, 121.92
, DistFront, 118.52, DistDow, 119.18, DistUp, 122.81
, DistFront, 118.98, DistDow, 118.74, DistUp, 122.40
, DistFront, 119.83, DistDow, 119.23, DistUp, 121.96
, DistFront, 119.03, DistDow, 119.25, DistUp, 121.99
, DistFront, 119.46, DistDow, 119.71, DistUp, 121.56
, DistFront, 118.62, DistDow, 119.32, DistUp, 122.89
, DistFront, 118.64, DistDow, 118.84, DistUp, 122.45
, DistFront, 119.52, DistDow, 119.78, DistUp, 121.56
, DistFront, 118.74, DistDow, 118.91, DistUp, 122.87
, DistFront, 118.64, DistDow, 119.90, DistUp, 121.17
, DistFront, 118.64, DistDow, 118.91, DistUp, 122.47
, DistFront, 119.17, DistDow, 119.83, DistUp, 121.21
, DistFront, 119.17, DistDow, 119.98, DistUp, 122.53
, DistFront, 119.61, DistDow, 119.46, DistUp, 123.45
, DistFront, 119.18, DistDow, 118.98, DistUp, 122.47
, DistFront, 119.20, DistDow, 118.95, DistUp, 122.55
, DistFrontMean, 119.18, DistDowMean, 118.98, DistUpMean, 122.55
, DistFront, 118.76, DistDow, 119.46, DistUp, 123.40
, DistFront, 118.81, DistDow, 119.00, DistUp, 122.52
, DistFront, 118.67, DistDow, 119.88, DistUp, 122.06
, DistFront, 119.13, DistDow, 119.83, DistUp, 123.32
, DistFront, 119.10, DistDow, 119.90, DistUp, 122.40
, DistFront, 118.59, DistDow, 118.42, DistUp, 121.90
, DistFront, 118.54, DistDow, 120.10, DistUp, 123.55
, DistFront, 118.42, DistDow, 119.13, DistUp, 122.55
, DistFront, 118.76, DistDow, 118.59, DistUp, 122.06
, DistFront, 118.18, DistDow, 119.35, DistUp, 122.35
, DistFront, 118.06, DistDow, 118.33, DistUp, 121.80
, DistFront, 117.93, DistDow, 119.10, DistUp, 126.77
, DistFront, 117.93, DistDow, 118.95, DistUp, 121.99
, DistFront, 118.06, DistDow, 118.32, DistUp, 122.31
, DistFront, 118.38, DistDow, 117.82, DistUp, 120.90
, DistFront, 117.45, DistDow, 118.03, DistUp, 122.47
, DistFront, 117.33, DistDow, 117.41, DistUp, 122.31
, DistFront, 117.09, DistDow, 118.16, DistUp, 121.70
, DistFront, 117.38, DistDow, 117.18, DistUp, 121.11
, DistFront, 116.84, DistDow, 117.02, DistUp, 121.28
, DistFrontMean, 116.68, DistDowMean, 116.96, DistUpMean, 121.75
, DistFront, 117.89, DistDow, 117.31, DistUp, 121.56
, DistFront, 116.48, DistDow, 117.18, DistUp, 121.05
, DistFront, 116.82, DistDow, 117.55, DistUp, 121.34
, DistFront, 116.48, DistDow, 117.55, DistUp, 120.02
, DistFront, 116.41, DistDow, 117.11, DistUp, 119.13
, DistFront, 116.77, DistDow, 116.67, DistUp, 119.59
, DistFront, 116.38, DistDow, 117.11, DistUp, 119.66
, DistFront, 117.81, DistDow, 117.62, DistUp, 119.66
, DistFront, 117.02, DistDow, 117.26, DistUp, 120.60
, DistFront, 117.52, DistDow, 117.76, DistUp, 120.70
, DistFront, 117.18, DistDow, 116.90, DistUp, 121.63
, DistFront, 116.68, DistDow, 117.11, DistUp, 121.31
, DistFront, 118.06, DistDow, 117.96, DistUp, 120.95
, DistFront, 116.97, DistDow, 117.67, DistUp, 121.11
, DistFront, 116.97, DistDow, 117.40, DistUp, 121.21
, DistFront, 117.06, DistDow, 117.48, DistUp, 120.90
, DistFront, 117.76, DistDow, 117.48, DistUp, 121.45
, DistFront, 117.77, DistDow, 118.03, DistUp, 120.73
, DistFront, 118.69, DistDow, 118.25, DistUp, 121.19
, DistFront, 118.89, DistDow, 117.81, DistUp, 121.73
, DistFrontMean, 117.69, DistDowMean, 118.76, DistUpMean, 121.38
, DistFront, 118.11, DistDow, 118.40, DistUp, 120.97
, DistFront, 118.61, DistDow, 117.98, DistUp, 120.61
, DistFront, 117.77, DistDow, 118.98, DistUp, 121.53
, DistFront, 117.93, DistDow, 118.59, DistUp, 121.11
, DistFront, 118.32, DistDow, 118.59, DistUp, 122.91
, DistFront, 118.33, DistDow, 118.16, DistUp, 123.35
, DistFront, 118.32, DistDow, 119.03, DistUp, 121.19
, DistFront, 117.87, DistDow, 118.13, DistUp, 120.78
, DistFront, 117.87, DistDow, 119.03, DistUp, 121.19
, DistFront, 117.81, DistDow, 118.54, DistUp, 121.99
, DistFront, 117.77, DistDow, 118.49, DistUp, 121.48
, DistFront, 117.62, DistDow, 118.35, DistUp, 120.07
, DistFront, 117.70, DistDow, 117.81, DistUp, 120.37
, DistFront, 117.53, DistDow, 117.69, DistUp, 121.11
, DistFront, 117.76, DistDow, 117.60, DistUp, 120.97
, DistFront, 117.16, DistDow, 117.45, DistUp, 120.78
, DistFront, 116.97, DistDow, 117.28, DistUp, 121.04
, DistFront, 117.21, DistDow, 117.91, DistUp, 120.02
, DistFront, 116.56, DistDow, 116.82, DistUp, 120.20
, DistFront, 116.89, DistDow, 116.62, DistUp, 119.13
, DistFrontMean, 117.02, DistDowMean, 116.46, DistUpMean, 120.24
, DistFront, 116.55, DistDow, 117.16, DistUp, 120.10
, DistFront, 115.82, DistDow, 117.11, DistUp, 119.05
, DistFront, 116.11, DistDow, 115.95, DistUp, 118.88
, DistFront, 115.92, DistDow, 116.33, DistUp, 119.18
, DistFront, 115.78, DistDow, 116.53, DistUp, 118.62
, DistFront, 115.70, DistDow, 116.53, DistUp, 119.40
, DistFront, 116.45, DistDow, 115.48, DistUp, 118.45
, DistFront, 116.41, DistDow, 116.41, DistUp, 118.42
, DistFront, 115.20, DistDow, 115.46, DistUp, 117.93
, DistFront, 115.19, DistDow, 115.48, DistUp, 118.38
, DistFront, 115.31, DistDow, 115.66, DistUp, 119.83
, DistFront, 116.39, DistDow, 115.77, DistUp, 118.62
, DistFront, 115.49, DistDow, 116.28, DistUp, 119.30
, DistFront, 115.66, DistDow, 115.85, DistUp, 119.66
, DistFront, 115.60, DistDow, 115.99, DistUp, 119.71
, DistFront, 116.11, DistDow, 117.28, DistUp, 120.20
, DistFront, 115.83, DistDow, 116.12, DistUp, 118.45
, DistFront, 116.21, DistDow, 117.06, DistUp, 118.95
, DistFront, 115.88, DistDow, 116.24, DistUp, 118.59
, DistFront, 115.99, DistDow, 117.77, DistUp, 118.74
, DistFrontMean, 116.48, DistDowMean, 116.41, DistUpMean, 119.69
, DistFront, 116.12, DistDow, 116.46, DistUp, 118.88
, DistFront, 116.80, DistDow, 116.62, DistUp, 119.88
, DistFront, 116.48, DistDow, 117.21, DistUp, 120.88
, DistFront, 117.33, DistDow, 117.35, DistUp, 118.78
, DistFront, 117.04, DistDow, 118.38, DistUp, 119.78
, DistFront, 117.57, DistDow, 117.67, DistUp, 119.47
, DistFront, 116.73, DistDow, 117.98, DistUp, 119.05
, DistFront, 117.13, DistDow, 117.48, DistUp, 119.95
, DistFront, 116.68, DistDow, 117.87, DistUp, 119.42
, DistFront, 117.19, DistDow, 117.45, DistUp, 119.85
, DistFront, 117.18, DistDow, 116.97, DistUp, 120.31
, DistFront, 116.75, DistDow, 117.41, DistUp, 119.40
, DistFront, 117.87, DistDow, 117.93, DistUp, 120.24
, DistFront, 117.02, DistDow, 117.89, DistUp, 119.78
, DistFront, 117.41, DistDow, 117.76, DistUp, 119.78
, DistFront, 116.55, DistDow, 117.74, DistUp, 119.74
, DistFront, 116.48, DistDow, 117.28, DistUp, 119.81
, DistFront, 116.90, DistDow, 117.21, DistUp, 119.20
, DistFront, 116.56, DistDow, 117.67, DistUp, 119.17
, DistFront, 117.26, DistDow, 117.19, DistUp, 120.46
, DistFrontMean, 116.34, DistDowMean, 116.80, DistUpMean, 119.98
, DistFront, 117.21, DistDow, 117.21, DistUp, 119.06
, DistFront, 115.83, DistDow, 117.06, DistUp, 119.13
, DistFront, 116.68, DistDow, 117.47, DistUp, 119.83
, DistFront, 116.73, DistDow, 116.50, DistUp, 120.24
, DistFront, 116.99, DistDow, 116.56, DistUp, 119.71
, DistFront, 116.92, DistDow, 117.31, DistUp, 119.68
, DistFront, 116.04, DistDow, 117.26, DistUp, 119.68
, DistFront, 116.14, DistDow, 116.38, DistUp, 119.63
, DistFront, 115.99, DistDow, 116.89, DistUp, 120.48
, DistFront, 115.53, DistDow, 118.03, DistUp, 118.74
, DistFront, 115.54, DistDow, 117.18, DistUp, 118.32
, DistFront, 117.21, DistDow, 116.41, DistUp, 118.71
, DistFront, 115.99, DistDow, 117.18, DistUp, 118.74
, DistFront, 116.50, DistDow, 117.16, DistUp, 119.18
, DistFront, 117.24, DistDow, 116.41, DistUp, 119.23
, DistFront, 115.99, DistDow, 117.21, DistUp, 118.78
, DistFront, 116.55, DistDow, 116.82, DistUp, 119.68
, DistFront, 116.48, DistDow, 116.46, DistUp, 118.42
, DistFront, 116.48, DistDow, 117.28, DistUp, 119.40
, DistFront, 116.62, DistDow, 116.41, DistUp, 119.39
, DistFrontMean, 116.56, DistDowMean, 116.55, DistUpMean, 119.46
, DistFront, 117.02, DistDow, 117.47, DistUp, 118.98
, DistFront, 117.09, DistDow, 116.50, DistUp, 119.54
, DistFront, 116.73, DistDow, 116.60, DistUp, 120.03
, DistFront, 116.80, DistDow, 116.77, DistUp, 119.23
, DistFront, 116.89, DistDow, 117.62, DistUp, 119.34
, DistFront, 116.92, DistDow, 117.26, DistUp, 119.83
, DistFront, 117.02, DistDow, 117.35, DistUp, 120.77
, DistFront, 117.11, DistDow, 116.97, DistUp, 120.43
, DistFront, 116.73, DistDow, 117.06, DistUp, 121.38
, DistFront, 116.84, DistDow, 117.60, DistUp, 122.31
, DistFront, 117.38, DistDow, 117.18, DistUp, 121.96
, DistFront, 117.40, DistDow, 118.13, DistUp, 121.17
, DistFront, 117.04, DistDow, 117.45, DistUp, 119.85
, DistFront, 117.21, DistDow, 117.89, DistUp, 120.41
, DistFront, 117.60, DistDow, 117.96, DistUp, 121.70
, DistFront, 117.24, DistDow, 118.45, DistUp, 120.49
, DistFront, 117.31, DistDow, 118.11, DistUp, 120.56
, DistFront, 117.82, DistDow, 119.00, DistUp, 120.20
, DistFront, 118.42, DistDow, 118.64, DistUp, 120.68
, DistFront, 117.93, DistDow, 117.84, DistUp, 120.85
, DistFrontMean, 118.42, DistDowMean, 118.78, DistUpMean, 120.39
, DistFront, 117.62, DistDow, 119.23, DistUp, 121.70
, DistFront, 118.54, DistDow, 118.89, DistUp, 120.95
, DistFront, 118.20, DistDow, 118.10, DistUp, 121.41
, DistFront, 117.82, DistDow, 118.23, DistUp, 121.96
, DistFront, 118.28, DistDow, 118.18, DistUp, 121.14
, DistFront, 117.89, DistDow, 118.69, DistUp, 121.19
, DistFront, 117.93, DistDow, 118.84, DistUp, 120.75
, DistFront, 118.55, DistDow, 118.32, DistUp, 120.83
, DistFront, 118.03, DistDow, 118.84, DistUp, 120.43
, DistFront, 118.54, DistDow, 119.40, DistUp, 121.34
, DistFront, 119.52, DistDow, 118.47, DistUp, 122.26
, DistFront, 118.18, DistDow, 119.49, DistUp, 120.95
, DistFront, 118.28, DistDow, 119.42, DistUp, 120.54
, DistFront, 118.28, DistDow, 119.06, DistUp, 120.99
, DistFront, 118.74, DistDow, 119.52, DistUp, 120.99
, DistFront, 118.71, DistDow, 119.52, DistUp, 121.39
, DistFront, 118.74, DistDow, 118.67, DistUp, 121.02
, DistFront, 118.33, DistDow, 118.74, DistUp, 121.04
, DistFront, 118.83, DistDow, 119.74, DistUp, 121.11
, DistFront, 118.55, DistDow, 119.27, DistUp, 121.63
, DistFrontMean, 118.55, DistDowMean, 119.35, DistUpMean, 121.26
, DistFront, 119.90, DistDow, 119.42, DistUp, 121.34
, DistFront, 118.81, DistDow, 120.37, DistUp, 121.73
, DistFront, 118.69, DistDow, 119.42, DistUp, 122.84
, DistFront, 119.12, DistDow, 118.91, DistUp, 121.99
, DistFront, 119.95, DistDow, 119.35, DistUp, 121.99
, DistFront, 119.97, DistDow, 118.91, DistUp, 121.70
, DistFront, 119.17, DistDow, 118.96, DistUp, 122.57
, DistFront, 119.20, DistDow, 119.91, DistUp, 123.03
, DistFront, 118.84, DistDow, 119.06, DistUp, 122.24
, DistFront, 118.89, DistDow, 119.69, DistUp, 122.70
, DistFront, 120.19, DistDow, 120.03, DistUp, 122.77
, DistFront, 118.89, DistDow, 120.05, DistUp, 124.85
, DistFront, 119.34, DistDow, 120.03, DistUp, 123.11
, DistFront, 120.26, DistDow, 119.13, DistUp, 122.64
, DistFront, 120.07, DistDow, 119.97, DistUp, 122.13
, DistFront, 119.17, DistDow, 119.10, DistUp, 122.91
, DistFront, 118.64, DistDow, 119.34, DistUp, 124.91
, DistFront, 118.49, DistDow, 118.76, DistUp, 121.80
, DistFront, 118.33, DistDow, 119.10, DistUp, 123.81
, DistFront, 118.28, DistDow, 118.42, DistUp, 121.45
, DistFrontMean, 118.54, DistDowMean, 118.78, DistUpMean, 121.34
, DistFront, 117.96, DistDow, 118.62, DistUp, 121.26
, DistFront, 117.69, DistDow, 118.10, DistUp, 122.70
, DistFront, 118.04, DistDow, 117.74, DistUp, 120.34
, DistFront, 117.28, DistDow, 117.53, DistUp, 122.70
, DistFront, 117.09, DistDow, 117.31, DistUp, 123.64
, DistFront, 117.28, DistDow, 117.98, DistUp, 120.53
, DistFront, 117.48, DistDow, 116.85, DistUp, 120.34
, DistFront, 116.85, DistDow, 117.53, DistUp, 119.74
, DistFront, 117.53, DistDow, 116.90, DistUp, 119.54
, DistFront, 116.60, DistDow, 116.31, DistUp, 120.24
, DistFront, 115.88, DistDow, 117.47, DistUp, 118.78
, DistFront, 115.83, DistDow, 116.09, DistUp, 120.43
, DistFront, 116.33, DistDow, 116.05, DistUp, 119.10
, DistFront, 116.19, DistDow, 116.90, DistUp, 118.98
, DistFront, 115.75, DistDow, 115.95, DistUp, 119.40
, DistFront, 116.04, DistDow, 115.90, DistUp, 119.34
, DistFront, 115.70, DistDow, 116.75, DistUp, 118.89
, DistFront, 115.56, DistDow, 115.85, DistUp, 119.74
, DistFront, 116.04, DistDow, 116.34, DistUp, 119.34
, DistFront, 116.89, DistDow, 116.02, DistUp, 118.49
, DistFrontMean, 116.48, DistDowMean, 116.34, DistUpMean, 118.95
, DistFront, 115.63, DistDow, 116.80, DistUp, 119.05
, DistFront, 115.34, DistDow, 116.41, DistUp, 120.75
, DistFront, 115.75, DistDow, 116.14, DistUp, 119.54
, DistFront, 115.43, DistDow, 116.56, DistUp, 120.49
, DistFront, 116.39, DistDow, 116.70, DistUp, 120.20
, DistFront, 116.63, DistDow, 116.80, DistUp, 120.75
, DistFront, 116.19, DistDow, 117.02, DistUp, 119.59
, DistFront, 116.33, DistDow, 116.60, DistUp, 119.68
, DistFront, 116.45, DistDow, 118.03, DistUp, 121.55
, DistFront, 117.45, DistDow, 117.33, DistUp, 119.95
, DistFront, 116.68, DistDow, 116.97, DistUp, 122.67
, DistFront, 116.84, DistDow, 117.57, DistUp, 121.05
, DistFront, 118.25, DistDow, 117.38, DistUp, 119.83
, DistFront, 117.09, DistDow, 117.53, DistUp, 121.70
, DistFront, 117.64, DistDow, 117.98, DistUp, 121.34
, DistFront, 118.25, DistDow, 118.03, DistUp, 120.54
, DistFront, 118.18, DistDow, 118.10, DistUp, 120.61
, DistFront, 117.38, DistDow, 117.67, DistUp, 120.19
, DistFront, 117.38, DistDow, 118.59, DistUp, 120.66
, DistFront, 117.84, DistDow, 118.28, DistUp, 120.20
, DistFrontMean, 117.41, DistDowMean, 118.71, DistUpMean, 121.97
, DistFront, 117.98, DistDow, 118.20, DistUp, 120.26
, DistFront, 117.98, DistDow, 117.76, DistUp, 121.56
, DistFront, 117.47, DistDow, 117.74, DistUp, 120.73
, DistFront, 117.47, DistDow, 117.76, DistUp, 120.32
, DistFront, 117.48, DistDow, 118.32, DistUp, 121.19
, DistFront, 117.91, DistDow, 118.25, DistUp, 120.78
, DistFront, 117.16, DistDow, 118.67, DistUp, 120.37
, DistFront, 117.52, DistDow, 118.25, DistUp, 120.78
, DistFront, 117.48, DistDow, 117.89, DistUp, 123.76
, DistFront, 117.60, DistDow, 118.67, DistUp, 123.35
, DistFront, 117.93, DistDow, 118.27, DistUp, 120.39
, DistFront, 117.60, DistDow, 118.67, DistUp, 120.78
, DistFront, 117.53, DistDow, 118.69, DistUp, 120.90
, DistFront, 117.96, DistDow, 118.69, DistUp, 121.21
, DistFront, 117.96, DistDow, 118.23, DistUp, 122.04
, DistFront, 117.60, DistDow, 117.77, DistUp, 120.27
, DistFront, 118.32, DistDow, 118.62, DistUp, 120.31
, DistFront, 117.87, DistDow, 118.18, DistUp, 120.68
, DistFront, 117.82, DistDow, 117.77, DistUp, 121.53
, DistFront, 117.40, DistDow, 117.64, DistUp, 120.20
, DistFrontMean, 117.38, DistDowMean, 118.62, DistUpMean, 122.77
, DistFront, 117.45, DistDow, 118.06, DistUp, 120.19
, DistFront, 117.87, DistDow, 118.10, DistUp, 120.66
, DistFront, 117.28, DistDow, 117.57, DistUp, 121.90
, DistFront, 118.55, DistDow, 118.03, DistUp, 120.99
, DistFront, 117.31, DistDow, 117.67, DistUp, 120.54
, DistFront, 117.26, DistDow, 118.13, DistUp, 121.39
, DistFront, 117.24, DistDow, 117.52, DistUp, 120.10
, DistFront, 118.64, DistDow, 118.03, DistUp, 120.60
, DistFront, 117.84, DistDow, 118.49, DistUp, 119.69
, DistFront, 118.59, DistDow, 118.06, DistUp, 122.76
, DistFront, 117.81, DistDow, 118.52, DistUp, 121.09
, DistFront, 117.38, DistDow, 118.11, DistUp, 120.68
, DistFront, 117.55, DistDow, 118.18, DistUp, 120.73
, DistFront, 117.48, DistDow, 118.64, DistUp, 120.43
, DistFront, 117.93, DistDow, 117.77, DistUp, 120.39
, DistFront, 117.98, DistDow, 117.93, DistUp, 121.31
, DistFront, 118.11, DistDow, 117.87, DistUp, 120.46
, DistFront, 118.45, DistDow, 118.81, DistUp, 120.49
, DistFront, 118.10, DistDow, 117.89, DistUp, 121.39
, DistFront, 118.52, DistDow, 118.06, DistUp, 120.97
, DistFrontMean, 117.70, DistDowMean, 118.06, DistUpMean, 121.46
, DistFront, 118.20, DistDow, 117.93, DistUp, 121.48
, DistFront, 117.69, DistDow, 118.84, DistUp, 121.90
, DistFront, 117.69, DistDow, 118.54, DistUp, 122.35
, DistFront, 117.84, DistDow, 118.42, DistUp, 122.40
, DistFront, 118.20, DistDow, 118.47, DistUp, 121.12
, DistFront, 117.77, DistDow, 118.20, DistUp, 122.91
, DistFront, 119.25, DistDow, 118.11, DistUp, 120.82
, DistFront, 117.93, DistDow, 118.18, DistUp, 121.75
, DistFront, 117.99, DistDow, 119.13, DistUp, 121.38
, DistFront, 119.32, DistDow, 118.78, DistUp, 122.28
, DistFront, 118.23, DistDow, 118.38, DistUp, 121.11
, DistFront, 118.18, DistDow, 118.91, DistUp, 122.41
, DistFront, 118.40, DistDow, 118.54, DistUp, 122.48
, DistFront, 119.18, DistDow, 119.05, DistUp, 122.53
, DistFront, 118.40, DistDow, 119.10, DistUp, 122.06
, DistFront, 118.54, DistDow, 119.63, DistUp, 121.77
, DistFront, 119.40, DistDow, 118.83, DistUp, 122.81
, DistFront, 119.17, DistDow, 118.89, DistUp, 124.42
, DistFront, 118.69, DistDow, 119.40, DistUp, 121.60
, DistFront, 118.71, DistDow, 119.12, DistUp, 122.47
, DistFrontMean, 120.02, DistDowMean, 119.00, DistUpMean, 121.67
, DistFront, 118.76, DistDow, 119.05, DistUp, 122.96
, DistFront, 118.91, DistDow, 119.49, DistUp, 122.87
, DistFront, 119.27, DistDow, 119.06, DistUp, 122.13
, DistFront, 118.84, DistDow, 119.18, DistUp, 121.68
, DistFront, 119.25, DistDow, 119.06, DistUp, 122.55
, DistFront, 118.91, DistDow, 119.06, DistUp, 121.62
, DistFront, 119.20, DistDow, 119.47, DistUp, 123.71
, DistFront, 119.13, DistDow, 119.47, DistUp, 122.26
, DistFront, 119.95, DistDow, 119.40, DistUp, 122.74
, DistFront, 119.06, DistDow, 118.89, DistUp, 122.70
, DistFront, 119.42, DistDow, 119.76, DistUp, 121.34
, DistFront, 118.47, DistDow, 119.25, DistUp, 123.03
, DistFront, 118.40, DistDow, 119.17, DistUp, 123.35
, DistFront, 118.28, DistDow, 118.59, DistUp, 121.53
, DistFront, 118.20, DistDow, 118.49, DistUp, 120.99
, DistFront, 118.52, DistDow, 119.34, DistUp, 121.31
, DistFront, 118.04, DistDow, 118.23, DistUp, 122.04
, DistFront, 117.77, DistDow, 118.06, DistUp, 120.60
, DistFront, 117.64, DistDow, 117.91, DistUp, 121.75
, DistFront, 117.93, DistDow, 118.33, DistUp, 120.75
, DistFrontMean, 117.84, DistDowMean, 118.67, DistUpMean, 120.19
, DistFront, 117.74, DistDow, 118.03, DistUp, 120.07
, DistFront, 117.69, DistDow, 118.35, DistUp, 119.98
, DistFront, 117.55, DistDow, 117.81, DistUp, 119.85
, DistFront, 116.90, DistDow, 118.10, DistUp, 120.19
, DistFront, 116.82, DistDow, 117.60, DistUp, 120.07
, DistFront, 118.06, DistDow, 117.52, DistUp, 121.05
, DistFront, 117.21, DistDow, 117.98, DistUp, 120.92
, DistFront, 116.77, DistDow, 117.06, DistUp, 119.74
, DistFront, 116.77, DistDow, 117.06, DistUp, 121.39
, DistFront, 117.21, DistDow, 117.48, DistUp, 120.56
, DistFront, 117.21, DistDow, 117.04, DistUp, 119.68
, DistFront, 117.24, DistDow, 117.98, DistUp, 119.74
, DistFront, 116.84, DistDow, 117.13, DistUp, 120.17
, DistFront, 117.33, DistDow, 117.18, DistUp, 120.27
, DistFront, 118.25, DistDow, 117.26, DistUp, 120.73
, DistFront, 117.04, DistDow, 117.33, DistUp, 121.24
, DistFront, 117.13, DistDow, 118.28, DistUp, 121.68
, DistFront, 117.18, DistDow, 118.03, DistUp, 120.03
, DistFront, 116.77, DistDow, 117.62, DistUp, 120.97
, DistFront, 117.82, DistDow, 118.49, DistUp, 121.45
, DistFrontMean, 117.38, DistDowMean, 118.52, DistUpMean, 121.04
, DistFront, 117.40, DistDow, 118.54, DistUp, 120.32
, DistFront, 117.84, DistDow, 117.69, DistUp, 120.70
, DistFront, 117.47, DistDow, 118.20, DistUp, 120.75
, DistFront, 117.48, DistDow, 118.25, DistUp, 120.34
, DistFront, 117.55, DistDow, 117.82, DistUp, 122.11
, DistFront, 117.57, DistDow, 117.87, DistUp, 120.43
, DistFront, 118.03, DistDow, 118.03, DistUp, 120.90
, DistFront, 118.49, DistDow, 118.38, DistUp, 121.77
, DistFront, 118.91, DistDow, 118.42, DistUp, 122.24
, DistFront, 118.16, DistDow, 118.98, DistUp, 123.11
, DistFront, 118.98, DistDow, 117.99, DistUp, 121.84
, DistFront, 117.74, DistDow, 118.95, DistUp, 120.56
, DistFront, 118.18, DistDow, 118.06, DistUp, 121.48
, DistFront, 118.25, DistDow, 118.11, DistUp, 121.53
, DistFront, 118.28, DistDow, 118.62, DistUp, 121.14
, DistFront, 118.35, DistDow, 118.62, DistUp, 121.60
, DistFront, 117.91, DistDow, 118.20, DistUp, 124.59
, DistFront, 118.38, DistDow, 118.27, DistUp, 121.19
, DistFront, 117.93, DistDow, 118.28, DistUp, 120.78
, DistFront, 117.98, DistDow, 118.27, DistUp, 121.24
, DistFrontMean, 119.30, DistDowMean, 119.30, DistUpMean, 120.83
, DistFront, 118.49, DistDow, 119.23, DistUp, 121.34
, DistFront, 118.54, DistDow, 118.83, DistUp, 122.69
, DistFront, 118.69, DistDow, 118.89, DistUp, 121.90
, DistFront, 118.20, DistDow, 118.61, DistUp, 124.49
, DistFront, 118.67, DistDow, 118.61, DistUp, 121.96
, DistFront, 118.27, DistDow, 118.59, DistUp, 122.76
, DistFront, 119.18, DistDow, 118.59, DistUp, 121.99
, DistFront, 118.78, DistDow, 119.10, DistUp, 123.35
, DistFront, 119.23, DistDow, 119.06, DistUp, 121.26
, DistFront, 118.84, DistDow, 118.69, DistUp, 123.88
, DistFront, 119.30, DistDow, 118.69, DistUp, 123.89
, DistFront, 118.88, DistDow, 119.59, DistUp, 122.19
, DistFront, 118.52, DistDow, 118.78, DistUp, 121.80
, DistFront, 118.42, DistDow, 119.13, DistUp, 124.69
, DistFront, 118.45, DistDow, 118.71, DistUp, 123.98
, DistFront, 118.45, DistDow, 118.69, DistUp, 122.21
, DistFront, 118.47, DistDow, 119.17, DistUp, 122.19
, DistFront, 118.88, DistDow, 118.78, DistUp, 120.90
, DistFront, 118.45, DistDow, 118.69, DistUp, 121.28
, DistFront, 118.84, DistDow, 119.18, DistUp, 121.70
, DistFrontMean, 118.40, DistDowMean, 119.10, DistUpMean, 122.96
, DistFront, 118.38, DistDow, 119.10, DistUp, 121.67
, DistFront, 118.33, DistDow, 118.59, DistUp, 121.67
, DistFront, 118.74, DistDow, 119.42, DistUp, 122.47
, DistFront, 118.38, DistDow, 118.52, DistUp, 122.40
, DistFront, 118.69, DistDow, 118.52, DistUp, 121.55
, DistFront, 118.33, DistDow, 119.39, DistUp, 121.55
, DistFront, 118.25, DistDow, 118.59, DistUp, 122.02
, DistFront, 118.23, DistDow, 118.47, DistUp, 121.89
, DistFront, 118.23, DistDow, 118.59, DistUp, 122.45
, DistFront, 118.69, DistDow, 118.49, DistUp, 122.33
, DistFront, 118.25, DistDow, 118.59, DistUp, 122.04
, DistFront, 118.33, DistDow, 118.98, DistUp, 121.24
, DistFront, 118.33, DistDow, 118.69, DistUp, 123.40
, DistFront, 118.38, DistDow, 119.49, DistUp, 121.68
, DistFront, 119.23, DistDow, 119.49, DistUp, 122.99
, DistFront, 118.35, DistDow, 119.10, DistUp, 123.84
, DistFront, 118.38, DistDow, 118.64, DistUp, 121.68
, DistFront, 118.38, DistDow, 119.10, DistUp, 122.09
, DistFront, 119.23, DistDow, 118.64, DistUp, 121.12
, DistFront, 118.33, DistDow, 118.59, DistUp, 120.73
, DistFrontMean, 118.74, DistDowMean, 119.03, DistUpMean, 121.12
, DistFront, 119.54, DistDow, 118.98, DistUp, 121.55
, DistFront, 118.67, DistDow, 118.49, DistUp, 121.48
, DistFront, 118.16, DistDow, 119.32, DistUp, 122.70
, DistFront, 118.49, DistDow, 119.25, DistUp, 123.06
, DistFront, 118.04, DistDow, 118.28, DistUp, 120.82
, DistFront, 117.96, DistDow, 118.83, DistUp, 121.21
, DistFront, 119.13, DistDow, 119.47, DistUp, 121.17
, DistFront, 118.25, DistDow, 119.52, DistUp, 121.97
, DistFront, 118.18, DistDow, 118.04, DistUp, 121.04
, DistFront, 117.28, DistDow, 118.45, DistUp, 120.53
, DistFront, 117.64, DistDow, 118.95, DistUp, 121.33
, DistFront, 117.67, DistDow, 117.93, DistUp, 120.39
, DistFront, 117.53, DistDow, 118.28, DistUp, 121.17
, DistFront, 117.45, DistDow, 118.23, DistUp, 120.68
, DistFront, 117.40, DistDow, 117.77, DistUp, 120.19
, DistFront, 117.33, DistDow, 118.13, DistUp, 120.99
, DistFront, 116.92, DistDow, 118.06, DistUp, 120.03
, DistFront, 117.26, DistDow, 118.47, DistUp, 120.85
, DistFront, 117.18, DistDow, 117.98, DistUp, 120.78
, DistFront, 117.11, DistDow, 117.47, DistUp, 119.83
, DistFrontMean, 117.96, DistDowMean, 117.89, DistUpMean, 120.68
, DistFront, 117.52, DistDow, 117.93, DistUp, 119.78
, DistFront, 117.09, DistDow, 118.33, DistUp, 121.09
, DistFront, 117.06, DistDow, 118.33, DistUp, 121.50
, DistFront, 117.09, DistDow, 117.87, DistUp, 120.66
, DistFront, 117.09, DistDow, 117.52, DistUp, 121.09
, DistFront, 117.53, DistDow, 118.78, DistUp, 119.83
, DistFront, 117.24, DistDow, 117.96, DistUp, 120.75
, DistFront, 117.28, DistDow, 118.42, DistUp, 120.77
, DistFront, 117.21, DistDow, 118.03, DistUp, 120.39
, DistFront, 117.67, DistDow, 117.62, DistUp, 119.63
, DistFront, 118.54, DistDow, 118.47, DistUp, 120.03
, DistFront, 117.26, DistDow, 117.62, DistUp, 123.04
, DistFront, 117.84, DistDow, 118.54, DistUp, 120.92
, DistFront, 117.33, DistDow, 118.11, DistUp, 120.99
, DistFront, 118.64, DistDow, 118.18, DistUp, 120.56
, DistFront, 117.82, DistDow, 117.82, DistUp, 121.53
, DistFront, 117.96, DistDow, 118.20, DistUp, 120.66
, DistFront, 118.33, DistDow, 118.27, DistUp, 120.31
, DistFront, 117.98, DistDow, 118.76, DistUp, 121.70
, DistFront, 118.89, DistDow, 118.40, DistUp, 120.46
, DistFrontMean, 117.67, DistDowMean, 118.45, DistUpMean, 121.38
, DistFront, 117.70, DistDow, 118.11, DistUp, 120.97
, DistFront, 118.25, DistDow, 117.99, DistUp, 121.02
, DistFront, 117.74, DistDow, 118.95, DistUp, 121.45
, DistFront, 117.84, DistDow, 118.49, DistUp, 121.02
, DistFront, 118.18, DistDow, 119.34, DistUp, 120.61
, DistFront, 117.74, DistDow, 118.64, DistUp, 121.50
, DistFront, 118.62, DistDow, 118.52, DistUp, 121.50
, DistFront, 117.77, DistDow, 118.10, DistUp, 121.96
, DistFront, 118.23, DistDow, 118.54, DistUp, 120.70
, DistFront, 117.81, DistDow, 118.10, DistUp, 121.14
, DistFront, 118.25, DistDow, 118.06, DistUp, 121.96
, DistFront, 117.77, DistDow, 118.06, DistUp, 121.96
, DistFront, 117.81, DistDow, 118.95, DistUp, 120.73
, DistFront, 117.74, DistDow, 118.59, DistUp, 121.04
, DistFront, 118.25, DistDow, 118.45, DistUp, 124.81
, DistFront, 118.13, DistDow, 118.89, DistUp, 120.95
, DistFront, 117.70, DistDow, 118.42, DistUp, 120.49
, DistFront, 117.76, DistDow, 118.78, DistUp, 120.90
, DistFront, 118.83, DistDow, 118.74, DistUp, 120.83
, DistFront, 118.40, DistDow, 118.69, DistUp, 120.83
, DistFrontMean, 117.93, DistDowMean, 118.67, DistUpMean, 121.26
, DistFront, 117.48, DistDow, 118.23, DistUp, 120.78
, DistFront, 117.48, DistDow, 118.16, DistUp, 120.83
, DistFront, 117.96, DistDow, 117.82, DistUp, 121.68
, DistFront, 117.89, DistDow, 118.18, DistUp, 121.63
, DistFront, 117.38, DistDow, 117.69, DistUp, 120.70
, DistFront, 117.28, DistDow, 117.57, DistUp, 121.05
, DistFront, 118.10, DistDow, 118.38, DistUp, 120.54
, DistFront, 118.10, DistDow, 118.49, DistUp, 120.14
, DistFront, 117.19, DistDow, 117.45, DistUp, 122.69
, DistFront, 116.80, DistDow, 117.87, DistUp, 120.05
, DistFront, 118.33, DistDow, 117.33, DistUp, 120.39
, DistFront, 117.02, DistDow, 117.28, DistUp, 120.34
, DistFront, 117.02, DistDow, 117.74, DistUp, 120.73
, DistFront, 117.40, DistDow, 117.21, DistUp, 119.81
, DistFront, 117.77, DistDow, 118.04, DistUp, 121.53
, DistFront, 117.33, DistDow, 118.04, DistUp, 119.78
, DistFront, 117.33, DistDow, 117.16, DistUp, 120.63
, DistFront, 117.31, DistDow, 118.13, DistUp, 121.45
, DistFront, 116.80, DistDow, 117.98, DistUp, 120.14
, DistFront, 116.80, DistDow, 117.09, DistUp, 120.14
, DistFrontMean, 116.77, DistDowMean, 117.62, DistUpMean, 119.69
, DistFront, 117.24, DistDow, 117.18, DistUp, 120.97
, DistFront, 117.24, DistDow, 117.06, DistUp, 120.99
, DistFront, 117.33, DistDow, 117.98, DistUp, 123.11
, DistFront, 116.92, DistDow, 117.98, DistUp, 120.54
, DistFront, 116.82, DistDow, 117.11, DistUp, 120.60
, DistFront, 116.45, DistDow, 118.04, DistUp, 121.02
, DistFront, 116.90, DistDow, 117.18, DistUp, 120.27
, DistFront, 116.46, DistDow, 117.18, DistUp, 119.90
, DistFront, 116.96, DistDow, 117.76, DistUp, 121.56
, DistFront, 117.45, DistDow, 118.23, DistUp, 119.81
, DistFront, 117.48, DistDow, 118.33, DistUp, 120.34
, DistFront, 117.09, DistDow, 118.27, DistUp, 120.82
, DistFront, 117.13, DistDow, 118.33, DistUp, 119.56
, DistFront, 117.76, DistDow, 117.96, DistUp, 120.48
, DistFront, 117.28, DistDow, 118.03, DistUp, 120.12
, DistFront, 117.31, DistDow, 118.52, DistUp, 120.73
, DistFront, 117.38, DistDow, 117.74, DistUp, 121.14
, DistFront, 117.93, DistDow, 118.67, DistUp, 121.63
, DistFront, 118.42, DistDow, 117.87, DistUp, 121.75
, DistFront, 118.06, DistDow, 117.93, DistUp, 122.24
, DistFrontMean, 118.13, DistDowMean, 118.10, DistUpMean, 120.10
, DistFront, 117.74, DistDow, 118.03, DistUp, 121.04
, DistFront, 117.91, DistDow, 119.00, DistUp, 121.97
, DistFront, 118.71, DistDow, 118.71, DistUp, 121.17
, DistFront, 118.06, DistDow, 118.20, DistUp, 121.17
, DistFront, 118.83, DistDow, 119.56, DistUp, 123.03
, DistFront, 118.83, DistDow, 118.27, DistUp, 121.34
, DistFront, 118.95, DistDow, 118.95, DistUp, 122.31
, DistFront, 119.05, DistDow, 118.42, DistUp, 121.48
, DistFront, 119.54, DistDow, 118.54, DistUp, 121.14
, DistFront, 118.78, DistDow, 118.64, DistUp, 122.11
, DistFront, 118.55, DistDow, 118.74, DistUp, 122.21
, DistFront, 118.98, DistDow, 118.83, DistUp, 121.45
, DistFront, 118.64, DistDow, 119.39, DistUp, 122.40
, DistFront, 119.69, DistDow, 119.90, DistUp, 122.04
, DistFront, 119.25, DistDow, 119.06, DistUp, 123.84
, DistFront, 118.88, DistDow, 119.18, DistUp, 121.80
, DistFront, 119.83, DistDow, 120.14, DistUp, 122.28
, DistFront, 119.47, DistDow, 119.78, DistUp, 124.12
, DistFront, 119.68, DistDow, 119.90, DistUp, 123.64
, DistFront, 119.23, DistDow, 119.98, DistUp, 121.70
, DistFrontMean, 118.88, DistDowMean, 119.59, DistUpMean, 122.11
, DistFront, 118.95, DistDow, 120.10, DistUp, 122.26
, DistFront, 120.32, DistDow, 119.74, DistUp, 124.06
, DistFront, 119.54, DistDow, 120.31, DistUp, 122.87
, DistFront, 120.03, DistDow, 119.90, DistUp, 123.78
, DistFront, 120.07, DistDow, 120.82, DistUp, 122.96
, DistFront, 119.68, DistDow, 120.95, DistUp, 122.55
, DistFront, 119.74, DistDow, 120.49, DistUp, 122.16
, DistFront, 120.63, DistDow, 120.05, DistUp, 122.19
, DistFront, 119.78, DistDow, 120.17, DistUp, 122.62
, DistFront, 119.78, DistDow, 120.05, DistUp, 123.06
, DistFront, 119.78, DistDow, 120.97, DistUp, 123.06
, DistFront, 120.19, DistDow, 120.56, DistUp, 124.32
, DistFront, 120.14, DistDow, 120.83, DistUp, 122.99
, DistFront, 120.60, DistDow, 120.37, DistUp, 122.81
, DistFront, 119.56, DistDow, 120.68, DistUp, 124.13
, DistFront, 120.73, DistDow, 120.60, DistUp, 124.49
, DistFront, 119.78, DistDow, 119.63, DistUp, 122.64
, DistFront, 119.68, DistDow, 119.98, DistUp, 122.11
, DistFront, 120.03, DistDow, 119.42, DistUp, 122.47
, DistFront, 119.06, DistDow, 119.81, DistUp, 122.35
, DistFrontMean, 119.54, DistDowMean, 119.27, DistUpMean, 123.06
, DistFront, 120.24, DistDow, 119.78, DistUp, 122.70
, DistFront, 118.88, DistDow, 119.12, DistUp, 123.04
, DistFront, 118.83, DistDow, 119.10, DistUp, 122.16
, DistFront, 118.33, DistDow, 119.49, DistUp, 122.96
, DistFront, 118.74, DistDow, 119.95, DistUp, 122.04
, DistFront, 119.95, DistDow, 119.78, DistUp, 121.55
, DistFront, 118.59, DistDow, 118.83, DistUp, 124.05
, DistFront, 118.54, DistDow, 118.89, DistUp, 121.46
, DistFront, 118.91, DistDow, 119.63, DistUp, 123.13
, DistFront, 118.45, DistDow, 118.69, DistUp, 122.19
, DistFront, 118.84, DistDow, 119.13, DistUp, 122.16
, DistFront, 118.95, DistDow, 119.54, DistUp, 121.70
, DistFront, 119.23, DistDow, 118.74, DistUp, 123.03
, DistFront, 119.20, DistDow, 119.10, DistUp, 122.99
, DistFront, 118.47, DistDow, 119.10, DistUp, 121.73
, DistFront, 118.78, DistDow, 119.10, DistUp, 122.96
, DistFront, 118.78, DistDow, 119.10, DistUp, 121.19
, DistFront, 118.78, DistDow, 120.05, DistUp, 121.21
, DistFront, 119.18, DistDow, 118.59, DistUp, 123.28
, DistFront, 118.27, DistDow, 119.46, DistUp, 121.11
, DistFrontMean, 118.78, DistDowMean, 119.42, DistUpMean, 122.81
, DistFront, 119.10, DistDow, 118.98, DistUp, 121.05
, DistFront, 117.84, DistDow, 119.34, DistUp, 121.84
, DistFront, 118.13, DistDow, 119.30, DistUp, 122.24
, DistFront, 118.64, DistDow, 118.83, DistUp, 121.82
, DistFront, 118.10, DistDow, 118.83, DistUp, 120.92
, DistFront, 118.47, DistDow, 119.18, DistUp, 121.34
, DistFront, 118.04, DistDow, 118.78, DistUp, 121.80
, DistFront, 118.03, DistDow, 119.18, DistUp, 121.34
, DistFront, 117.99, DistDow, 118.28, DistUp, 122.21
, DistFront, 117.99, DistDow, 119.20, DistUp, 122.21
, DistFront, 118.06, DistDow, 118.35, DistUp, 121.84
, DistFront, 118.11, DistDow, 118.45, DistUp, 120.95
, DistFront, 118.10, DistDow, 119.30, DistUp, 121.02
, DistFront, 118.59, DistDow, 118.88, DistUp, 121.90
, DistFront, 118.18, DistDow, 119.34, DistUp, 121.50
, DistFront, 118.32, DistDow, 118.91, DistUp, 121.96
, DistFront, 118.18, DistDow, 118.95, DistUp, 121.96
, DistFront, 118.33, DistDow, 119.34, DistUp, 121.50
, DistFront, 118.20, DistDow, 118.42, DistUp, 121.90
, DistFront, 118.69, DistDow, 118.42, DistUp, 121.90
, DistFrontMean, 118.13, DistDowMean, 118.42, DistUpMean, 122.19
, DistFront, 118.11, DistDow, 118.40, DistUp, 120.97
, DistFront, 118.52, DistDow, 118.35, DistUp, 121.39
, DistFront, 118.10, DistDow, 118.83, DistUp, 122.67
, DistFront, 118.59, DistDow, 119.23, DistUp, 122.21
, DistFront, 118.49, DistDow, 118.38, DistUp, 120.90
, DistFront, 119.34, DistDow, 118.84, DistUp, 122.21
, DistFront, 118.10, DistDow, 118.38, DistUp, 121.80
, DistFront, 118.06, DistDow, 119.30, DistUp, 121.34
, DistFront, 118.20, DistDow, 118.38, DistUp, 121.39
, DistFront, 118.13, DistDow, 119.30, DistUp, 122.26
, DistFront, 118.55, DistDow, 118.89, DistUp, 121.84
, DistFront, 118.59, DistDow, 119.34, DistUp, 120.95
, DistFront, 118.11, DistDow, 118.42, DistUp, 121.39
, DistFront, 118.98, DistDow, 119.00, DistUp, 120.92
, DistFront, 118.25, DistDow, 119.30, DistUp, 121.80
, DistFront, 118.06, DistDow, 118.42, DistUp, 122.67
, DistFront, 118.18, DistDow, 118.83, DistUp, 120.92
, DistFront, 118.06, DistDow, 118.47, DistUp, 120.46
, DistFront, 118.88, DistDow, 119.25, DistUp, 120.90
, DistFront, 118.49, DistDow, 119.68, DistUp, 120.92
, DistFrontMean, 118.52, DistDowMean, 118.35, DistUpMean, 120.92
, DistFront, 118.61, DistDow, 119.27, DistUp, 120.90
, DistFront, 118.06, DistDow, 118.35, DistUp, 120.53
, DistFront, 118.06, DistDow, 118.38, DistUp, 120.95
, DistFront, 118.52, DistDow, 118.38, DistUp, 120.95
, DistFront, 118.54, DistDow, 118.52, DistUp, 121.80
, DistFront, 118.54, DistDow, 118.40, DistUp, 121.34
, DistFront, 118.54, DistDow, 119.27, DistUp, 122.24
, DistFront, 119.39, DistDow, 119.30, DistUp, 122.67
, DistFront, 118.11, DistDow, 119.30, DistUp, 122.67
, DistFront, 118.13, DistDow, 119.30, DistUp, 120.92
, DistFront, 118.64, DistDow, 118.42, DistUp, 122.70
, DistFront, 119.03, DistDow, 119.34, DistUp, 122.31
, DistFront, 119.47, DistDow, 118.52, DistUp, 123.20
, DistFront, 118.33, DistDow, 118.98, DistUp, 121.97
, DistFront, 118.69, DistDow, 118.62, DistUp, 121.09
, DistFront, 118.33, DistDow, 118.54, DistUp, 121.11
, DistFront, 118.69, DistDow, 119.46, DistUp, 121.12
, DistFront, 118.40, DistDow, 119.46, DistUp, 121.14
, DistFront, 119.13, DistDow, 119.00, DistUp, 121.14
, DistFront, 118.27, DistDow, 118.98, DistUp, 121.55
, DistFrontMean, 118.69, DistDowMean, 118.98, DistUpMean, 121.99
, DistFront, 118.69, DistDow, 118.98, DistUp, 122.02
, DistFront, 118.25, DistDow, 118.54, DistUp, 122.87
, DistFront, 118.25, DistDow, 118.98, DistUp, 121.12
, DistFront, 118.23, DistDow, 119.40, DistUp, 121.17
, DistFront, 118.69, DistDow, 118.98, DistUp, 121.14
, DistFront, 118.28, DistDow, 118.54, DistUp, 121.62
, DistFront, 118.33, DistDow, 119.47, DistUp, 122.96
, DistFront, 118.33, DistDow, 118.59, DistUp, 122.55
, DistFront, 118.38, DistDow, 119.54, DistUp, 121.24
, DistFront, 118.38, DistDow, 119.54, DistUp, 121.26
, DistFront, 118.38, DistDow, 118.64, DistUp, 121.67
, DistFront, 118.88, DistDow, 119.06, DistUp, 121.63
, DistFront, 118.78, DistDow, 118.61, DistUp, 122.48
, DistFront, 119.23, DistDow, 119.46, DistUp, 121.63
, DistFront, 118.69, DistDow, 119.46, DistUp, 121.62
, DistFront, 117.84, DistDow, 118.06, DistUp, 121.55
, DistFront, 118.69, DistDow, 118.18, DistUp, 121.99
, DistFront, 118.69, DistDow, 118.54, DistUp, 122.02
, DistFront, 118.28, DistDow, 119.46, DistUp, 121.60
, DistFront, 118.28, DistDow, 118.54, DistUp, 121.14
, DistFrontMean, 118.28, DistDowMean, 119.54, DistUpMean, 121.62
, DistFront, 118.83, DistDow, 119.46, DistUp, 124.10
, DistFront, 118.28, DistDow, 119.10, DistUp, 123.32
, DistFront, 118.27, DistDow, 119.46, DistUp, 121.60
, DistFront, 118.40, DistDow, 119.03, DistUp, 122.06
, DistFront, 119.59, DistDow, 118.67, DistUp, 121.63
, DistFront, 118.78, DistDow, 118.59, DistUp, 121.67
, DistFront, 118.49, DistDow, 118.64, DistUp, 121.26
, DistFront, 118.38, DistDow, 118.74, DistUp, 121.70
, DistFront, 118.42, DistDow, 118.67, DistUp, 121.68
, DistFront, 119.69, DistDow, 118.67, DistUp, 122.19
, DistFront, 118.88, DistDow, 119.17, DistUp, 122.62
, DistFront, 119.32, DistDow, 118.71, DistUp, 121.33
, DistFront, 118.45, DistDow, 119.61, DistUp, 121.77
, DistFront, 118.49, DistDow, 119.63, DistUp, 121.75
, DistFront, 118.13, DistDow, 119.66, DistUp, 121.77
, DistFront, 119.34, DistDow, 119.66, DistUp, 121.34
, DistFront, 118.49, DistDow, 119.18, DistUp, 121.34
, DistFront, 118.49, DistDow, 118.74, DistUp, 122.67
, DistFront, 118.95, DistDow, 118.74, DistUp, 120.92
, DistFront, 118.91, DistDow, 119.23, DistUp, 122.09
, DistFrontMean, 118.91, DistDowMean, 119.23, DistUpMean, 121.77
, DistFront, 119.35, DistDow, 119.20, DistUp, 120.95
, DistFront, 118.96, DistDow, 119.27, DistUp, 122.26
, DistFront, 119.05, DistDow, 119.69, DistUp, 121.41
, DistFront, 118.55, DistDow, 119.39, DistUp, 122.28
, DistFront, 118.55, DistDow, 119.69, DistUp, 122.31
, DistFront, 118.64, DistDow, 119.30, DistUp, 122.76
, DistFront, 119.85, DistDow, 118.84, DistUp, 122.82
, DistFront, 118.59, DistDow, 119.34, DistUp, 122.41
, DistFront, 118.62, DistDow, 119.78, DistUp, 121.55
, DistFront, 119.23, DistDow, 119.40, DistUp, 121.60
, DistFront, 119.12, DistDow, 118.98, DistUp, 122.04
, DistFront, 118.74, DistDow, 119.90, DistUp, 122.93
, DistFront, 119.18, DistDow, 119.49, DistUp, 122.55
, DistFront, 118.84, DistDow, 119.95, DistUp, 121.70
, DistFront, 119.68, DistDow, 119.18, DistUp, 121.70
, DistFront, 119.27, DistDow, 119.13, DistUp, 121.75
, DistFront, 118.98, DistDow, 120.03, DistUp, 121.77
, DistFront, 118.89, DistDow, 120.05, DistUp, 122.19
, DistFront, 118.89, DistDow, 119.18, DistUp, 123.06
, DistFront, 118.95, DistDow, 120.10, DistUp, 123.55
, DistFrontMean, 119.39, DistDowMean, 119.68, DistUpMean, 122.70
, DistFront, 118.98, DistDow, 118.76, DistUp, 123.16
, DistFront, 119.54, DistDow, 119.25, DistUp, 121.89
, DistFront, 119.03, DistDow, 119.27, DistUp, 122.81
, DistFront, 119.06, DistDow, 120.19, DistUp, 122.84
, DistFront, 119.52, DistDow, 119.34, DistUp, 122.84
, DistFront, 119.98, DistDow, 119.85, DistUp, 122.91
, DistFront, 119.18, DistDow, 120.31, DistUp, 122.11
, DistFront, 119.63, DistDow, 119.47, DistUp, 122.55
, DistFront, 119.39, DistDow, 120.02, DistUp, 122.52
, DistFront, 119.42, DistDow, 119.59, DistUp, 124.68
, DistFront, 119.49, DistDow, 120.49, DistUp, 122.52
, DistFront, 119.88, DistDow, 119.59, DistUp, 122.67
, DistFront, 119.35, DistDow, 120.53, DistUp, 123.81
, DistFront, 120.19, DistDow, 120.49, DistUp, 122.13
, DistFront, 119.39, DistDow, 120.05, DistUp, 123.28
, DistFront, 119.71, DistDow, 119.56, DistUp, 121.56
, DistFront, 119.35, DistDow, 119.56, DistUp, 122.47
, DistFront, 119.23, DistDow, 119.54, DistUp, 121.99
, DistFront, 119.54, DistDow, 120.39, DistUp, 122.81
, DistFront, 119.49, DistDow, 119.74, DistUp, 121.84
, DistFrontMean, 119.39, DistDowMean, 119.23, DistUpMean, 121.80
, DistFront, 119.34, DistDow, 119.13, DistUp, 122.16
, DistFront, 118.81, DistDow, 119.03, DistUp, 122.81
, DistFront, 118.61, DistDow, 119.34, DistUp, 123.16
, DistFront, 118.91, DistDow, 118.71, DistUp, 121.31
, DistFront, 118.45, DistDow, 118.62, DistUp, 121.62
, DistFront, 118.25, DistDow, 118.98, DistUp, 121.48
, DistFront, 118.54, DistDow, 119.27, DistUp, 121.80
, DistFront, 118.45, DistDow, 118.71, DistUp, 121.68
, DistFront, 117.45, DistDow, 119.03, DistUp, 121.60
, DistFront, 118.23, DistDow, 118.03, DistUp, 121.05
, DistFront, 117.69, DistDow, 118.54, DistUp, 120.99
, DistFront, 117.76, DistDow, 119.18, DistUp, 120.90
, DistFront, 117.55, DistDow, 117.77, DistUp, 121.67
, DistFront, 117.87, DistDow, 118.11, DistUp, 120.70
, DistFront, 117.31, DistDow, 118.49, DistUp, 120.60
, DistFront, 117.81, DistDow, 118.45, DistUp, 120.10
, DistFront, 117.64, DistDow, 117.53, DistUp, 119.76
, DistFront, 117.18, DistDow, 117.47, DistUp, 120.46
, DistFront, 117.99, DistDow, 117.98, DistUp, 119.95
, DistFront, 117.19, DistDow, 117.38, DistUp, 122.11
, DistFrontMean, 117.60, DistDowMean, 117.35, DistUpMean, 121.24
, DistFront, 117.48, DistDow, 118.20, DistUp, 119.90
, DistFront, 117.45, DistDow, 117.31, DistUp, 119.90
, DistFront, 117.04, DistDow, 117.31, DistUp, 120.75
, DistFront, 116.99, DistDow, 118.27, DistUp, 119.88
, DistFront, 117.02, DistDow, 117.28, DistUp, 119.88
, DistFront, 117.53, DistDow, 117.70, DistUp, 120.32
, DistFront, 117.45, DistDow, 117.26, DistUp, 120.27
, DistFront, 116.99, DistDow, 117.26, DistUp, 121.63
, DistFront, 117.13, DistDow, 117.77, DistUp, 121.24
, DistFront, 116.67, DistDow, 117.82, DistUp, 120.41
, DistFront, 117.11, DistDow, 117.84, DistUp, 120.46
, DistFront, 117.62, DistDow, 117.55, DistUp, 120.92
, DistFront, 118.52, DistDow, 118.40, DistUp, 120.60
, DistFront, 117.35, DistDow, 117.57, DistUp, 121.11
, DistFront, 117.38, DistDow, 118.96, DistUp, 120.70
, DistFront, 117.45, DistDow, 117.70, DistUp, 121.26
, DistFront, 117.93, DistDow, 117.77, DistUp, 120.85
, DistFront, 118.84, DistDow, 118.28, DistUp, 120.49
, DistFront, 118.91, DistDow, 118.78, DistUp, 121.02
, DistFront, 118.95, DistDow, 118.84, DistUp, 120.66
, DistFrontMean, 118.98, DistDowMean, 118.11, DistUpMean, 121.09
, DistFront, 118.18, DistDow, 118.47, DistUp, 120.68
, DistFront, 118.23, DistDow, 117.99, DistUp, 121.17
, DistFront, 117.84, DistDow, 118.18, DistUp, 121.19
, DistFront, 118.04, DistDow, 119.03, DistUp, 121.26
, DistFront, 118.33, DistDow, 118.18, DistUp, 122.99
, DistFront, 118.49, DistDow, 119.10, DistUp, 121.70
, DistFront, 117.96, DistDow, 119.10, DistUp, 121.31
, DistFront, 118.40, DistDow, 118.18, DistUp, 121.70
, DistFront, 118.78, DistDow, 118.62, DistUp, 122.11
, DistFront, 117.89, DistDow, 118.62, DistUp, 122.52
, DistFront, 118.76, DistDow, 119.13, DistUp, 121.60
, DistFront, 118.40, DistDow, 119.00, DistUp, 121.14
, DistFront, 118.23, DistDow, 118.52, DistUp, 121.09
, DistFront, 117.84, DistDow, 118.47, DistUp, 121.48
, DistFront, 118.59, DistDow, 118.03, DistUp, 121.90
, DistFront, 117.69, DistDow, 118.88, DistUp, 120.53
, DistFront, 118.62, DistDow, 118.38, DistUp, 121.82
, DistFront, 118.06, DistDow, 118.81, DistUp, 121.38
, DistFront, 117.77, DistDow, 117.87, DistUp, 121.34
, DistFront, 118.47, DistDow, 118.33, DistUp, 122.21
, DistFrontMean, 118.03, DistDowMean, 118.76, DistUpMean, 123.47
, DistFront, 118.03, DistDow, 118.28, DistUp, 120.46
, DistFront, 118.81, DistDow, 118.71, DistUp, 121.31
, DistFront, 118.89, DistDow, 117.82, DistUp, 122.99
, DistFront, 117.93, DistDow, 118.67, DistUp, 120.83
, DistFront, 117.93, DistDow, 118.23, DistUp, 120.85
, DistFront, 117.60, DistDow, 118.69, DistUp, 122.16
, DistFront, 118.38, DistDow, 117.81, DistUp, 121.70
, DistFront, 118.38, DistDow, 118.27, DistUp, 120.41
, DistFront, 117.53, DistDow, 118.27, DistUp, 120.41
, DistFront, 117.96, DistDow, 117.82, DistUp, 120.85
, DistFront, 117.98, DistDow, 118.74, DistUp, 120.46
, DistFront, 118.45, DistDow, 117.84, DistUp, 120.43
, DistFront, 117.57, DistDow, 117.84, DistUp, 121.33
, DistFront, 118.04, DistDow, 117.87, DistUp, 122.64
, DistFront, 118.91, DistDow, 118.38, DistUp, 120.60
, DistFront, 118.11, DistDow, 117.91, DistUp, 120.49
, DistFront, 118.20, DistDow, 118.42, DistUp, 122.70
, DistFront, 117.69, DistDow, 118.42, DistUp, 123.59
, DistFront, 117.81, DistDow, 117.99, DistUp, 121.04
, DistFront, 117.74, DistDow, 118.49, DistUp, 121.96
, DistFrontMean, 117.81, DistDowMean, 118.62, DistUpMean, 121.11
, DistFront, 117.81, DistDow, 118.98, DistUp, 120.68
, DistFront, 118.27, DistDow, 118.11, DistUp, 121.14
, DistFront, 118.40, DistDow, 118.13, DistUp, 122.48
, DistFront, 117.89, DistDow, 118.62, DistUp, 121.19
, DistFront, 118.32, DistDow, 118.16, DistUp, 122.11
, DistFront, 119.18, DistDow, 119.10, DistUp, 120.82
, DistFront, 117.48, DistDow, 118.62, DistUp, 120.78
, DistFront, 117.93, DistDow, 118.62, DistUp, 121.67
, DistFront, 118.76, DistDow, 118.76, DistUp, 122.53
, DistFront, 118.33, DistDow, 118.62, DistUp, 120.78
, DistFront, 118.74, DistDow, 119.13, DistUp, 121.62
, DistFront, 117.96, DistDow, 118.13, DistUp, 122.47
, DistFront, 117.89, DistDow, 119.10, DistUp, 121.56
, DistFront, 118.35, DistDow, 118.55, DistUp, 120.66
, DistFront, 117.81, DistDow, 118.95, DistUp, 120.66
, DistFront, 119.03, DistDow, 118.45, DistUp, 121.50
, DistFront, 117.74, DistDow, 118.89, DistUp, 123.10
, DistFront, 117.74, DistDow, 118.54, DistUp, 122.74
, DistFront, 118.59, DistDow, 117.98, DistUp, 120.60
, DistFront, 118.13, DistDow, 118.10, DistUp, 121.89
, DistFrontMean, 117.74, DistDowMean, 117.96, DistUpMean, 121.89
, DistFront, 117.70, DistDow, 118.40, DistUp, 121.04
, DistFront, 118.11, DistDow, 117.96, DistUp, 122.38
, DistFront, 117.74, DistDow, 117.98, DistUp, 123.25
, DistFront, 117.74, DistDow, 118.13, DistUp, 121.55
, DistFront, 118.33, DistDow, 118.04, DistUp, 122.89
, DistFront, 118.27, DistDow, 118.98, DistUp, 121.63
, DistFront, 117.89, DistDow, 119.05, DistUp, 120.41
, DistFront, 118.38, DistDow, 118.27, DistUp, 120.85
, DistFront, 117.98, DistDow, 118.23, DistUp, 122.98
, DistFront, 118.03, DistDow, 118.45, DistUp, 121.41
, DistFront, 118.52, DistDow, 119.23, DistUp, 121.46
, DistFront, 118.11, DistDow, 119.30, DistUp, 120.66
, DistFront, 118.18, DistDow, 119.34, DistUp, 121.99
, DistFront, 118.69, DistDow, 119.39, DistUp, 120.75
, DistFront, 119.56, DistDow, 118.54, DistUp, 121.68
, DistFront, 118.32, DistDow, 119.47, DistUp, 121.28
, DistFront, 118.47, DistDow, 118.62, DistUp, 123.10
, DistFront, 118.84, DistDow, 119.12, DistUp, 122.19
, DistFront, 118.42, DistDow, 119.59, DistUp, 122.31
, DistFront, 118.49, DistDow, 119.18, DistUp, 122.31
, DistFrontMean, 118.47, DistDowMean, 119.20, DistUpMean, 122.33
, DistFront, 119.47, DistDow, 118.76, DistUp, 121.89
, DistFront, 118.49, DistDow, 118.83, DistUp, 122.35
, DistFront, 118.55, DistDow, 118.76, DistUp, 121.90
, DistFront, 118.64, DistDow, 119.25, DistUp, 121.90
, DistFront, 119.00, DistDow, 119.78, DistUp, 122.35
, DistFront, 118.59, DistDow, 119.23, DistUp, 121.48
, DistFront, 119.10, DistDow, 119.69, DistUp, 122.35
, DistFront, 118.54, DistDow, 118.78, DistUp, 122.31
, DistFront, 118.54, DistDow, 119.66, DistUp, 123.18
, DistFront, 118.10, DistDow, 118.71, DistUp, 124.46
, DistFront, 118.49, DistDow, 119.18, DistUp, 121.84
, DistFront, 118.98, DistDow, 119.13, DistUp, 122.24
, DistFront, 119.30, DistDow, 119.23, DistUp, 121.34
, DistFront, 118.38, DistDow, 118.62, DistUp, 122.11
, DistFront, 118.40, DistDow, 118.62, DistUp, 123.04
, DistFront, 118.78, DistDow, 119.49, DistUp, 121.28
, DistFront, 118.32, DistDow, 118.59, DistUp, 121.26
, DistFront, 118.28, DistDow, 119.54, DistUp, 121.24
, DistFront, 118.25, DistDow, 118.54, DistUp, 122.09
, DistFront, 118.45, DistDow, 118.52, DistUp, 122.11
, DistFrontMean, 118.28, DistDowMean, 119.39, DistUpMean, 121.67
, DistFront, 118.69, DistDow, 118.59, DistUp, 122.48
, DistFront, 118.25, DistDow, 118.47, DistUp, 121.60
, DistFront, 117.81, DistDow, 118.47, DistUp, 121.60
, DistFront, 118.23, DistDow, 119.32, DistUp, 122.04
, DistFront, 118.61, DistDow, 118.42, DistUp, 123.28
, DistFront, 118.64, DistDow, 118.40, DistUp, 121.55
, DistFront, 118.28, DistDow, 118.40, DistUp, 121.99
, DistFront, 118.13, DistDow, 118.83, DistUp, 122.40
, DistFront, 118.13, DistDow, 118.83, DistUp, 122.69
, DistFront, 118.98, DistDow, 118.91, DistUp, 121.09
, DistFront, 118.54, DistDow, 118.33, DistUp, 121.45
, DistFront, 118.47, DistDow, 118.78, DistUp, 122.31
, DistFront, 118.03, DistDow, 118.27, DistUp, 120.95
, DistFront, 118.04, DistDow, 118.74, DistUp, 121.34
, DistFront, 118.40, DistDow, 119.12, DistUp, 120.46
, DistFront, 118.83, DistDow, 118.64, DistUp, 122.16
, DistFront, 117.96, DistDow, 119.06, DistUp, 121.70
, DistFront, 118.76, DistDow, 118.18, DistUp, 121.63
, DistFront, 117.87, DistDow, 118.16, DistUp, 122.04
, DistFront, 118.28, DistDow, 119.13, DistUp, 121.60
, DistFrontMean, 118.40, DistDowMean, 118.13, DistUpMean, 120.75
, DistFront, 118.28, DistDow, 119.03, DistUp, 122.04
, DistFront, 118.28, DistDow, 118.23, DistUp, 121.60
, DistFront, 117.89, DistDow, 119.05, DistUp, 121.62
, DistFront, 118.33, DistDow, 118.74, DistUp, 121.19
, DistFront, 119.18, DistDow, 118.67, DistUp, 122.55
, DistFront, 118.40, DistDow, 118.78, DistUp, 121.28
, DistFront, 117.98, DistDow, 119.59, DistUp, 122.19
, DistFront, 118.04, DistDow, 119.20, DistUp, 121.80
, DistFront, 118.62, DistDow, 119.68, DistUp, 120.99
, DistFront, 118.13, DistDow, 118.89, DistUp, 122.76
, DistFront, 118.61, DistDow, 118.88, DistUp, 121.48
, DistFront, 118.62, DistDow, 119.34, DistUp, 121.05
, DistFront, 119.10, DistDow, 119.39, DistUp, 121.11
, DistFront, 118.28, DistDow, 118.98, DistUp, 121.55
, DistFront, 117.84, DistDow, 118.64, DistUp, 121.99
, DistFront, 118.74, DistDow, 119.90, DistUp, 121.60
, DistFront, 119.59, DistDow, 119.05, DistUp, 122.38
, DistFront, 118.78, DistDow, 119.10, DistUp, 121.19
, DistFront, 118.38, DistDow, 118.64, DistUp, 121.24
, DistFront, 118.42, DistDow, 118.69, DistUp, 122.13
, DistFrontMean, 118.42, DistDowMean, 119.59, DistUpMean, 121.70
, DistFront, 118.89, DistDow, 118.74, DistUp, 121.75
, DistFront, 118.42, DistDow, 118.74, DistUp, 122.60
, DistFront, 118.49, DistDow, 119.63, DistUp, 121.39
, DistFront, 118.91, DistDow, 118.78, DistUp, 122.16
, DistFront, 118.52, DistDow, 119.27, DistUp, 122.70
, DistFront, 118.98, DistDow, 118.83, DistUp, 122.28
, DistFront, 118.67, DistDow, 119.76, DistUp, 123.49
, DistFront, 118.74, DistDow, 118.89, DistUp, 122.35
, DistFront, 119.06, DistDow, 119.76, DistUp, 122.81
, DistFront, 118.69, DistDow, 118.95, DistUp, 123.27
, DistFront, 118.67, DistDow, 119.42, DistUp, 121.97
, DistFront, 119.98, DistDow, 119.46, DistUp, 122.48
, DistFront, 119.30, DistDow, 119.97, DistUp, 121.63
, DistFront, 119.18, DistDow, 119.06, DistUp, 121.63
, DistFront, 118.81, DistDow, 119.18, DistUp, 122.09
, DistFront, 119.23, DistDow, 119.10, DistUp, 122.99
, DistFront, 119.68, DistDow, 119.59, DistUp, 122.99
, DistFront, 119.27, DistDow, 120.02, DistUp, 122.99
, DistFront, 119.39, DistDow, 119.61, DistUp, 123.03
, DistFront, 120.12, DistDow, 120.48, DistUp, 123.45
, DistFrontMean, 119.68, DistDowMean, 120.05, DistUpMean, 122.60
, DistFront, 118.98, DistDow, 119.13, DistUp, 121.75
, DistFront, 118.84, DistDow, 119.61, DistUp, 121.31
, DistFront, 118.83, DistDow, 119.59, DistUp, 122.21
, DistFront, 119.30, DistDow, 119.98, DistUp, 122.60
, DistFront, 119.00, DistDow, 119.61, DistUp, 123.35
, DistFront, 119.27, DistDow, 119.10, DistUp, 122.60
, DistFront, 119.69, DistDow, 119.10, DistUp, 122.60
, DistFront, 118.83, DistDow, 119.54, DistUp, 122.99
, DistFront, 119.27, DistDow, 119.10, DistUp, 126.41
, DistFront, 119.27, DistDow, 119.66, DistUp, 122.60
, DistFront, 118.83, DistDow, 119.06, DistUp, 122.16
, DistFront, 118.83, DistDow, 119.54, DistUp, 122.16
, DistFront, 118.83, DistDow, 119.54, DistUp, 122.99
, DistFront, 119.23, DistDow, 119.54, DistUp, 122.16
, DistFront, 119.23, DistDow, 119.98, DistUp, 123.40
, DistFront, 118.78, DistDow, 120.37, DistUp, 123.81
, DistFront, 119.61, DistDow, 119.00, DistUp, 122.93
, DistFront, 119.98, DistDow, 119.00, DistUp, 122.91
, DistFront, 119.54, DistDow, 118.96, DistUp, 121.48
, DistFront, 118.64, DistDow, 118.91, DistUp, 122.41
, DistFrontMean, 119.06, DistDowMean, 118.88, DistUpMean, 122.40
, DistFront, 119.05, DistDow, 119.42, DistUp, 121.50
, DistFront, 118.59, DistDow, 118.84, DistUp, 122.35
, DistFront, 118.62, DistDow, 119.27, DistUp, 121.90
, DistFront, 118.96, DistDow, 119.66, DistUp, 124.03
, DistFront, 118.91, DistDow, 118.76, DistUp, 123.11
, DistFront, 118.47, DistDow, 119.61, DistUp, 122.69
, DistFront, 119.69, DistDow, 118.69, DistUp, 122.99
, DistFront, 119.68, DistDow, 119.13, DistUp, 121.34
, DistFront, 118.38, DistDow, 119.54, DistUp, 121.34
, DistFront, 118.33, DistDow, 119.18, DistUp, 123.04
, DistFront, 118.78, DistDow, 119.49, DistUp, 123.84
, DistFront, 118.32, DistDow, 118.59, DistUp, 122.55
, DistFront, 118.32, DistDow, 118.55, DistUp, 122.98
, DistFront, 118.28, DistDow, 119.46, DistUp, 122.11
, DistFront, 118.33, DistDow, 119.03, DistUp, 122.16
, DistFront, 118.38, DistDow, 119.10, DistUp, 121.75
, DistFront, 118.40, DistDow, 118.64, DistUp, 122.19
, DistFront, 118.42, DistDow, 118.69, DistUp, 122.16
, DistFront, 118.49, DistDow, 119.63, DistUp, 124.05
, DistFront, 119.42, DistDow, 118.95, DistUp, 124.10
, DistFrontMean, 119.13, DistDowMean, 118.88, DistUpMean, 122.89
, DistFront, 119.06, DistDow, 118.91, DistUp, 121.60
, DistFront, 118.74, DistDow, 118.98, DistUp, 122.98
, DistFront, 118.83, DistDow, 119.54, DistUp, 122.19
, DistFront, 119.34, DistDow, 120.05, DistUp, 124.88
, DistFront, 118.98, DistDow, 119.25, DistUp, 122.35
, DistFront, 119.10, DistDow, 120.20, DistUp, 123.69
, DistFront, 120.03, DistDow, 119.42, DistUp, 123.84
, DistFront, 119.25, DistDow, 120.41, DistUp, 123.10
, DistFront, 119.83, DistDow, 120.10, DistUp, 123.64
, DistFront, 120.34, DistDow, 120.19, DistUp, 124.61
, DistFront, 119.56, DistDow, 119.81, DistUp, 124.17
, DistFront, 120.97, DistDow, 120.83, DistUp, 123.06
, DistFront, 120.66, DistDow, 120.54, DistUp, 123.59
, DistFront, 119.90, DistDow, 120.17, DistUp, 124.13
, DistFront, 120.43, DistDow, 121.14, DistUp, 123.38
, DistFront, 120.49, DistDow, 121.21, DistUp, 123.42
, DistFront, 120.07, DistDow, 120.82, DistUp, 123.91
, DistFront, 120.14, DistDow, 120.85, DistUp, 123.49
, DistFront, 120.60, DistDow, 120.39, DistUp, 124.78
, DistFront, 120.14, DistDow, 121.26, DistUp, 123.04
, DistFrontMean, 120.54, DistDowMean, 120.82, DistUpMean, 124.35
, DistFront, 120.54, DistDow, 121.21, DistUp, 123.35
, DistFront, 120.03, DistDow, 121.17, DistUp, 122.98
, DistFront, 119.97, DistDow, 120.19, DistUp, 124.59
, DistFront, 120.27, DistDow, 120.97, DistUp, 123.62
, DistFront, 120.60, DistDow, 121.28, DistUp, 123.52
, DistFront, 119.61, DistDow, 120.31, DistUp, 122.96
, DistFront, 119.90, DistDow, 120.14, DistUp, 122.84
, DistFront, 119.49, DistDow, 120.02, DistUp, 122.64
, DistFront, 119.27, DistDow, 120.37, DistUp, 122.21
, DistFront, 119.30, DistDow, 119.34, DistUp, 123.33
, DistFront, 118.76, DistDow, 120.17, DistUp, 123.32
, DistFront, 119.98, DistDow, 120.10, DistUp, 122.82
, DistFront, 118.95, DistDow, 119.98, DistUp, 124.17
, DistFront, 118.88, DistDow, 119.95, DistUp, 124.52
, DistFront, 119.69, DistDow, 119.03, DistUp, 124.06
, DistFront, 118.49, DistDow, 119.42, DistUp, 123.16
, DistFront, 119.78, DistDow, 119.00, DistUp, 122.76
, DistFront, 119.32, DistDow, 119.97, DistUp, 122.81
, DistFront, 119.35, DistDow, 119.61, DistUp, 122.41
, DistFront, 119.03, DistDow, 120.12, DistUp, 122.91
, DistFrontMean, 119.54, DistDowMean, 119.30, DistUpMean, 122.06
, DistFront, 120.41, DistDow, 119.40, DistUp, 122.99
, DistFront, 119.32, DistDow, 119.98, DistUp, 123.11
, DistFront, 119.78, DistDow, 120.53, DistUp, 124.03
, DistFront, 119.46, DistDow, 120.14, DistUp, 123.25
, DistFront, 120.39, DistDow, 120.26, DistUp, 123.33
, DistFront, 120.88, DistDow, 120.75, DistUp, 123.84
, DistFront, 120.14, DistDow, 120.78, DistUp, 125.07
, DistFront, 120.14, DistDow, 119.95, DistUp, 123.03
, DistFront, 119.69, DistDow, 119.90, DistUp, 124.35
, DistFront, 119.69, DistDow, 120.39, DistUp, 123.04
, DistFront, 120.10, DistDow, 119.90, DistUp, 123.45
, DistFront, 119.66, DistDow, 120.75, DistUp, 122.99
, DistFront, 120.56, DistDow, 119.78, DistUp, 123.32
, DistFront, 120.02, DistDow, 120.19, DistUp, 123.35
, DistFront, 119.42, DistDow, 119.69, DistUp, 125.02
, DistFront, 119.39, DistDow, 120.07, DistUp, 123.25
, DistFront, 119.34, DistDow, 120.43, DistUp, 122.76
, DistFront, 119.30, DistDow, 119.52, DistUp, 123.55
, DistFront, 120.49, DistDow, 120.02, DistUp, 123.11
, DistFront, 119.59, DistDow, 119.95, DistUp, 122.55
, DistFrontMean, 118.81, DistDowMean, 120.24, DistUpMean, 124.54
, DistFront, 119.10, DistDow, 119.78, DistUp, 124.20
, DistFront, 119.49, DistDow, 119.27, DistUp, 122.45
, DistFront, 119.85, DistDow, 119.78, DistUp, 122.35
, DistFront, 119.40, DistDow, 119.30, DistUp, 122.69
, DistFront, 120.14, DistDow, 119.59, DistUp, 121.80
, DistFront, 118.81, DistDow, 119.95, DistUp, 121.68
, DistFront, 118.84, DistDow, 119.90, DistUp, 121.99
, DistFront, 118.74, DistDow, 119.35, DistUp, 122.45
, DistFront, 118.61, DistDow, 119.74, DistUp, 122.77
, DistFront, 119.40, DistDow, 119.35, DistUp, 122.74
, DistFront, 118.89, DistDow, 119.18, DistUp, 121.80
, DistFront, 118.38, DistDow, 119.12, DistUp, 122.99
, DistFront, 119.61, DistDow, 119.05, DistUp, 122.09
, DistFront, 118.27, DistDow, 118.54, DistUp, 124.17
, DistFront, 119.05, DistDow, 118.45, DistUp, 122.70
, DistFront, 118.11, DistDow, 118.84, DistUp, 122.74
, DistFront, 118.04, DistDow, 119.32, DistUp, 122.21
, DistFront, 118.42, DistDow, 118.25, DistUp, 121.31
, DistFront, 118.03, DistDow, 118.16, DistUp, 121.26
, DistFront, 119.10, DistDow, 118.64, DistUp, 120.70
, DistFrontMean, 118.23, DistDowMean, 118.89, DistUpMean, 122.84
, DistFront, 118.16, DistDow, 118.45, DistUp, 120.31
, DistFront, 117.64, DistDow, 118.78, DistUp, 121.45
, DistFront, 118.03, DistDow, 117.82, DistUp, 123.49
, DistFront, 117.55, DistDow, 118.67, DistUp, 121.34
, DistFront, 118.38, DistDow, 117.77, DistUp, 120.88
, DistFront, 118.38, DistDow, 117.87, DistUp, 121.33
, DistFront, 117.98, DistDow, 117.77, DistUp, 120.92
, DistFront, 118.03, DistDow, 117.91, DistUp, 121.82
, DistFront, 117.76, DistDow, 118.74, DistUp, 120.99
, DistFront, 117.64, DistDow, 118.78, DistUp, 121.96
, DistFront, 117.81, DistDow, 118.84, DistUp, 122.40
, DistFront, 117.74, DistDow, 118.03, DistUp, 123.32
, DistFront, 117.77, DistDow, 118.10, DistUp, 121.60
, DistFront, 117.84, DistDow, 118.25, DistUp, 122.53
, DistFront, 117.89, DistDow, 118.18, DistUp, 121.60
, DistFront, 118.81, DistDow, 119.49, DistUp, 121.70
, DistFront, 118.38, DistDow, 119.18, DistUp, 121.31
, DistFront, 117.96, DistDow, 118.23, DistUp, 121.28
, DistFront, 117.98, DistDow, 118.78, DistUp, 122.19
, DistFront, 118.45, DistDow, 118.23, DistUp, 121.33
, DistFrontMean, 117.99, DistDowMean, 118.71, DistUpMean, 121.80
, DistFront, 118.13, DistDow, 118.71, DistUp, 122.70
, DistFront, 118.03, DistDow, 119.18, DistUp, 122.28
, DistFront, 118.11, DistDow, 118.33, DistUp, 122.35
, DistFront, 118.67, DistDow, 118.88, DistUp, 121.55
, DistFront, 119.05, DistDow, 118.54, DistUp, 122.84
, DistFront, 118.23, DistDow, 118.49, DistUp, 123.74
, DistFront, 118.38, DistDow, 119.42, DistUp, 121.62
, DistFront, 118.27, DistDow, 118.67, DistUp, 122.06
, DistFront, 119.17, DistDow, 118.54, DistUp, 121.63
, DistFront, 118.40, DistDow, 118.54, DistUp, 122.93
, DistFront, 118.28, DistDow, 118.64, DistUp, 122.93
, DistFront, 118.27, DistDow, 119.42, DistUp, 121.63
, DistFront, 118.74, DistDow, 118.98, DistUp, 121.63
, DistFront, 118.71, DistDow, 118.98, DistUp, 122.48
, DistFront, 118.71, DistDow, 118.96, DistUp, 121.19
, DistFront, 118.71, DistDow, 118.96, DistUp, 124.10
, DistFront, 118.83, DistDow, 119.81, DistUp, 124.05
, DistFront, 118.67, DistDow, 118.45, DistUp, 121.56
, DistFront, 119.06, DistDow, 118.95, DistUp, 124.56
, DistFront, 119.06, DistDow, 117.99, DistUp, 123.28
, DistFrontMean, 118.23, DistDowMean, 118.49, DistUpMean, 122.87
, DistFront, 118.76, DistDow, 119.34, DistUp, 122.45
, DistFront, 117.82, DistDow, 118.91, DistUp, 122.41
, DistFront, 118.64, DistDow, 118.55, DistUp, 122.45
, DistFront, 118.67, DistDow, 119.35, DistUp, 123.76
, DistFront, 118.35, DistDow, 118.52, DistUp, 122.53
, DistFront, 118.27, DistDow, 118.52, DistUp, 122.09
, DistFront, 118.25, DistDow, 118.52, DistUp, 121.62
, DistFront, 118.25, DistDow, 118.95, DistUp, 122.48
, DistFront, 118.28, DistDow, 118.96, DistUp, 122.53
, DistFront, 119.52, DistDow, 119.39, DistUp, 123.38
, DistFront, 118.69, DistDow, 118.95, DistUp, 122.96
, DistFront, 119.12, DistDow, 118.47, DistUp, 121.96
, DistFront, 119.12, DistDow, 118.91, DistUp, 122.52
, DistFront, 118.67, DistDow, 118.45, DistUp, 122.48
, DistFront, 118.23, DistDow, 118.45, DistUp, 122.02
, DistFront, 118.64, DistDow, 118.45, DistUp, 122.02
, DistFront, 118.59, DistDow, 118.40, DistUp, 122.41
, DistFront, 118.16, DistDow, 118.88, DistUp, 121.50
, DistFront, 118.59, DistDow, 119.69, DistUp, 122.35
, DistFront, 118.55, DistDow, 119.25, DistUp, 121.89
, DistFrontMean, 118.11, DistDowMean, 119.25, DistUpMean, 121.41
, DistFront, 118.11, DistDow, 118.83, DistUp, 121.41
, DistFront, 118.10, DistDow, 118.45, DistUp, 121.41
, DistFront, 118.52, DistDow, 119.66, DistUp, 121.84
, DistFront, 118.54, DistDow, 118.76, DistUp, 121.84
, DistFront, 118.91, DistDow, 118.78, DistUp, 121.84
, DistFront, 118.18, DistDow, 118.33, DistUp, 121.85
, DistFront, 118.10, DistDow, 119.23, DistUp, 123.16
, DistFront, 118.98, DistDow, 118.38, DistUp, 121.89
, DistFront, 119.40, DistDow, 118.40, DistUp, 123.18
, DistFront, 118.18, DistDow, 118.89, DistUp, 124.49
, DistFront, 118.23, DistDow, 118.91, DistUp, 120.68
, DistFront, 118.76, DistDow, 118.95, DistUp, 121.56
, DistFront, 118.23, DistDow, 118.52, DistUp, 123.28
, DistFront, 118.20, DistDow, 118.52, DistUp, 121.85
, DistFront, 118.67, DistDow, 118.96, DistUp, 122.02
, DistFront, 119.10, DistDow, 119.06, DistUp, 121.56
, DistFront, 118.64, DistDow, 118.52, DistUp, 122.41
, DistFront, 118.32, DistDow, 118.47, DistUp, 121.12
, DistFront, 118.62, DistDow, 119.32, DistUp, 122.84
, DistFront, 118.16, DistDow, 118.88, DistUp, 121.92
, DistFrontMean, 118.11, DistDowMean, 118.84, DistUpMean, 122.33
, DistFront, 118.11, DistDow, 118.35, DistUp, 122.35
, DistFront, 118.96, DistDow, 118.81, DistUp, 121.89
, DistFront, 118.96, DistDow, 119.34, DistUp, 121.45
, DistFront, 118.95, DistDow, 118.83, DistUp, 120.99
, DistFront, 118.52, DistDow, 119.23, DistUp, 121.45
, DistFront, 119.35, DistDow, 118.81, DistUp, 121.45
, DistFront, 118.52, DistDow, 118.35, DistUp, 122.28
, DistFront, 118.49, DistDow, 119.20, DistUp, 121.45
, DistFront, 119.35, DistDow, 119.20, DistUp, 121.45
, DistFront, 118.95, DistDow, 118.33, DistUp, 121.45
, DistFront, 119.35, DistDow, 118.81, DistUp, 121.89
, DistFront, 118.96, DistDow, 118.81, DistUp, 121.45
, DistFront, 118.52, DistDow, 118.33, DistUp, 122.62
, DistFront, 118.52, DistDow, 118.35, DistUp, 121.41
, DistFront, 118.06, DistDow, 118.35, DistUp, 120.97
, DistFront, 118.04, DistDow, 118.35, DistUp, 121.38
, DistFront, 118.04, DistDow, 118.76, DistUp, 122.24
, DistFront, 118.47, DistDow, 118.32, DistUp, 121.77
, DistFront, 119.27, DistDow, 119.56, DistUp, 121.34
, DistFront, 118.03, DistDow, 118.71, DistUp, 121.33
, DistFrontMean, 118.42, DistDowMean, 118.69, DistUpMean, 121.80
, DistFront, 117.96, DistDow, 118.71, DistUp, 121.33
, DistFront, 117.98, DistDow, 119.12, DistUp, 122.19
, DistFront, 118.40, DistDow, 118.25, DistUp, 122.53
, DistFront, 118.45, DistDow, 118.74, DistUp, 127.28
, DistFront, 118.03, DistDow, 119.27, DistUp, 122.21
, DistFront, 118.03, DistDow, 119.17, DistUp, 120.53
, DistFront, 118.47, DistDow, 118.28, DistUp, 121.45
, DistFront, 118.54, DistDow, 118.81, DistUp, 121.41
, DistFront, 119.35, DistDow, 118.83, DistUp, 121.89
, DistFront, 119.42, DistDow, 118.84, DistUp, 121.92
, DistFront, 118.62, DistDow, 118.89, DistUp, 121.55
, DistFront, 118.67, DistDow, 119.35, DistUp, 122.45
, DistFront, 118.35, DistDow, 119.40, DistUp, 122.93
, DistFront, 118.32, DistDow, 119.47, DistUp, 121.28
, DistFront, 118.81, DistDow, 119.63, DistUp, 126.45
, DistFront, 118.84, DistDow, 118.71, DistUp, 121.82
, DistFront, 118.91, DistDow, 119.61, DistUp, 122.28
, DistFront, 118.96, DistDow, 120.07, DistUp, 121.92
, DistFront, 119.13, DistDow, 119.27, DistUp, 123.16
, DistFront, 119.85, DistDow, 119.30, DistUp, 122.82
, DistFrontMean, 118.61, DistDowMean, 118.83, DistUpMean, 123.71
, DistFront, 118.62, DistDow, 119.30, DistUp, 122.02
, DistFront, 118.64, DistDow, 118.98, DistUp, 122.45
, DistFront, 119.10, DistDow, 118.88, DistUp, 121.60
, DistFront, 119.91, DistDow, 119.34, DistUp, 122.47
, DistFront, 119.10, DistDow, 119.35, DistUp, 122.87
, DistFront, 119.12, DistDow, 119.35, DistUp, 123.33
, DistFront, 118.69, DistDow, 119.95, DistUp, 125.46
, DistFront, 118.71, DistDow, 119.06, DistUp, 123.81
, DistFront, 119.17, DistDow, 118.96, DistUp, 122.93
, DistFront, 119.17, DistDow, 119.88, DistUp, 123.40
, DistFront, 118.76, DistDow, 119.47, DistUp, 122.55
, DistFront, 119.18, DistDow, 119.03, DistUp, 122.98
, DistFront, 120.05, DistDow, 119.47, DistUp, 121.73
, DistFront, 119.66, DistDow, 119.03, DistUp, 122.57
, DistFront, 118.81, DistDow, 119.52, DistUp, 125.19
, DistFront, 118.84, DistDow, 119.68, DistUp, 121.75
, DistFront, 119.74, DistDow, 119.13, DistUp, 123.13
, DistFront, 118.89, DistDow, 119.63, DistUp, 125.20
, DistFront, 118.95, DistDow, 118.76, DistUp, 121.84
, DistFront, 119.40, DistDow, 119.23, DistUp, 121.92
, DistFrontMean, 120.26, DistDowMean, 120.24, DistUpMean, 123.25
, DistFront, 118.98, DistDow, 119.71, DistUp, 124.54
, DistFront, 119.05, DistDow, 120.17, DistUp, 122.84
, DistFront, 119.49, DistDow, 119.27, DistUp, 125.43
, DistFront, 119.52, DistDow, 120.75, DistUp, 123.74
, DistFront, 119.52, DistDow, 119.49, DistUp, 122.91
, DistFront, 119.52, DistDow, 119.35, DistUp, 123.28
, DistFront, 119.10, DistDow, 119.78, DistUp, 122.89
, DistFront, 119.49, DistDow, 119.76, DistUp, 122.45
, DistFront, 119.05, DistDow, 120.19, DistUp, 122.82
, DistFront, 119.00, DistDow, 119.27, DistUp, 122.38
, DistFront, 119.88, DistDow, 119.68, DistUp, 123.67
, DistFront, 120.24, DistDow, 119.34, DistUp, 122.33
, DistFront, 118.91, DistDow, 120.03, DistUp, 122.28
, DistFront, 118.89, DistDow, 119.54, DistUp, 121.80
, DistFront, 119.69, DistDow, 119.95, DistUp, 123.45
, DistFront, 118.74, DistDow, 119.00, DistUp, 122.09
, DistFront, 119.61, DistDow, 119.35, DistUp, 122.41
, DistFront, 119.56, DistDow, 119.32, DistUp, 121.89
, DistFront, 119.34, DistDow, 118.74, DistUp, 120.92
, DistFront, 118.83, DistDow, 118.67, DistUp, 121.68
, DistFrontMean, 118.35, DistDowMean, 118.61, DistUpMean, 121.17
, DistFront, 118.69, DistDow, 119.40, DistUp, 121.56
, DistFront, 118.23, DistDow, 118.91, DistUp, 121.05
, DistFront, 118.55, DistDow, 119.68, DistUp, 122.74
, DistFront, 118.55, DistDow, 118.25, DistUp, 121.75
, DistFront, 118.76, DistDow, 118.69, DistUp, 120.77
, DistFront, 119.06, DistDow, 118.04, DistUp, 120.68
, DistFront, 118.16, DistDow, 118.84, DistUp, 121.89
, DistFront, 117.64, DistDow, 118.35, DistUp, 120.48
, DistFront, 117.55, DistDow, 118.71, DistUp, 121.68
, DistFront, 117.47, DistDow, 118.20, DistUp, 120.73
, DistFront, 117.52, DistDow, 118.32, DistUp, 120.73
, DistFront, 117.57, DistDow, 118.62, DistUp, 121.60
, DistFront, 117.89, DistDow, 118.23, DistUp, 121.19
, DistFront, 117.55, DistDow, 118.23, DistUp, 121.63
, DistFront, 118.69, DistDow, 118.13, DistUp, 121.19
, DistFront, 117.35, DistDow, 118.11, DistUp, 120.66
, DistFront, 117.31, DistDow, 118.04, DistUp, 121.09
, DistFront, 117.70, DistDow, 118.40, DistUp, 120.56
, DistFront, 117.19, DistDow, 118.35, DistUp, 120.10
, DistFront, 117.67, DistDow, 117.40, DistUp, 120.03
, DistFrontMean, 117.11, DistDowMean, 117.81, DistUpMean, 121.70
, DistFront, 117.06, DistDow, 117.74, DistUp, 121.24
, DistFront, 117.41, DistDow, 117.70, DistUp, 120.73
, DistFront, 117.40, DistDow, 117.70, DistUp, 120.75
, DistFront, 116.96, DistDow, 117.67, DistUp, 120.73
, DistFront, 118.25, DistDow, 117.35, DistUp, 121.24
, DistFront, 117.41, DistDow, 118.13, DistUp, 121.67
, DistFront, 117.82, DistDow, 117.67, DistUp, 120.75
, DistFront, 116.97, DistDow, 117.21, DistUp, 120.34
, DistFront, 117.81, DistDow, 118.04, DistUp, 121.17
, DistFront, 117.89, DistDow, 117.60, DistUp, 120.32
, DistFront, 116.45, DistDow, 117.13, DistUp, 120.34
, DistFront, 116.89, DistDow, 117.13, DistUp, 121.63
, DistFront, 118.20, DistDow, 117.60, DistUp, 119.91
, DistFront, 116.99, DistDow, 117.19, DistUp, 120.48
, DistFront, 118.38, DistDow, 118.32, DistUp, 122.76
, DistFront, 117.64, DistDow, 117.41, DistUp, 121.09
, DistFront, 117.24, DistDow, 118.03, DistUp, 124.10
, DistFront, 117.70, DistDow, 118.32, DistUp, 124.12
, DistFront, 118.06, DistDow, 117.87, DistUp, 126.17
, DistFront, 117.60, DistDow, 117.33, DistUp, 123.25
, DistFrontMean, 117.18, DistDowMean, 117.40, DistUpMean, 122.77
, DistFront, 117.11, DistDow, 117.21, DistUp, 124.74
, DistFront, 117.55, DistDow, 117.35, DistUp, 121.46
, DistFront, 117.13, DistDow, 117.33, DistUp, 124.81
, DistFront, 117.33, DistDow, 117.40, DistUp, 122.41
, DistFront, 117.67, DistDow, 118.32, DistUp, 122.40
, DistFront, 117.26, DistDow, 117.47, DistUp, 122.35
, DistFront, 117.24, DistDow, 117.57, DistUp, 120.70
, DistFront, 118.25, DistDow, 117.96, DistUp, 120.70
, DistFront, 117.31, DistDow, 118.47, DistUp, 121.56
, DistFront, 118.71, DistDow, 117.70, DistUp, 120.77
, DistFront, 118.76, DistDow, 118.33, DistUp, 121.26
, DistFront, 117.60, DistDow, 117.40, DistUp, 120.83
, DistFront, 117.52, DistDow, 117.84, DistUp, 122.13
, DistFront, 118.78, DistDow, 118.25, DistUp, 120.37
, DistFront, 117.35, DistDow, 117.60, DistUp, 122.82
, DistFront, 117.33, DistDow, 118.04, DistUp, 121.96
, DistFront, 118.18, DistDow, 118.45, DistUp, 120.60
, DistFront, 118.52, DistDow, 117.60, DistUp, 124.83
, DistFront, 117.18, DistDow, 117.45, DistUp, 120.92
, DistFront, 118.38, DistDow, 118.28, DistUp, 121.28
, DistFrontMean, 117.13, DistDowMean, 118.69, DistUpMean, 119.95
, DistFront, 117.48, DistDow, 117.81, DistUp, 121.19
, DistFront, 117.47, DistDow, 118.25, DistUp, 121.17
, DistFront, 117.48, DistDow, 118.28, DistUp, 119.83
, DistFront, 117.06, DistDow, 117.89, DistUp, 120.68
, DistFront, 117.62, DistDow, 117.47, DistUp, 120.32
, DistFront, 118.38, DistDow, 117.48, DistUp, 120.46
, DistFront, 117.52, DistDow, 118.25, DistUp, 119.85
, DistFront, 116.99, DistDow, 117.40, DistUp, 120.31
, DistFront, 117.09, DistDow, 117.26, DistUp, 120.27
, DistFront, 116.97, DistDow, 117.67, DistUp, 122.45
, DistFront, 116.85, DistDow, 117.19, DistUp, 120.26
, DistFront, 117.26, DistDow, 116.89, DistUp, 121.89
, DistFront, 117.13, DistDow, 116.75, DistUp, 123.04
, DistFront, 117.41, DistDow, 117.19, DistUp, 120.05
, DistFront, 116.55, DistDow, 118.03, DistUp, 121.26
, DistFront, 116.56, DistDow, 117.91, DistUp, 120.85
, DistFront, 116.82, DistDow, 116.96, DistUp, 122.52
, DistFront, 116.73, DistDow, 117.31, DistUp, 120.27
, DistFront, 116.28, DistDow, 116.89, DistUp, 120.70
, DistFront, 116.34, DistDow, 117.02, DistUp, 120.75
, DistFrontMean, 117.67, DistDowMean, 116.70, DistUpMean, 120.82
, DistFront, 116.48, DistDow, 116.77, DistUp, 119.54
, DistFront, 116.48, DistDow, 117.60, DistUp, 120.39
, DistFront, 116.53, DistDow, 117.47, DistUp, 120.41
, DistFront, 116.97, DistDow, 117.06, DistUp, 119.95
, DistFront, 116.92, DistDow, 117.18, DistUp, 120.82
, DistFront, 116.53, DistDow, 117.19, DistUp, 120.39
, DistFront, 116.56, DistDow, 117.67, DistUp, 120.34
, DistFront, 116.67, DistDow, 117.24, DistUp, 120.37
, DistFront, 116.73, DistDow, 116.85, DistUp, 119.98
, DistFront, 116.75, DistDow, 117.87, DistUp, 121.39
, DistFront, 116.84, DistDow, 117.52, DistUp, 120.66
, DistFront, 117.33, DistDow, 117.11, DistUp, 121.14
, DistFront, 116.97, DistDow, 117.31, DistUp, 121.24
, DistFront, 117.53, DistDow, 118.23, DistUp, 120.95
, DistFront, 117.18, DistDow, 117.47, DistUp, 121.04
, DistFront, 117.74, DistDow, 117.21, DistUp, 120.68
, DistFront, 117.02, DistDow, 118.49, DistUp, 122.11
, DistFront, 118.28, DistDow, 117.77, DistUp, 122.16
, DistFront, 118.10, DistDow, 118.23, DistUp, 120.54
, DistFront, 117.67, DistDow, 118.76, DistUp, 121.55
, DistFrontMean, 117.70, DistDowMean, 118.06, DistUpMean, 122.91
, DistFront, 119.06, DistDow, 118.52, DistUp, 121.28
, DistFront, 118.38, DistDow, 118.16, DistUp, 122.24
, DistFront, 118.47, DistDow, 118.71, DistUp, 121.48
, DistFront, 118.27, DistDow, 118.35, DistUp, 122.48
, DistFront, 118.25, DistDow, 118.95, DistUp, 122.16
, DistFront, 118.78, DistDow, 118.67, DistUp, 121.84
, DistFront, 118.47, DistDow, 119.13, DistUp, 121.99
, DistFront, 119.03, DistDow, 119.30, DistUp, 122.11
, DistFront, 119.13, DistDow, 118.91, DistUp, 123.06
, DistFront, 119.23, DistDow, 119.49, DistUp, 121.84
, DistFront, 118.89, DistDow, 119.12, DistUp, 123.16
, DistFront, 119.05, DistDow, 119.66, DistUp, 122.33
, DistFront, 119.18, DistDow, 119.30, DistUp, 122.99
, DistFront, 119.98, DistDow, 119.78, DistUp, 122.53
, DistFront, 119.18, DistDow, 119.83, DistUp, 123.89
, DistFront, 119.74, DistDow, 119.49, DistUp, 125.37
, DistFront, 119.39, DistDow, 120.05, DistUp, 124.13
, DistFront, 119.47, DistDow, 120.14, DistUp, 123.81
, DistFront, 119.18, DistDow, 120.19, DistUp, 123.74
, DistFront, 119.98, DistDow, 120.63, DistUp, 123.89
, DistFrontMean, 120.07, DistDowMean, 119.74, DistUpMean, 122.55
, DistFront, 119.98, DistDow, 119.76, DistUp, 126.02
, DistFront, 120.02, DistDow, 120.68, DistUp, 124.27
, DistFront, 119.56, DistDow, 119.76, DistUp, 124.74
, DistFront, 119.54, DistDow, 120.19, DistUp, 126.41
, DistFront, 119.52, DistDow, 119.71, DistUp, 123.38
, DistFront, 119.91, DistDow, 119.66, DistUp, 124.23
, DistFront, 119.46, DistDow, 119.63, DistUp, 122.89
, DistFront, 119.40, DistDow, 119.56, DistUp, 124.17
, DistFront, 119.34, DistDow, 119.54, DistUp, 123.27
, DistFront, 119.39, DistDow, 119.95, DistUp, 123.96
, DistFront, 119.23, DistDow, 119.90, DistUp, 123.91
, DistFront, 119.12, DistDow, 120.24, DistUp, 122.55
, DistFront, 119.10, DistDow, 119.23, DistUp, 123.78
, DistFront, 120.24, DistDow, 120.03, DistUp, 122.82
, DistFront, 119.27, DistDow, 119.47, DistUp, 127.81
, DistFront, 118.71, DistDow, 119.35, DistUp, 125.19
, DistFront, 118.69, DistDow, 118.83, DistUp, 122.57
, DistFront, 119.03, DistDow, 119.66, DistUp, 122.93
, DistFront, 119.39, DistDow, 118.64, DistUp, 122.04
, DistFront, 118.88, DistDow, 118.62, DistUp, 121.99
, DistFrontMean, 118.88, DistDowMean, 118.71, DistUpMean, 123.23
, DistFront, 118.42, DistDow, 119.47, DistUp, 122.40
, DistFront, 118.47, DistDow, 119.47, DistUp, 123.11
, DistFront, 118.38, DistDow, 119.42, DistUp, 122.33
, DistFront, 118.32, DistDow, 118.52, DistUp, 123.16
, DistFront, 118.33, DistDow, 118.96, DistUp, 122.28
, DistFront, 119.18, DistDow, 118.47, DistUp, 124.40
, DistFront, 118.33, DistDow, 118.52, DistUp, 122.28
, DistFront, 118.33, DistDow, 118.98, DistUp, 125.73
, DistFront, 118.83, DistDow, 118.67, DistUp, 121.89
, DistFront, 118.42, DistDow, 119.47, DistUp, 123.64
, DistFront, 118.88, DistDow, 118.62, DistUp, 122.84
, DistFront, 118.52, DistDow, 119.12, DistUp, 122.04
, DistFront, 118.98, DistDow, 119.63, DistUp, 122.96
, DistFront, 118.61, DistDow, 118.78, DistUp, 122.57
, DistFront, 118.20, DistDow, 118.95, DistUp, 122.62
, DistFront, 119.12, DistDow, 119.34, DistUp, 122.19
, DistFront, 118.74, DistDow, 119.39, DistUp, 122.19
, DistFront, 119.59, DistDow, 118.98, DistUp, 123.49
, DistFront, 119.23, DistDow, 119.88, DistUp, 123.40
, DistFront, 119.34, DistDow, 119.90, DistUp, 123.84
, DistFrontMean, 118.78, DistDowMean, 119.13, DistUpMean, 121.80
, DistFront, 118.95, DistDow, 119.49, DistUp, 123.45
, DistFront, 119.34, DistDow, 119.42, DistUp, 122.70
, DistFront, 118.89, DistDow, 119.85, DistUp, 122.67
, DistFront, 118.71, DistDow, 119.83, DistUp, 121.82
, DistFront, 118.71, DistDow, 119.83, DistUp, 125.20
, DistFront, 118.78, DistDow, 118.96, DistUp, 123.11
, DistFront, 118.78, DistDow, 118.98, DistUp, 121.80
, DistFront, 118.78, DistDow, 119.54, DistUp, 122.64
, DistFront, 118.78, DistDow, 118.98, DistUp, 122.19
, DistFront, 119.18, DistDow, 118.98, DistUp, 122.60
, DistFront, 119.59, DistDow, 118.95, DistUp, 122.06
, DistFront, 118.74, DistDow, 119.74, DistUp, 124.03
, DistFront, 118.64, DistDow, 119.63, DistUp, 121.39
, DistFront, 119.23, DistDow, 118.62, DistUp, 121.68
, DistFront, 118.25, DistDow, 118.89, DistUp, 121.89
, DistFront, 119.40, DistDow, 120.02, DistUp, 122.04
, DistFront, 117.84, DistDow, 118.98, DistUp, 121.60
, DistFront, 118.11, DistDow, 117.98, DistUp, 120.92
, DistFront, 117.53, DistDow, 118.27, DistUp, 121.67
, DistFront, 117.81, DistDow, 118.52, DistUp, 120.60
, DistFrontMean, 117.24, DistDowMean, 118.83, DistUpMean, 120.46
, DistFront, 117.13, DistDow, 117.96, DistUp, 120.27
, DistFront, 117.81, DistDow, 117.11, DistUp, 121.73
, DistFront, 117.82, DistDow, 117.31, DistUp, 120.61
, DistFront, 116.38, DistDow, 117.60, DistUp, 119.49
, DistFront, 116.55, DistDow, 117.38, DistUp, 119.68
, DistFront, 115.82, DistDow, 116.97, DistUp, 119.39
, DistFront, 115.99, DistDow, 115.85, DistUp, 122.60
, DistFront, 115.85, DistDow, 116.14, DistUp, 119.49
, DistFront, 115.43, DistDow, 116.09, DistUp, 118.55
, DistFront, 115.34, DistDow, 115.75, DistUp, 118.55
, DistFront, 115.78, DistDow, 115.63, DistUp, 118.11
, DistFront, 115.88, DistDow, 116.56, DistUp, 119.52
, DistFront, 115.41, DistDow, 115.83, DistUp, 119.20
, DistFront, 116.34, DistDow, 115.73, DistUp, 119.83
, DistFront, 115.92, DistDow, 115.77, DistUp, 118.84
, DistFront, 116.09, DistDow, 116.24, DistUp, 119.35
, DistFront, 116.09, DistDow, 116.34, DistUp, 120.17
, DistFront, 115.48, DistDow, 116.17, DistUp, 118.52
, DistFront, 115.88, DistDow, 115.70, DistUp, 118.81
, DistFront, 115.63, DistDow, 115.77, DistUp, 119.34
, DistFrontMean, 116.96, DistDowMean, 115.82, DistUpMean, 119.81
, DistFront, 116.92, DistDow, 116.33, DistUp, 119.85
, DistFront, 116.12, DistDow, 116.28, DistUp, 118.96
, DistFront, 115.68, DistDow, 116.75, DistUp, 119.35
, DistFront, 116.85, DistDow, 116.77, DistUp, 119.85
, DistFront, 115.66, DistDow, 116.82, DistUp, 118.98
, DistFront, 115.63, DistDow, 116.82, DistUp, 118.88
, DistFront, 115.70, DistDow, 117.21, DistUp, 119.27
, DistFront, 115.66, DistDow, 115.95, DistUp, 119.23
, DistFront, 115.92, DistDow, 116.77, DistUp, 118.81
, DistFront, 115.85, DistDow, 116.17, DistUp, 120.46
, DistFront, 115.82, DistDow, 116.53, DistUp, 118.81
, DistFront, 115.88, DistDow, 115.66, DistUp, 119.10
, DistFront, 115.92, DistDow, 116.97, DistUp, 120.41
, DistFront, 115.92, DistDow, 116.68, DistUp, 118.69
, DistFront, 115.41, DistDow, 117.04, DistUp, 119.61
, DistFront, 115.49, DistDow, 116.67, DistUp, 118.35
, DistFront, 115.66, DistDow, 115.82, DistUp, 120.20
, DistFront, 115.61, DistDow, 116.45, DistUp, 118.96
, DistFront, 115.70, DistDow, 116.85, DistUp, 118.61
, DistFront, 115.77, DistDow, 116.48, DistUp, 119.56
, DistFrontMean, 115.83, DistDowMean, 116.99, DistUpMean, 119.20
, DistFront, 116.77, DistDow, 115.82, DistUp, 118.84
, DistFront, 116.45, DistDow, 116.33, DistUp, 119.05
, DistFront, 116.14, DistDow, 116.89, DistUp, 119.66
, DistFront, 116.31, DistDow, 117.41, DistUp, 120.95
, DistFront, 116.41, DistDow, 117.13, DistUp, 121.11
, DistFront, 116.99, DistDow, 116.92, DistUp, 119.95
, DistFront, 116.80, DistDow, 116.97, DistUp, 120.49
, DistFront, 117.81, DistDow, 118.03, DistUp, 120.19
, DistFront, 117.40, DistDow, 118.16, DistUp, 120.26
, DistFront, 117.09, DistDow, 117.41, DistUp, 120.78
, DistFront, 117.26, DistDow, 117.89, DistUp, 121.70
, DistFront, 117.19, DistDow, 117.87, DistUp, 120.83
, DistFront, 117.16, DistDow, 117.87, DistUp, 120.39
, DistFront, 117.21, DistDow, 117.35, DistUp, 119.90
, DistFront, 117.09, DistDow, 118.18, DistUp, 120.31
, DistFront, 116.96, DistDow, 117.18, DistUp, 121.04
, DistFront, 117.69, DistDow, 117.57, DistUp, 119.66
, DistFront, 117.99, DistDow, 118.03, DistUp, 119.54
, DistFront, 117.18, DistDow, 117.38, DistUp, 120.31
, DistFront, 116.21, DistDow, 116.82, DistUp, 119.74
, DistFrontMean, 116.99, DistDowMean, 117.62, DistUpMean, 119.25
, DistFront, 116.39, DistDow, 117.98, DistUp, 119.20
, DistFront, 116.24, DistDow, 116.53, DistUp, 119.49
, DistFront, 116.14, DistDow, 116.89, DistUp, 119.00
, DistFront, 116.02, DistDow, 116.73, DistUp, 118.89
, DistFront, 116.45, DistDow, 117.06, DistUp, 119.66
, DistFront, 115.49, DistDow, 117.38, DistUp, 119.61
, DistFront, 116.31, DistDow, 115.56, DistUp, 121.67
, DistFront, 115.77, DistDow, 116.04, DistUp, 119.46
, DistFront, 116.48, DistDow, 115.97, DistUp, 118.54
, DistFront, 115.56, DistDow, 116.26, DistUp, 119.34
, DistFront, 116.38, DistDow, 115.32, DistUp, 118.83
, DistFront, 115.56, DistDow, 116.17, DistUp, 119.61
, DistFront, 115.82, DistDow, 116.21, DistUp, 119.10
, DistFront, 116.14, DistDow, 116.05, DistUp, 118.28
, DistFront, 115.70, DistDow, 115.53, DistUp, 118.54
, DistFront, 115.31, DistDow, 115.54, DistUp, 118.47
, DistFront, 115.56, DistDow, 115.41, DistUp, 118.96
, DistFront, 115.53, DistDow, 116.21, DistUp, 117.93
, DistFront, 115.60, DistDow, 115.39, DistUp, 120.12
, DistFront, 115.05, DistDow, 115.31, DistUp, 118.45
, DistFrontMean, 115.46, DistDowMean, 115.77, DistUpMean, 120.05
, DistFront, 115.10, DistDow, 116.60, DistUp, 118.35
, DistFront, 115.46, DistDow, 116.17, DistUp, 120.07
, DistFront, 115.54, DistDow, 115.34, DistUp, 119.66
, DistFront, 115.19, DistDow, 116.38, DistUp, 117.06
, DistFront, 115.12, DistDow, 115.39, DistUp, 118.96
, DistFront, 115.31, DistDow, 116.75, DistUp, 118.49
, DistFront, 115.34, DistDow, 115.66, DistUp, 118.52
, DistFront, 115.20, DistDow, 116.41, DistUp, 119.40
, DistFront, 115.73, DistDow, 116.46, DistUp, 118.59
, DistFront, 115.43, DistDow, 115.60, DistUp, 118.16
, DistFront, 115.32, DistDow, 115.75, DistUp, 118.16
, DistFront, 115.37, DistDow, 116.12, DistUp, 119.05
, DistFront, 115.82, DistDow, 115.68, DistUp, 119.05
, DistFront, 115.46, DistDow, 115.75, DistUp, 118.64
, DistFront, 115.34, DistDow, 115.73, DistUp, 118.61
, DistFront, 115.75, DistDow, 116.48, DistUp, 118.62
, DistFront, 115.41, DistDow, 115.56, DistUp, 119.47
, DistFront, 115.70, DistDow, 115.63, DistUp, 119.03
, DistFront, 116.09, DistDow, 116.39, DistUp, 119.85
, DistFront, 115.31, DistDow, 116.38, DistUp, 118.59
, DistFrontMean, 115.77, DistDowMean, 115.95, DistUpMean, 118.16
, DistFront, 116.17, DistDow, 115.95, DistUp, 119.00
, DistFront, 115.66, DistDow, 116.04, DistUp, 118.55
, DistFront, 116.09, DistDow, 115.53, DistUp, 119.98
, DistFront, 115.73, DistDow, 116.46, DistUp, 119.03
, DistFront, 116.28, DistDow, 115.60, DistUp, 119.91
, DistFront, 115.37, DistDow, 116.21, DistUp, 119.54
, DistFront, 115.85, DistDow, 116.17, DistUp, 119.69
, DistFront, 115.46, DistDow, 115.77, DistUp, 118.35
, DistFront, 116.05, DistDow, 115.92, DistUp, 119.25
, DistFront, 115.61, DistDow, 116.85, DistUp, 120.20
, DistFront, 116.50, DistDow, 116.90, DistUp, 118.96
, DistFront, 115.77, DistDow, 116.11, DistUp, 118.98
, DistFront, 115.77, DistDow, 116.09, DistUp, 118.64
, DistFront, 116.26, DistDow, 116.60, DistUp, 120.12
, DistFront, 115.85, DistDow, 116.17, DistUp, 118.76
, DistFront, 116.46, DistDow, 116.68, DistUp, 119.69
, DistFront, 116.11, DistDow, 117.18, DistUp, 118.89
, DistFront, 116.62, DistDow, 116.33, DistUp, 119.40
, DistFront, 117.53, DistDow, 116.89, DistUp, 120.37
, DistFront, 116.77, DistDow, 117.40, DistUp, 119.59
, DistFrontMean, 116.82, DistDowMean, 117.45, DistUpMean, 122.62
, DistFront, 116.77, DistDow, 116.62, DistUp, 119.71
, DistFront, 116.84, DistDow, 117.16, DistUp, 119.35
, DistFront, 116.50, DistDow, 117.70, DistUp, 119.85
, DistFront, 116.62, DistDow, 116.97, DistUp, 119.97
, DistFront, 117.57, DistDow, 116.97, DistUp, 120.46
, DistFront, 117.28, DistDow, 117.48, DistUp, 120.12
, DistFront, 116.82, DistDow, 117.16, DistUp, 120.17
, DistFront, 117.31, DistDow, 117.28, DistUp, 120.66
, DistFront, 117.06, DistDow, 117.21, DistUp, 120.73
, DistFront, 117.45, DistDow, 117.28, DistUp, 120.77
, DistFront, 117.06, DistDow, 117.93, DistUp, 122.98
, DistFront, 117.99, DistDow, 117.45, DistUp, 120.90
, DistFront, 118.49, DistDow, 118.10, DistUp, 120.54
, DistFront, 117.38, DistDow, 117.60, DistUp, 120.60
, DistFront, 118.20, DistDow, 118.10, DistUp, 120.19
, DistFront, 117.81, DistDow, 118.18, DistUp, 121.53
, DistFront, 117.41, DistDow, 117.76, DistUp, 120.68
, DistFront, 117.91, DistDow, 117.87, DistUp, 122.02
, DistFront, 117.47, DistDow, 118.78, DistUp, 121.17
, DistFront, 117.91, DistDow, 118.28, DistUp, 121.17
, DistFrontMean, 117.09, DistDowMean, 118.27, DistUpMean, 120.27
, DistFront, 117.93, DistDow, 117.81, DistUp, 120.75
, DistFront, 117.91, DistDow, 118.25, DistUp, 120.27
, DistFront, 117.45, DistDow, 118.76, DistUp, 120.70
, DistFront, 117.41, DistDow, 118.20, DistUp, 121.11
, DistFront, 117.40, DistDow, 118.27, DistUp, 121.89
, DistFront, 117.47, DistDow, 118.98, DistUp, 120.99
, DistFront, 117.74, DistDow, 118.16, DistUp, 122.24
, DistFront, 117.76, DistDow, 117.53, DistUp, 120.85
, DistFront, 117.60, DistDow, 117.91, DistUp, 120.78
, DistFront, 117.11, DistDow, 118.81, DistUp, 121.14
, DistFront, 117.45, DistDow, 118.18, DistUp, 120.63
, DistFront, 117.35, DistDow, 117.69, DistUp, 120.14
, DistFront, 117.28, DistDow, 117.69, DistUp, 119.61
, DistFront, 116.75, DistDow, 117.53, DistUp, 119.95
, DistFront, 116.82, DistDow, 117.48, DistUp, 119.46
, DistFront, 116.62, DistDow, 116.90, DistUp, 120.70
, DistFront, 116.97, DistDow, 117.26, DistUp, 119.83
, DistFront, 117.31, DistDow, 116.73, DistUp, 119.69
, DistFront, 116.82, DistDow, 116.77, DistUp, 119.54
, DistFront, 116.77, DistDow, 116.80, DistUp, 119.97
, DistFrontMean, 116.77, DistDowMean, 116.67, DistUpMean, 119.56
, DistFront, 116.34, DistDow, 116.77, DistUp, 119.97
, DistFront, 117.19, DistDow, 117.53, DistUp, 119.49
, DistFront, 117.24, DistDow, 117.09, DistUp, 119.49
, DistFront, 116.82, DistDow, 117.06, DistUp, 120.75
, DistFront, 116.70, DistDow, 117.91, DistUp, 118.98
, DistFront, 116.26, DistDow, 117.48, DistUp, 119.12
, DistFront, 116.24, DistDow, 117.47, DistUp, 120.73
, DistFront, 116.68, DistDow, 117.91, DistUp, 119.47
, DistFront, 117.13, DistDow, 117.06, DistUp, 119.03
, DistFront, 116.28, DistDow, 116.60, DistUp, 119.47
, DistFront, 117.57, DistDow, 116.62, DistUp, 119.46
, DistFront, 116.77, DistDow, 116.82, DistUp, 119.00
, DistFront, 116.41, DistDow, 116.89, DistUp, 119.97
, DistFront, 116.39, DistDow, 117.33, DistUp, 119.54
, DistFront, 116.02, DistDow, 117.67, DistUp, 120.92
, DistFront, 117.40, DistDow, 117.69, DistUp, 120.53
, DistFront, 116.90, DistDow, 117.28, DistUp, 119.69
, DistFront, 116.99, DistDow, 116.89, DistUp, 120.19
, DistFront, 116.67, DistDow, 117.02, DistUp, 120.34
, DistFront, 117.19, DistDow, 118.13, DistUp, 119.49
, DistFrontMean, 117.28, DistDowMean, 117.84, DistUpMean, 121.28
, DistFront, 118.25, DistDow, 118.67, DistUp, 120.24
, DistFront, 117.55, DistDow, 117.53, DistUp, 119.76
, DistFront, 117.31, DistDow, 118.10, DistUp, 119.35
, DistFront, 118.55, DistDow, 119.05, DistUp, 119.90
, DistFront, 117.26, DistDow, 118.25, DistUp, 120.17
, DistFront, 116.82, DistDow, 117.55, DistUp, 119.20
, DistFront, 117.16, DistDow, 117.48, DistUp, 119.66
, DistFront, 117.45, DistDow, 118.33, DistUp, 119.68
, DistFront, 116.96, DistDow, 118.38, DistUp, 119.56
, DistFront, 117.87, DistDow, 118.23, DistUp, 119.05
, DistFront, 116.90, DistDow, 118.25, DistUp, 119.03
, DistFront, 116.97, DistDow, 117.91, DistUp, 119.97
, DistFront, 116.97, DistDow, 117.91, DistUp, 118.62
, DistFront, 117.04, DistDow, 117.60, DistUp, 119.06
, DistFront, 116.67, DistDow, 118.04, DistUp, 118.76
, DistFront, 117.16, DistDow, 118.54, DistUp, 119.56
, DistFront, 117.13, DistDow, 118.62, DistUp, 119.95
, DistFront, 117.52, DistDow, 117.60, DistUp, 120.34
, DistFront, 117.02, DistDow, 117.99, DistUp, 120.75
, DistFront, 117.04, DistDow, 117.52, DistUp, 119.42
, DistFrontMean, 118.28, DistDowMean, 118.06, DistUpMean, 121.14
, DistFront, 117.09, DistDow, 118.78, DistUp, 121.12
, DistFront, 116.84, DistDow, 118.62, DistUp, 118.91
, DistFront, 116.73, DistDow, 118.49, DistUp, 119.68
, DistFront, 117.06, DistDow, 118.33, DistUp, 119.61
, DistFront, 117.13, DistDow, 117.89, DistUp, 120.02
, DistFront, 116.67, DistDow, 117.48, DistUp, 119.61
, DistFront, 117.40, DistDow, 117.45, DistUp, 120.02
, DistFront, 117.82, DistDow, 117.84, DistUp, 119.18
, DistFront, 116.53, DistDow, 117.77, DistUp, 119.61
, DistFront, 116.53, DistDow, 117.81, DistUp, 119.17
, DistFront, 116.24, DistDow, 117.84, DistUp, 119.20
, DistFront, 117.06, DistDow, 117.04, DistUp, 119.69
, DistFront, 117.13, DistDow, 117.98, DistUp, 119.34
, DistFront, 117.13, DistDow, 117.53, DistUp, 119.85
, DistFront, 117.18, DistDow, 118.10, DistUp, 119.00
, DistFront, 117.19, DistDow, 118.03, DistUp, 119.91
, DistFront, 116.97, DistDow, 117.28, DistUp, 120.43
, DistFront, 116.96, DistDow, 118.25, DistUp, 120.17
, DistFront, 117.87, DistDow, 118.35, DistUp, 121.04
, DistFront, 118.03, DistDow, 117.45, DistUp, 119.35
, DistFrontMean, 117.11, DistDowMean, 117.93, DistUpMean, 119.81
, DistFront, 117.11, DistDow, 118.40, DistUp, 120.26
, DistFront, 117.21, DistDow, 117.60, DistUp, 119.88
, DistFront, 118.52, DistDow, 118.20, DistUp, 119.95
, DistFront, 117.40, DistDow, 117.69, DistUp, 120.88
, DistFront, 117.76, DistDow, 118.61, DistUp, 120.03
, DistFront, 117.93, DistDow, 118.18, DistUp, 120.02
, DistFront, 117.35, DistDow, 117.77, DistUp, 120.48
, DistFront, 118.78, DistDow, 117.81, DistUp, 120.07
, DistFront, 117.40, DistDow, 119.06, DistUp, 120.10
, DistFront, 117.93, DistDow, 117.77, DistUp, 120.90
, DistFront, 117.35, DistDow, 117.76, DistUp, 120.48
, DistFront, 118.18, DistDow, 117.70, DistUp, 120.88
, DistFront, 117.84, DistDow, 117.67, DistUp, 120.83
, DistFront, 117.70, DistDow, 118.10, DistUp, 119.98
, DistFront, 117.26, DistDow, 118.52, DistUp, 120.02
, DistFront, 117.26, DistDow, 118.52, DistUp, 120.12
, DistFront, 117.28, DistDow, 117.76, DistUp, 120.02
, DistFront, 116.97, DistDow, 117.60, DistUp, 120.48
, DistFront, 117.74, DistDow, 118.11, DistUp, 120.02
, DistFront, 117.70, DistDow, 117.74, DistUp, 120.02
, DistFrontMean, 117.74, DistDowMean, 118.10, DistUpMean, 121.33
, DistFront, 117.74, DistDow, 117.64, DistUp, 120.03
, DistFront, 117.26, DistDow, 118.49, DistUp, 120.88
, DistFront, 117.38, DistDow, 117.60, DistUp, 120.41
, DistFront, 117.21, DistDow, 118.47, DistUp, 120.85
, DistFront, 117.21, DistDow, 118.10, DistUp, 121.26
, DistFront, 117.62, DistDow, 118.40, DistUp, 121.24
, DistFront, 117.62, DistDow, 118.10, DistUp, 119.91
, DistFront, 118.54, DistDow, 117.48, DistUp, 119.46
, DistFront, 117.18, DistDow, 117.41, DistUp, 119.91
, DistFront, 117.57, DistDow, 117.91, DistUp, 121.21
, DistFront, 117.55, DistDow, 117.41, DistUp, 120.37
, DistFront, 117.57, DistDow, 118.35, DistUp, 119.91
, DistFront, 117.74, DistDow, 118.40, DistUp, 120.82
, DistFront, 118.47, DistDow, 118.40, DistUp, 121.68
, DistFront, 117.67, DistDow, 118.10, DistUp, 120.41
, DistFront, 117.67, DistDow, 117.60, DistUp, 120.02
, DistFront, 118.11, DistDow, 117.60, DistUp, 120.46
, DistFront, 117.70, DistDow, 118.04, DistUp, 120.46
, DistFront, 117.26, DistDow, 118.10, DistUp, 120.46
, DistFront, 117.28, DistDow, 118.52, DistUp, 120.46
, DistFrontMean, 117.26, DistDowMean, 117.64, DistUpMean, 120.41
, DistFront, 117.70, DistDow, 118.06, DistUp, 120.02
, DistFront, 117.26, DistDow, 118.47, DistUp, 124.66
, DistFront, 118.04, DistDow, 117.55, DistUp, 120.37
, DistFront, 117.64, DistDow, 118.06, DistUp, 120.78
, DistFront, 118.55, DistDow, 117.96, DistUp, 119.88
, DistFront, 117.16, DistDow, 118.35, DistUp, 121.14
, DistFront, 118.38, DistDow, 117.55, DistUp, 120.73
, DistFront, 117.18, DistDow, 117.40, DistUp, 119.76
, DistFront, 117.48, DistDow, 118.27, DistUp, 120.17
, DistFront, 117.89, DistDow, 117.47, DistUp, 119.78
, DistFront, 117.04, DistDow, 118.27, DistUp, 119.74
, DistFront, 117.04, DistDow, 117.35, DistUp, 119.76
, DistFront, 117.48, DistDow, 118.27, DistUp, 121.12
, DistFront, 117.52, DistDow, 117.99, DistUp, 119.83
, DistFront, 117.67, DistDow, 117.96, DistUp, 121.17
, DistFront, 117.60, DistDow, 117.98, DistUp, 121.68
, DistFront, 118.49, DistDow, 117.57, DistUp, 121.70
, DistFront, 117.26, DistDow, 118.49, DistUp, 120.02
, DistFront, 117.28, DistDow, 117.62, DistUp, 120.03
, DistFront, 117.35, DistDow, 117.67, DistUp, 120.95
, DistFrontMean, 117.35, DistDowMean, 117.64, DistUpMean, 122.24
, DistFront, 117.89, DistDow, 117.70, DistUp, 120.99
, DistFront, 117.38, DistDow, 117.69, DistUp, 120.70
, DistFront, 117.40, DistDow, 118.74, DistUp, 121.04
, DistFront, 117.45, DistDow, 117.76, DistUp, 120.24
, DistFront, 117.91, DistDow, 118.81, DistUp, 120.73
, DistFront, 117.96, DistDow, 119.17, DistUp, 120.27
, DistFront, 117.52, DistDow, 118.40, DistUp, 120.78
, DistFront, 117.57, DistDow, 118.35, DistUp, 120.37
, DistFront, 118.04, DistDow, 118.49, DistUp, 120.88
, DistFront, 117.64, DistDow, 118.42, DistUp, 121.75
, DistFront, 117.70, DistDow, 118.52, DistUp, 120.49
, DistFront, 118.16, DistDow, 118.54, DistUp, 120.95
, DistFront, 118.23, DistDow, 118.61, DistUp, 121.41
, DistFront, 118.64, DistDow, 118.25, DistUp, 120.49
, DistFront, 117.91, DistDow, 118.16, DistUp, 121.34
, DistFront, 118.23, DistDow, 119.03, DistUp, 122.19
, DistFront, 118.61, DistDow, 119.05, DistUp, 120.88
, DistFront, 119.00, DistDow, 118.59, DistUp, 120.37
, DistFront, 117.76, DistDow, 118.61, DistUp, 121.67
, DistFront, 117.74, DistDow, 118.62, DistUp, 120.78
, DistFrontMean, 117.76, DistDowMean, 118.62, DistUpMean, 120.34
, DistFront, 119.03, DistDow, 119.63, DistUp, 122.06
, DistFront, 118.64, DistDow, 118.62, DistUp, 120.78
, DistFront, 117.89, DistDow, 118.67, DistUp, 120.83
, DistFront, 117.89, DistDow, 118.76, DistUp, 121.34
, DistFront, 119.34, DistDow, 119.25, DistUp, 121.38
, DistFront, 119.25, DistDow, 119.71, DistUp, 122.31
, DistFront, 118.45, DistDow, 118.88, DistUp, 120.12
, DistFront, 118.10, DistDow, 118.42, DistUp, 121.46
, DistFront, 118.38, DistDow, 118.83, DistUp, 120.99
, DistFront, 119.20, DistDow, 118.81, DistUp, 120.10
, DistFront, 117.91, DistDow, 119.20, DistUp, 120.53
, DistFront, 118.47, DistDow, 118.78, DistUp, 120.99
, DistFront, 118.81, DistDow, 118.47, DistUp, 121.02
, DistFront, 117.99, DistDow, 119.27, DistUp, 121.05
, DistFront, 118.06, DistDow, 119.42, DistUp, 120.54
, DistFront, 118.10, DistDow, 118.59, DistUp, 120.61
, DistFront, 118.16, DistDow, 119.13, DistUp, 121.68
, DistFront, 118.61, DistDow, 118.55, DistUp, 120.82
, DistFront, 118.62, DistDow, 118.64, DistUp, 122.06
, DistFront, 118.11, DistDow, 118.55, DistUp, 121.14
, DistFrontMean, 118.98, DistDowMean, 119.06, DistUpMean, 120.12
, DistFront, 118.11, DistDow, 119.10, DistUp, 120.05
, DistFront, 118.59, DistDow, 119.12, DistUp, 121.34
, DistFront, 118.54, DistDow, 119.06, DistUp, 120.53
, DistFront, 118.96, DistDow, 119.10, DistUp, 120.49
, DistFront, 118.04, DistDow, 119.05, DistUp, 121.38
, DistFront, 118.52, DistDow, 120.34, DistUp, 120.49
, DistFront, 57.26, DistDow, 57.60, DistUp, 61.84
, DistFront, 57.70, DistDow, 57.93, DistUp, 61.77
, DistFront, 43.67, DistDow, 8.52, DistUp, 43.45
, DistFront, 57.76, DistDow, 58.10, DistUp, 63.13
, DistFront, 57.70, DistDow, 58.03, DistUp, 61.89
, DistFront, 57.82, DistDow, 58.59, DistUp, 62.41
, DistFront, 57.87, DistDow, 58.10, DistUp, 63.18
, DistFront, 57.77, DistDow, 58.59, DistUp, 61.53
, DistFront, 58.32, DistDow, 58.23, DistUp, 62.48
, DistFront, 44.13, DistDow, 58.13, DistUp, 62.38
, DistFront, 44.25, DistDow, 8.23, DistUp, 43.91
, DistFront, 57.91, DistDow, 58.62, DistUp, 62.48
, DistFront, 57.82, DistDow, 58.11, DistUp, 61.97
, DistFront, 57.93, DistDow, 58.69, DistUp, 62.48
, DistFront, 58.35, DistDow, 58.61, DistUp, 61.97
, DistFront, 58.27, DistDow, 58.59, DistUp, 61.97
, DistFront, 58.35, DistDow, 58.28, DistUp, 61.21
, DistFront, 57.82, DistDow, 58.98, DistUp, 61.53
, DistFront, 44.25, DistDow, 58.25, DistUp, 63.62
, DistFront, 57.87, DistDow, 58.20, DistUp, 62.02
, DistFrontMean, 57.84, DistDowMean, 58.06, DistUpMean, 62.33
, DistFront, 58.13, DistDow, 58.47, DistUp, 62.70
, DistFront, 58.23, DistDow, 58.13, DistUp, 62.82
, DistFront, 57.77, DistDow, 58.10, DistUp, 62.28
, DistFront, 57.67, DistDow, 57.98, DistUp, 63.13
, DistFront, 58.23, DistDow, 58.54, DistUp, 62.82
, DistFront, 57.82, DistDow, 58.54, DistUp, 63.18
, DistFront, 57.70, DistDow, 58.03, DistUp, 62.77
, DistFront, 57.82, DistDow, 58.13, DistUp, 62.48
, DistFront, 58.27, DistDow, 58.59, DistUp, 63.67
, DistFront, 58.25, DistDow, 58.47, DistUp, 63.27
, DistFront, 58.23, DistDow, 58.10, DistUp, 195.43
, DistFront, 57.81, DistDow, 58.11, DistUp, 63.78
, DistFront, 58.35, DistDow, 58.55, DistUp, 62.96
, DistFront, 57.87, DistDow, 59.00, DistUp, 62.53
, DistFront, 57.99, DistDow, 58.32, DistUp, 63.06
, DistFront, 57.99, DistDow, 58.32, DistUp, 62.13
, DistFront, 58.35, DistDow, 58.62, DistUp, 62.96
, DistFront, 57.96, DistDow, 58.38, DistUp, 7.13
, DistFront, 57.93, DistDow, 58.78, DistUp, 7.13
, DistFront, 58.10, DistDow, 58.83, DistUp, 62.24
, DistFrontMean, 58.10, DistDowMean, 58.71, DistUpMean, 62.55
, DistFront, 57.98, DistDow, 58.67, DistUp, 62.13
, DistFront, 44.56, DistDow, 58.81, DistUp, 62.21
, DistFront, 58.03, DistDow, 58.33, DistUp, 63.49
, DistFront, 58.42, DistDow, 59.13, DistUp, 62.52
, DistFront, 57.98, DistDow, 58.18, DistUp, 62.53
, DistFront, 57.87, DistDow, 58.18, DistUp, 195.61
, DistFront, 57.98, DistDow, 58.28, DistUp, 196.45
, DistFront, 58.03, DistDow, 58.23, DistUp, 3.28
, DistFront, 58.40, DistDow, 58.33, DistUp, 63.06
, DistFront, 58.06, DistDow, 58.35, DistUp, 62.11
, DistFront, 57.96, DistDow, 58.28, DistUp, 61.68
, DistFront, 58.52, DistDow, 58.84, DistUp, 62.24
, DistFront, 58.11, DistDow, 58.42, DistUp, 61.82
, DistFront, 58.03, DistDow, 58.33, DistUp, 62.11
, DistFront, 44.32, DistDow, 58.47, DistUp, 7.13
, DistFront, 58.11, DistDow, 58.42, DistUp, 62.18
, DistFront, 58.03, DistDow, 58.33, DistUp, 62.60
, DistFront, 44.05, DistDow, 58.89, DistUp, 62.60
, DistFront, 58.13, DistDow, 58.45, DistUp, 62.69
, DistFront, 58.13, DistDow, 58.32, DistUp, 62.99
, DistFrontMean, 57.99, DistDowMean, 58.32, DistUpMean, 62.57
, DistFront, 58.10, DistDow, 58.83, DistUp, 62.57
, DistFront, 58.52, DistDow, 58.83, DistUp, 62.69
, DistFront, 58.52, DistDow, 58.28, DistUp, 62.18
, DistFront, 57.98, DistDow, 58.32, DistUp, 62.19
, DistFront, 58.11, DistDow, 58.42, DistUp, 62.70
, DistFront, 58.11, DistDow, 58.32, DistUp, 62.21
, DistFront, 57.99, DistDow, 58.32, DistUp, 63.06
, DistFront, 58.49, DistDow, 59.30, DistUp, 63.06
, DistFront, 58.55, DistDow, 58.88, DistUp, 62.77
, DistFront, 58.13, DistDow, 58.47, DistUp, 62.67
, DistFront, 58.06, DistDow, 58.38, DistUp, 63.10
, DistFront, 58.04, DistDow, 58.49, DistUp, 7.13
, DistFront, 58.16, DistDow, 58.89, DistUp, 63.18
, DistFront, 58.55, DistDow, 58.71, DistUp, 64.34
, DistFront, 57.99, DistDow, 58.28, DistUp, 63.88
, DistFront, 58.38, DistDow, 58.67, DistUp, 62.16
, DistFront, 58.47, DistDow, 58.76, DistUp, 63.47
, DistFront, 58.45, DistDow, 59.23, DistUp, 62.67
, DistFront, 58.11, DistDow, 58.32, DistUp, 7.04
, DistFront, 58.10, DistDow, 58.84, DistUp, 62.69
, DistFrontMean, 58.11, DistDowMean, 58.89, DistUpMean, 62.26
, DistFront, 58.55, DistDow, 58.91, DistUp, 62.19
, DistFront, 58.04, DistDow, 58.40, DistUp, 63.91
, DistFront, 58.10, DistDow, 58.88, DistUp, 62.67
, DistFront, 58.25, DistDow, 58.98, DistUp, 61.92
, DistFront, 58.27, DistDow, 58.96, DistUp, 61.85
, DistFront, 58.13, DistDow, 58.47, DistUp, 62.26
, DistFront, 58.16, DistDow, 58.59, DistUp, 63.10
, DistFront, 58.23, DistDow, 58.55, DistUp, 7.13
, DistFront, 58.23, DistDow, 58.42, DistUp, 61.84
, DistFront, 58.18, DistDow, 58.54, DistUp, 63.06
, DistFront, 58.62, DistDow, 58.54, DistUp, 61.92
, DistFront, 58.11, DistDow, 58.84, DistUp, 61.84
, DistFront, 58.10, DistDow, 58.95, DistUp, 7.16
, DistFront, 58.20, DistDow, 59.39, DistUp, 61.92
, DistFront, 44.81, DistDow, 58.59, DistUp, 62.67
, DistFront, 58.64, DistDow, 58.59, DistUp, 61.92
, DistFront, 58.20, DistDow, 58.98, DistUp, 62.31
, DistFront, 58.10, DistDow, 58.89, DistUp, 62.21
, DistFront, 58.11, DistDow, 58.61, DistUp, 61.77
, DistFront, 58.61, DistDow, 59.39, DistUp, 62.28
, DistFrontMean, 58.20, DistDowMean, 58.91, DistUpMean, 62.57
, DistFront, 58.59, DistDow, 59.27, DistUp, 62.57
, DistFront, 58.04, DistDow, 58.84, DistUp, 62.11
, DistFront, 45.31, DistDow, 58.89, DistUp, 62.53
, DistFront, 58.52, DistDow, 59.30, DistUp, 62.57
, DistFront, 58.06, DistDow, 58.74, DistUp, 62.02
, DistFront, 57.89, DistDow, 58.67, DistUp, 62.41
, DistFront, 57.96, DistDow, 58.76, DistUp, 62.09
, DistFront, 57.91, DistDow, 58.59, DistUp, 62.38
, DistFront, 57.87, DistDow, 58.25, DistUp, 61.17
, DistFront, 57.87, DistDow, 58.20, DistUp, 62.76
, DistFront, 57.70, DistDow, 58.89, DistUp, 63.13
, DistFront, 58.20, DistDow, 58.13, DistUp, 61.96
, DistFront, 57.76, DistDow, 58.10, DistUp, 62.21
, DistFront, 58.06, DistDow, 58.38, DistUp, 62.62
, DistFront, 57.74, DistDow, 58.04, DistUp, 63.16
, DistFront, 57.70, DistDow, 58.33, DistUp, 61.73
, DistFront, 57.55, DistDow, 58.45, DistUp, 61.80
, DistFront, 58.06, DistDow, 57.98, DistUp, 61.68
, DistFront, 57.52, DistDow, 58.78, DistUp, 7.16
, DistFront, 58.03, DistDow, 57.82, DistUp, 62.04
, DistFrontMean, 57.48, DistDowMean, 57.91, DistUpMean, 7.16
, DistFront, 57.55, DistDow, 57.91, DistUp, 61.28
, DistFront, 57.40, DistDow, 58.18, DistUp, 61.17
, DistFront, 57.93, DistDow, 58.27, DistUp, 62.11
, DistFront, 57.82, DistDow, 58.16, DistUp, 61.99
, DistFront, 57.48, DistDow, 58.25, DistUp, 61.67
, DistFront, 57.48, DistDow, 58.10, DistUp, 61.99
, DistFront, 57.48, DistDow, 58.23, DistUp, 60.85
, DistFront, 57.40, DistDow, 58.11, DistUp, 62.02
, DistFront, 57.52, DistDow, 58.23, DistUp, 61.70
, DistFront, 57.52, DistDow, 58.59, DistUp, 61.62
, DistFront, 44.54, DistDow, 58.67, DistUp, 62.47
, DistFront, 57.93, DistDow, 57.84, DistUp, 62.16
, DistFront, 57.40, DistDow, 58.13, DistUp, 62.04
, DistFront, 57.53, DistDow, 57.84, DistUp, 61.28
, DistFront, 57.81, DistDow, 58.13, DistUp, 62.45
, DistFront, 57.48, DistDow, 58.18, DistUp, 62.09
, DistFront, 57.47, DistDow, 58.10, DistUp, 62.38
, DistFront, 57.41, DistDow, 58.13, DistUp, 62.89
, DistFront, 57.41, DistDow, 58.04, DistUp, 61.92
, DistFront, 57.70, DistDow, 58.16, DistUp, 61.60
, DistFrontMean, 57.77, DistDowMean, 58.54, DistUpMean, 61.56
, DistFront, 57.35, DistDow, 58.52, DistUp, 61.89
, DistFront, 57.26, DistDow, 58.06, DistUp, 62.28
, DistFront, 57.31, DistDow, 58.47, DistUp, 61.84
, DistFront, 57.19, DistDow, 58.04, DistUp, 61.92
, DistFront, 57.28, DistDow, 57.62, DistUp, 61.82
, DistFront, 57.26, DistDow, 57.60, DistUp, 61.90
, DistFront, 57.26, DistDow, 57.84, DistUp, 61.34
, DistFront, 57.26, DistDow, 57.98, DistUp, 61.46
, DistFront, 57.26, DistDow, 57.47, DistUp, 61.38
, DistFront, 57.26, DistDow, 57.96, DistUp, 61.85
, DistFront, 57.55, DistDow, 57.87, DistUp, 61.34
, DistFront, 57.21, DistDow, 57.52, DistUp, 62.28
, DistFront, 57.11, DistDow, 57.82, DistUp, 61.77
, DistFront, 57.26, DistDow, 57.55, DistUp, 62.74
, DistFront, 57.26, DistDow, 57.93, DistUp, 61.77
, DistFront, 57.33, DistDow, 58.47, DistUp, 61.53
, DistFront, 57.21, DistDow, 58.38, DistUp, 61.38
, DistFront, 57.76, DistDow, 58.10, DistUp, 62.38
, DistFront, 57.38, DistDow, 57.62, DistUp, 61.89
, DistFront, 57.82, DistDow, 57.70, DistUp, 61.99
, DistFrontMean, 57.40, DistDowMean, 58.59, DistUpMean, 61.92
, DistFront, 57.47, DistDow, 58.06, DistUp, 64.49
, DistFront, 57.48, DistDow, 58.28, DistUp, 3.38
, DistFront, 57.89, DistDow, 58.23, DistUp, 63.47
, DistFront, 45.27, DistDow, 6.50, DistUp, 45.85
, DistFront, 57.69, DistDow, 57.98, DistUp, 195.19
, DistFront, 58.04, DistDow, 57.98, DistUp, 7.16
, DistFront, 57.76, DistDow, 57.91, DistUp, 64.00
, DistFront, 57.69, DistDow, 58.35, DistUp, 62.35
, DistFront, 57.81, DistDow, 58.49, DistUp, 62.48
, DistFront, 57.77, DistDow, 58.06, DistUp, 62.91
, DistFront, 57.81, DistDow, 57.96, DistUp, 61.97
, DistFront, 44.46, DistDow, 58.06, DistUp, 62.82
, DistFront, 57.82, DistDow, 58.49, DistUp, 62.93
, DistFront, 57.76, DistDow, 57.93, DistUp, 63.18
, DistFront, 57.60, DistDow, 57.98, DistUp, 62.28
, DistFront, 57.67, DistDow, 58.33, DistUp, 195.46
, DistFront, 57.52, DistDow, 58.23, DistUp, 63.95
, DistFront, 57.62, DistDow, 57.87, DistUp, 194.95
, DistFront, 44.18, DistDow, 57.87, DistUp, 61.41
, DistFront, 57.96, DistDow, 57.74, DistUp, 62.55
, DistFrontMean, 57.41, DistDowMean, 57.81, DistUpMean, 7.16
, DistFront, 57.53, DistDow, 58.20, DistUp, 194.00
, DistFront, 57.55, DistDow, 58.23, DistUp, 197.67
, DistFront, 57.98, DistDow, 57.82, DistUp, 195.24
, DistFront, 57.62, DistDow, 58.69, DistUp, 64.46
, DistFront, 57.60, DistDow, 58.27, DistUp, 62.77
, DistFront, 58.06, DistDow, 57.89, DistUp, 62.26
, DistFront, 57.26, DistDow, 58.25, DistUp, 64.42
, DistFront, 57.60, DistDow, 57.82, DistUp, 62.77
, DistFront, 57.70, DistDow, 57.93, DistUp, 64.47
, DistFront, 58.11, DistDow, 57.93, DistUp, 64.90
, DistFront, 57.70, DistDow, 57.93, DistUp, 64.13
, DistFront, 57.70, DistDow, 57.93, DistUp, 170.03
, DistFront, 57.70, DistDow, 58.40, DistUp, 63.71
, DistFront, 57.70, DistDow, 57.98, DistUp, 63.62
, DistFront, 57.70, DistDow, 57.89, DistUp, 195.19
, DistFront, 57.70, DistDow, 57.89, DistUp, 63.62
, DistFront, 57.64, DistDow, 57.89, DistUp, 63.27
, DistFront, 58.20, DistDow, 58.03, DistUp, 194.46
, DistFront, 57.81, DistDow, 58.03, DistUp, 196.19
, DistFront, 57.70, DistDow, 58.38, DistUp, 62.84
, DistFrontMean, 57.69, DistDowMean, 58.06, DistUpMean, 62.82
, DistFront, 57.67, DistDow, 58.06, DistUp, 7.16
, DistFront, 57.82, DistDow, 58.49, DistUp, 62.38
, DistFront, 57.64, DistDow, 57.93, DistUp, 62.38
, DistFront, 57.76, DistDow, 58.04, DistUp, 63.28
, DistFront, 57.76, DistDow, 58.03, DistUp, 64.42
, DistFront, 58.11, DistDow, 58.27, DistUp, 62.21
, DistFront, 58.04, DistDow, 57.91, DistUp, 61.85
, DistFront, 57.45, DistDow, 57.82, DistUp, 7.16
, DistFront, 43.74, DistDow, 57.77, DistUp, 61.24
, DistFront, 57.81, DistDow, 58.03, DistUp, 61.02
, DistFront, 57.31, DistDow, 58.03, DistUp, 61.89
, DistFront, 43.49, DistDow, 57.47, DistUp, 61.26
, DistFront, 43.18, DistDow, 57.52, DistUp, 64.32
, DistFront, 43.40, DistDow, 57.38, DistUp, 60.73
, DistFront, 42.99, DistDow, 57.84, DistUp, 61.63
, DistFront, 57.35, DistDow, 58.25, DistUp, 61.12
, DistFront, 43.35, DistDow, 57.35, DistUp, 60.99
, DistFront, 44.13, DistDow, 57.74, DistUp, 60.24
, DistFront, 43.16, DistDow, 57.21, DistUp, 60.97
, DistFront, 43.76, DistDow, 57.77, DistUp, 63.62
, DistFrontMean, 57.02, DistDowMean, 57.35, DistUpMean, 7.04
, DistFront, 56.90, DistDow, 57.38, DistUp, 7.13
, DistFront, 43.28, DistDow, 57.24, DistUp, 7.13
, DistFront, 43.25, DistDow, 57.55, DistUp, 62.53
, DistFront, 57.26, DistDow, 57.62, DistUp, 7.13
, DistFront, 43.06, DistDow, 57.53, DistUp, 61.68
, DistFront, 43.35, DistDow, 56.97, DistUp, 7.04
, DistFront, 42.99, DistDow, 57.02, DistUp, 60.19
, DistFront, 42.41, DistDow, 57.38, DistUp, 60.68
, DistFront, 56.41, DistDow, 57.24, DistUp, 61.04
, DistFront, 56.31, DistDow, 57.06, DistUp, 60.43
, DistFront, 56.34, DistDow, 56.60, DistUp, 60.82
, DistFront, 56.31, DistDow, 56.50, DistUp, 60.32
, DistFront, 56.21, DistDow, 56.97, DistUp, 60.68
, DistFront, 43.40, DistDow, 56.92, DistUp, 60.75
, DistFront, 56.12, DistDow, 56.41, DistUp, 60.68
, DistFront, 56.50, DistDow, 56.84, DistUp, 60.63
, DistFront, 55.95, DistDow, 56.38, DistUp, 7.16
, DistFront, 56.02, DistDow, 56.38, DistUp, 60.14
, DistFront, 42.26, DistDow, 56.38, DistUp, 60.12
, DistFront, 42.24, DistDow, 56.38, DistUp, 59.69
, DistFrontMean, 55.99, DistDowMean, 56.34, DistUpMean, 60.43
, DistFront, 56.34, DistDow, 56.80, DistUp, 60.53
, DistFront, 42.40, DistDow, 8.11, DistUp, 43.03
, DistFront, 42.52, DistDow, 56.45, DistUp, 7.04
, DistFront, 42.52, DistDow, 57.28, DistUp, 7.16
, DistFront, 42.96, DistDow, 56.48, DistUp, 61.50
, DistFront, 42.40, DistDow, 56.92, DistUp, 7.13
, DistFront, 56.14, DistDow, 56.92, DistUp, 7.13
, DistFront, 56.62, DistDow, 56.92, DistUp, 60.34
, DistFront, 56.14, DistDow, 56.62, DistUp, 7.13
, DistFront, 56.73, DistDow, 57.13, DistUp, 7.13
, DistFront, 42.19, DistDow, 56.84, DistUp, 7.13
, DistFront, 42.26, DistDow, 57.18, DistUp, 7.16
, DistFront, 42.76, DistDow, 57.26, DistUp, 7.04
, DistFront, 42.52, DistDow, 57.45, DistUp, 7.04
, DistFront, 56.62, DistDow, 57.04, DistUp, 7.04
, DistFront, 42.57, DistDow, 57.06, DistUp, 7.16
, DistFront, 42.11, DistDow, 57.09, DistUp, 7.16
, DistFront, 42.48, DistDow, 57.53, DistUp, 60.39
, DistFront, 42.53, DistDow, 57.04, DistUp, 7.02
, DistFront, 43.10, DistDow, 57.16, DistUp, 7.04
, DistFrontMean, 56.77, DistDowMean, 57.60, DistUpMean, 7.16
, DistFront, 56.77, DistDow, 57.99, DistUp, 7.04
, DistFront, 42.38, DistDow, 57.57, DistUp, 61.26
, DistFront, 42.74, DistDow, 58.03, DistUp, 60.41
, DistFront, 43.20, DistDow, 57.55, DistUp, 7.04
, DistFront, 43.18, DistDow, 57.57, DistUp, 7.16
, DistFront, 42.64, DistDow, 57.91, DistUp, 60.78
, DistFront, 42.98, DistDow, 57.06, DistUp, 7.13
, DistFront, 42.93, DistDow, 57.33, DistUp, 7.13
, DistFront, 56.60, DistDow, 57.33, DistUp, 7.04
, DistFront, 56.45, DistDow, 56.89, DistUp, 7.13
, DistFront, 43.59, DistDow, 56.80, DistUp, 60.46
, DistFront, 43.61, DistDow, 57.24, DistUp, 7.16
, DistFront, 42.70, DistDow, 57.18, DistUp, 7.13
, DistFront, 42.96, DistDow, 57.11, DistUp, 7.13
, DistFront, 42.47, DistDow, 57.04, DistUp, 7.13
, DistFront, 42.84, DistDow, 56.45, DistUp, 7.13
, DistFront, 41.89, DistDow, 56.39, DistUp, 7.13
, DistFront, 41.84, DistDow, 56.68, DistUp, 7.04
, DistFront, 55.85, DistDow, 57.18, DistUp, 59.56
, DistFront, 41.70, DistDow, 56.26, DistUp, 7.13
, DistFrontMean, 55.83, DistDowMean, 56.55, DistUpMean, 59.35
, DistFront, 55.70, DistDow, 56.62, DistUp, 7.13
, DistFront, 41.63, DistDow, 56.14, DistUp, 7.16
, DistFront, 41.99, DistDow, 56.09, DistUp, 7.13
, DistFront, 42.35, DistDow, 56.39, DistUp, 7.16
, DistFront, 55.53, DistDow, 55.92, DistUp, 7.16
, DistFront, 55.88, DistDow, 55.85, DistUp, 7.04
, DistFront, 41.14, DistDow, 56.14, DistUp, 59.23
, DistFront, 55.27, DistDow, 55.82, DistUp, 58.45
, DistFront, 41.50, DistDow, 56.17, DistUp, 7.13
, DistFront, 54.88, DistDow, 56.11, DistUp, 7.04
, DistFront, 55.24, DistDow, 55.56, DistUp, 58.74
, DistFront, 55.05, DistDow, 55.61, DistUp, 58.28
, DistFront, 55.14, DistDow, 55.56, DistUp, 58.13
, DistFront, 55.12, DistDow, 55.49, DistUp, 59.10
, DistFront, 55.53, DistDow, 55.53, DistUp, 58.62
, DistFront, 55.49, DistDow, 55.49, DistUp, 58.11
, DistFront, 40.85, DistDow, 55.39, DistUp, 7.16
, DistFront, 55.12, DistDow, 55.90, DistUp, 58.69
, DistFront, 55.12, DistDow, 55.49, DistUp, 7.04
, DistFront, 41.31, DistDow, 55.43, DistUp, 58.74
, DistFrontMean, 55.14, DistDowMean, 55.95, DistUpMean, 7.04
, DistFront, 55.05, DistDow, 55.95, DistUp, 59.63
, DistFront, 41.55, DistDow, 8.16, DistUp, 7.13
, DistFront, 41.17, DistDow, 8.98, DistUp, 7.02
, DistFront, 55.66, DistDow, 56.05, DistUp, 7.16
, DistFront, 55.26, DistDow, 56.05, DistUp, 59.68
, DistFront, 55.73, DistDow, 55.66, DistUp, 7.02
, DistFront, 41.19, DistDow, 55.60, DistUp, 7.04
, DistFront, 41.67, DistDow, 55.77, DistUp, 59.47
, DistFront, 42.09, DistDow, 56.19, DistUp, 7.16
, DistFront, 41.33, DistDow, 56.24, DistUp, 60.41
, DistFront, 55.43, DistDow, 56.33, DistUp, 59.63
, DistFront, 41.85, DistDow, 56.34, DistUp, 59.68
, DistFront, 55.66, DistDow, 56.05, DistUp, 7.16
, DistFront, 41.50, DistDow, 56.05, DistUp, 7.13
, DistFront, 41.19, DistDow, 56.09, DistUp, 7.13
, DistFront, 42.11, DistDow, 56.14, DistUp, 7.16
, DistFront, 42.96, DistDow, 56.17, DistUp, 7.16
, DistFront, 41.70, DistDow, 56.62, DistUp, 7.04
, DistFront, 42.55, DistDow, 56.21, DistUp, 6.19
, DistFront, 42.16, DistDow, 56.21, DistUp, 7.04
, DistFrontMean, 55.85, DistDowMean, 56.67, DistUpMean, 59.88
, DistFront, 55.85, DistDow, 56.26, DistUp, 7.04
, DistFront, 55.92, DistDow, 57.02, DistUp, 59.42
, DistFront, 41.90, DistDow, 56.33, DistUp, 7.04
, DistFront, 55.90, DistDow, 56.19, DistUp, 59.47
, DistFront, 55.97, DistDow, 57.06, DistUp, 60.32
, DistFront, 42.35, DistDow, 56.38, DistUp, 7.04
, DistFront, 55.97, DistDow, 56.67, DistUp, 7.16
, DistFront, 42.24, DistDow, 56.26, DistUp, 7.04
, DistFront, 41.85, DistDow, 56.73, DistUp, 7.04
, DistFront, 42.24, DistDow, 56.70, DistUp, 7.04
, DistFront, 41.90, DistDow, 56.73, DistUp, 7.04
, DistFront, 41.90, DistDow, 56.70, DistUp, 7.04
, DistFront, 42.35, DistDow, 56.82, DistUp, 7.04
, DistFront, 41.90, DistDow, 56.84, DistUp, 7.04
, DistFront, 41.50, DistDow, 56.82, DistUp, 7.02
, DistFront, 42.31, DistDow, 56.82, DistUp, 7.04
, DistFront, 41.85, DistDow, 56.80, DistUp, 7.04
, DistFront, 56.41, DistDow, 56.77, DistUp, 7.04
, DistFront, 41.50, DistDow, 56.38, DistUp, 7.04
, DistFront, 42.31, DistDow, 56.38, DistUp, 7.04
, DistFrontMean, 55.99, DistDowMean, 56.82, DistUpMean, 59.18
, DistFront, 56.41, DistDow, 56.80, DistUp, 60.32
, DistFront, 55.99, DistDow, 56.77, DistUp, 59.47
, DistFront, 55.97, DistDow, 56.77, DistUp, 7.02
, DistFront, 55.97, DistDow, 56.68, DistUp, 59.47
, DistFront, 41.92, DistDow, 56.38, DistUp, 7.04
, DistFront, 41.92, DistDow, 56.38, DistUp, 59.88
, DistFront, 41.89, DistDow, 56.33, DistUp, 7.04
, DistFront, 41.85, DistDow, 56.33, DistUp, 7.04
, DistFront, 55.92, DistDow, 56.73, DistUp, 7.04
, DistFront, 42.67, DistDow, 56.73, DistUp, 7.13
, DistFront, 55.92, DistDow, 56.28, DistUp, 60.39
, DistFront, 55.92, DistDow, 57.13, DistUp, 59.98
, DistFront, 42.16, DistDow, 56.33, DistUp, 7.16
, DistFront, 42.60, DistDow, 57.18, DistUp, 60.73
, DistFront, 42.70, DistDow, 56.33, DistUp, 7.04
, DistFront, 42.77, DistDow, 57.24, DistUp, 59.91
, DistFront, 42.76, DistDow, 56.41, DistUp, 7.16
, DistFront, 56.09, DistDow, 57.28, DistUp, 7.13
, DistFront, 41.46, DistDow, 56.89, DistUp, 7.16
, DistFront, 41.90, DistDow, 56.53, DistUp, 7.13
, DistFrontMean, 56.17, DistDowMean, 56.85, DistUpMean, 7.02
, DistFront, 56.17, DistDow, 56.56, DistUp, 7.16
, DistFront, 41.70, DistDow, 57.02, DistUp, 7.16
, DistFront, 42.11, DistDow, 56.62, DistUp, 7.16
, DistFront, 42.53, DistDow, 56.99, DistUp, 59.85
, DistFront, 56.14, DistDow, 56.99, DistUp, 7.16
, DistFront, 56.55, DistDow, 57.02, DistUp, 60.73
, DistFront, 56.14, DistDow, 57.47, DistUp, 59.90
, DistFront, 56.19, DistDow, 56.50, DistUp, 7.13
, DistFront, 43.35, DistDow, 56.55, DistUp, 7.04
, DistFront, 43.45, DistDow, 56.67, DistUp, 7.04
, DistFront, 42.70, DistDow, 57.06, DistUp, 60.32
, DistFront, 42.69, DistDow, 57.13, DistUp, 62.18
, DistFront, 56.28, DistDow, 56.73, DistUp, 60.97
, DistFront, 42.69, DistDow, 57.13, DistUp, 7.04
, DistFront, 43.32, DistDow, 56.84, DistUp, 7.04
, DistFront, 56.97, DistDow, 56.89, DistUp, 60.56
, DistFront, 42.87, DistDow, 56.92, DistUp, 62.41
, DistFront, 56.67, DistDow, 56.89, DistUp, 60.75
, DistFront, 56.68, DistDow, 57.09, DistUp, 7.16
, DistFront, 56.82, DistDow, 57.13, DistUp, 60.97
, DistFrontMean, 56.85, DistDowMean, 57.52, DistUpMean, 62.18
, DistFront, 56.80, DistDow, 57.57, DistUp, 61.38
, DistFront, 56.97, DistDow, 57.74, DistUp, 61.45
, DistFront, 43.69, DistDow, 57.40, DistUp, 7.16
, DistFront, 56.96, DistDow, 57.33, DistUp, 61.53
, DistFront, 57.11, DistDow, 57.47, DistUp, 61.56
, DistFront, 57.06, DistDow, 57.53, DistUp, 61.67
, DistFront, 57.62, DistDow, 57.98, DistUp, 61.21
, DistFront, 57.19, DistDow, 58.04, DistUp, 7.16
, DistFront, 57.67, DistDow, 57.93, DistUp, 61.24
, DistFront, 57.26, DistDow, 58.10, DistUp, 7.13
, DistFront, 43.11, DistDow, 57.98, DistUp, 7.04
, DistFront, 57.31, DistDow, 57.60, DistUp, 61.28
, DistFront, 57.33, DistDow, 57.74, DistUp, 7.16
, DistFront, 43.55, DistDow, 57.64, DistUp, 7.04
, DistFront, 42.81, DistDow, 57.74, DistUp, 7.04
, DistFront, 56.96, DistDow, 58.13, DistUp, 7.13
, DistFront, 42.70, DistDow, 58.03, DistUp, 7.13
, DistFront, 57.76, DistDow, 57.99, DistUp, 60.88
, DistFront, 57.33, DistDow, 58.55, DistUp, 61.84
, DistFront, 57.33, DistDow, 57.98, DistUp, 61.33
, DistFrontMean, 57.64, DistDowMean, 57.98, DistUpMean, 61.33
, DistFront, 57.18, DistDow, 58.10, DistUp, 61.45
, DistFront, 44.17, DistDow, 58.49, DistUp, 60.88
, DistFront, 44.05, DistDow, 57.52, DistUp, 61.73
, DistFront, 44.05, DistDow, 58.04, DistUp, 62.64
, DistFront, 43.52, DistDow, 58.33, DistUp, 62.09
, DistFront, 57.21, DistDow, 57.98, DistUp, 7.13
, DistFront, 43.10, DistDow, 57.48, DistUp, 61.17
, DistFront, 43.16, DistDow, 57.57, DistUp, 7.13
, DistFront, 43.32, DistDow, 57.98, DistUp, 7.13
, DistFront, 42.55, DistDow, 57.84, DistUp, 7.04
, DistFront, 43.47, DistDow, 57.53, DistUp, 7.13
, DistFront, 42.96, DistDow, 57.53, DistUp, 7.16
, DistFront, 42.96, DistDow, 57.41, DistUp, 7.04
, DistFront, 43.06, DistDow, 57.53, DistUp, 7.04
, DistFront, 43.10, DistDow, 57.53, DistUp, 7.13
, DistFront, 42.96, DistDow, 58.38, DistUp, 61.05
, DistFront, 42.67, DistDow, 57.98, DistUp, 7.02
, DistFront, 56.77, DistDow, 57.98, DistUp, 7.16
, DistFront, 42.96, DistDow, 57.57, DistUp, 61.09
, DistFront, 43.47, DistDow, 57.57, DistUp, 7.04
, DistFrontMean, 57.06, DistDowMean, 57.60, DistUpMean, 61.21
, DistFront, 57.19, DistDow, 57.99, DistUp, 7.13
, DistFront, 43.49, DistDow, 57.47, DistUp, 7.16
, DistFront, 43.16, DistDow, 57.57, DistUp, 7.04
, DistFront, 43.11, DistDow, 57.60, DistUp, 60.75
, DistFront, 42.96, DistDow, 57.87, DistUp, 7.11
, DistFront, 43.06, DistDow, 57.55, DistUp, 7.04
, DistFront, 43.03, DistDow, 57.48, DistUp, 7.13
, DistFront, 42.91, DistDow, 57.45, DistUp, 7.13
, DistFront, 56.90, DistDow, 58.13, DistUp, 7.04
, DistFront, 57.02, DistDow, 57.38, DistUp, 7.04
, DistFront, 42.98, DistDow, 57.40, DistUp, 7.13
, DistFront, 57.02, DistDow, 58.25, DistUp, 7.16
, DistFront, 56.96, DistDow, 57.84, DistUp, 7.16
, DistFront, 57.52, DistDow, 57.81, DistUp, 61.09
, DistFront, 57.16, DistDow, 57.91, DistUp, 61.26
, DistFront, 43.04, DistDow, 57.91, DistUp, 7.04
, DistFront, 57.26, DistDow, 58.06, DistUp, 62.21
, DistFront, 43.16, DistDow, 57.62, DistUp, 7.04
, DistFront, 44.17, DistDow, 57.77, DistUp, 7.04
, DistFront, 43.20, DistDow, 58.67, DistUp, 61.97
, DistFrontMean, 57.93, DistDowMean, 57.89, DistUpMean, 61.62
, DistFront, 57.57, DistDow, 57.96, DistUp, 7.13
, DistFront, 43.55, DistDow, 58.04, DistUp, 7.16
, DistFront, 43.61, DistDow, 57.98, DistUp, 7.04
, DistFront, 44.17, DistDow, 58.13, DistUp, 7.16
, DistFront, 44.10, DistDow, 58.10, DistUp, 7.04
, DistFront, 44.68, DistDow, 58.64, DistUp, 7.16
, DistFront, 44.54, DistDow, 58.13, DistUp, 7.04
, DistFront, 44.27, DistDow, 58.28, DistUp, 7.16
, DistFront, 44.13, DistDow, 59.05, DistUp, 61.89
, DistFront, 58.27, DistDow, 58.33, DistUp, 61.89
, DistFront, 57.98, DistDow, 58.76, DistUp, 62.81
, DistFront, 57.82, DistDow, 58.64, DistUp, 60.60
, DistFront, 57.93, DistDow, 58.74, DistUp, 61.11
, DistFront, 57.93, DistDow, 58.28, DistUp, 61.39
, DistFront, 44.12, DistDow, 58.59, DistUp, 7.04
, DistFront, 44.17, DistDow, 58.64, DistUp, 7.16
, DistFront, 44.05, DistDow, 58.96, DistUp, 7.04
, DistFront, 57.77, DistDow, 58.20, DistUp, 7.16
, DistFront, 44.74, DistDow, 58.03, DistUp, 62.02
, DistFront, 58.13, DistDow, 58.10, DistUp, 61.68
, DistFrontMean, 57.64, DistDowMean, 58.89, DistUpMean, 7.13
, DistFront, 57.60, DistDow, 58.32, DistUp, 61.92
, DistFront, 57.87, DistDow, 57.96, DistUp, 63.59
, DistFront, 43.91, DistDow, 58.35, DistUp, 62.40
, DistFront, 44.61, DistDow, 58.74, DistUp, 61.84
, DistFront, 44.61, DistDow, 57.82, DistUp, 7.04
, DistFront, 44.68, DistDow, 57.93, DistUp, 61.50
, DistFront, 57.84, DistDow, 58.23, DistUp, 61.41
, DistFront, 57.53, DistDow, 57.93, DistUp, 62.38
, DistFront, 57.52, DistDow, 58.33, DistUp, 61.41
, DistFront, 57.81, DistDow, 58.18, DistUp, 60.97
, DistFront, 57.48, DistDow, 58.32, DistUp, 61.53
, DistFront, 43.69, DistDow, 57.82, DistUp, 60.53
, DistFront, 57.52, DistDow, 58.33, DistUp, 7.13
, DistFront, 57.41, DistDow, 58.69, DistUp, 7.16
, DistFront, 57.53, DistDow, 58.81, DistUp, 61.38
, DistFront, 57.41, DistDow, 58.69, DistUp, 60.97
, DistFront, 57.53, DistDow, 57.98, DistUp, 60.63
, DistFront, 57.41, DistDow, 57.98, DistUp, 61.39
, DistFront, 57.53, DistDow, 58.81, DistUp, 60.63
, DistFront, 57.41, DistDow, 58.69, DistUp, 60.53
, DistFrontMean, 57.52, DistDowMean, 58.38, DistUpMean, 61.45
, DistFront, 57.52, DistDow, 57.91, DistUp, 60.48
, DistFront, 57.38, DistDow, 58.28, DistUp, 7.16
, DistFront, 57.41, DistDow, 58.20, DistUp, 60.43
, DistFront, 43.61, DistDow, 57.84, DistUp, 60.53
, DistFront, 57.38, DistDow, 58.55, DistUp, 60.82
, DistFront, 57.77, DistDow, 58.18, DistUp, 61.33
, DistFront, 57.33, DistDow, 58.04, DistUp, 60.78
, DistFront, 57.26, DistDow, 58.54, DistUp, 7.16
, DistFront, 57.18, DistDow, 57.98, DistUp, 7.04
, DistFront, 43.55, DistDow, 58.10, DistUp, 60.88
, DistFront, 43.89, DistDow, 57.98, DistUp, 61.19
, DistFront, 57.28, DistDow, 58.10, DistUp, 7.16
, DistFront, 57.28, DistDow, 58.10, DistUp, 7.16
, DistFront, 43.45, DistDow, 58.40, DistUp, 62.06
, DistFront, 44.40, DistDow, 58.49, DistUp, 61.77
, DistFront, 57.69, DistDow, 57.57, DistUp, 7.04
, DistFront, 57.31, DistDow, 57.69, DistUp, 60.83
, DistFront, 57.19, DistDow, 57.69, DistUp, 7.16
, DistFront, 57.31, DistDow, 58.42, DistUp, 61.28
, DistFront, 44.81, DistDow, 57.76, DistUp, 7.04
, DistFrontMean, 57.24, DistDowMean, 58.59, DistUpMean, 61.33
, DistFront, 57.69, DistDow, 57.77, DistUp, 7.16
, DistFront, 45.02, DistDow, 57.81, DistUp, 60.92
, DistFront, 44.17, DistDow, 58.54, DistUp, 61.39
, DistFront, 44.66, DistDow, 57.82, DistUp, 7.16
, DistFront, 44.13, DistDow, 58.13, DistUp, 7.04
, DistFront, 44.30, DistDow, 57.89, DistUp, 7.16
, DistFront, 45.05, DistDow, 58.62, DistUp, 7.04
, DistFront, 43.96, DistDow, 57.93, DistUp, 7.16
, DistFront, 44.71, DistDow, 57.87, DistUp, 6.19
, DistFront, 57.62, DistDow, 57.98, DistUp, 7.04
, DistFront, 57.91, DistDow, 58.45, DistUp, 61.68
, DistFront, 57.67, DistDow, 58.45, DistUp, 61.28
, DistFront, 57.55, DistDow, 57.98, DistUp, 61.19
, DistFront, 43.59, DistDow, 58.95, DistUp, 7.16
, DistFront, 57.60, DistDow, 58.03, DistUp, 7.02
, DistFront, 57.74, DistDow, 58.13, DistUp, 7.04
, DistFront, 43.78, DistDow, 58.11, DistUp, 61.63
, DistFront, 43.61, DistDow, 58.11, DistUp, 7.16
, DistFront, 43.45, DistDow, 58.11, DistUp, 62.02
, DistFront, 43.95, DistDow, 58.54, DistUp, 60.82
, DistFrontMean, 57.69, DistDowMean, 58.11, DistUpMean, 61.12
, DistFront, 57.64, DistDow, 58.83, DistUp, 61.53
, DistFront, 58.06, DistDow, 58.10, DistUp, 61.19
, DistFront, 57.62, DistDow, 58.89, DistUp, 61.09
, DistFront, 43.78, DistDow, 57.91, DistUp, 7.16
, DistFront, 43.47, DistDow, 58.35, DistUp, 61.85
, DistFront, 43.71, DistDow, 57.84, DistUp, 61.84
, DistFront, 57.47, DistDow, 58.28, DistUp, 60.63
, DistFront, 57.76, DistDow, 58.59, DistUp, 7.04
, DistFront, 43.71, DistDow, 57.84, DistUp, 7.16
, DistFront, 43.06, DistDow, 57.81, DistUp, 7.16
, DistFront, 43.55, DistDow, 58.49, DistUp, 60.03
, DistFront, 57.33, DistDow, 58.13, DistUp, 60.95
, DistFront, 57.74, DistDow, 57.98, DistUp, 61.24
, DistFront, 57.28, DistDow, 58.10, DistUp, 60.88
, DistFront, 57.67, DistDow, 57.93, DistUp, 61.19
, DistFront, 43.55, DistDow, 58.06, DistUp, 7.13
, DistFront, 43.45, DistDow, 57.91, DistUp, 7.04
, DistFront, 43.96, DistDow, 57.62, DistUp, 7.04
, DistFront, 57.21, DistDow, 58.03, DistUp, 7.13
, DistFront, 43.40, DistDow, 57.52, DistUp, 7.02
, DistFrontMean, 57.24, DistDowMean, 58.06, DistUpMean, 7.16
, DistFront, 57.24, DistDow, 57.96, DistUp, 7.04
, DistFront, 43.67, DistDow, 58.06, DistUp, 7.16
, DistFront, 43.98, DistDow, 57.96, DistUp, 7.04
, DistFront, 43.20, DistDow, 58.13, DistUp, 7.13
, DistFront, 43.45, DistDow, 57.74, DistUp, 7.13
, DistFront, 43.18, DistDow, 57.62, DistUp, 7.04
, DistFront, 43.32, DistDow, 58.61, DistUp, 61.80
, DistFront, 43.16, DistDow, 58.10, DistUp, 7.04
, DistFront, 43.61, DistDow, 57.69, DistUp, 60.88
, DistFront, 43.20, DistDow, 58.10, DistUp, 7.02
, DistFront, 44.17, DistDow, 57.82, DistUp, 61.85
, DistFront, 57.31, DistDow, 58.13, DistUp, 60.88
, DistFront, 43.71, DistDow, 57.82, DistUp, 60.99
, DistFront, 57.41, DistDow, 57.74, DistUp, 60.88
, DistFront, 57.45, DistDow, 58.25, DistUp, 60.60
, DistFront, 57.33, DistDow, 58.13, DistUp, 61.34
, DistFront, 57.41, DistDow, 58.25, DistUp, 60.99
, DistFront, 57.33, DistDow, 58.13, DistUp, 60.48
, DistFront, 43.32, DistDow, 57.82, DistUp, 7.16
, DistFront, 57.40, DistDow, 58.25, DistUp, 60.99
, DistFrontMean, 57.40, DistDowMean, 58.23, DistUpMean, 7.13
, DistFront, 57.40, DistDow, 58.11, DistUp, 61.28
, DistFront, 57.81, DistDow, 58.20, DistUp, 7.16
, DistFront, 57.70, DistDow, 58.10, DistUp, 60.88
, DistFront, 57.35, DistDow, 58.20, DistUp, 7.16
, DistFront, 57.69, DistDow, 58.54, DistUp, 7.13
, DistFront, 57.81, DistDow, 58.10, DistUp, 7.04
, DistFront, 42.89, DistDow, 58.62, DistUp, 60.54
, DistFront, 57.28, DistDow, 58.11, DistUp, 7.16
, DistFront, 43.32, DistDow, 58.62, DistUp, 7.04
, DistFront, 43.20, DistDow, 57.82, DistUp, 7.16
, DistFront, 43.20, DistDow, 58.54, DistUp, 60.46
, DistFront, 57.41, DistDow, 57.82, DistUp, 60.56
, DistFront, 43.20, DistDow, 58.11, DistUp, 7.04
, DistFront, 43.32, DistDow, 57.82, DistUp, 61.02
, DistFront, 43.20, DistDow, 57.70, DistUp, 7.02
, DistFront, 43.32, DistDow, 58.18, DistUp, 61.34
, DistFront, 43.16, DistDow, 57.81, DistUp, 60.88
, DistFront, 43.27, DistDow, 57.81, DistUp, 60.60
, DistFront, 57.28, DistDow, 58.49, DistUp, 61.73
, DistFront, 43.67, DistDow, 58.13, DistUp, 7.13
, DistFrontMean, 57.38, DistDowMean, 58.49, DistUpMean, 7.04
, DistFront, 57.24, DistDow, 58.61, DistUp, 60.88
, DistFront, 57.76, DistDow, 57.74, DistUp, 61.28
, DistFront, 57.67, DistDow, 57.74, DistUp, 61.39
, DistFront, 57.77, DistDow, 57.76, DistUp, 7.11
, DistFront, 57.35, DistDow, 57.76, DistUp, 7.16
, DistFront, 44.00, DistDow, 58.10, DistUp, 7.04
, DistFront, 44.52, DistDow, 58.20, DistUp, 7.16
, DistFront, 43.64, DistDow, 58.10, DistUp, 7.04
, DistFront, 43.76, DistDow, 57.82, DistUp, 7.16
, DistFront, 43.64, DistDow, 57.74, DistUp, 7.16
, DistFront, 44.23, DistDow, 58.25, DistUp, 60.99
, DistFront, 43.25, DistDow, 58.18, DistUp, 61.82
, DistFront, 57.48, DistDow, 57.89, DistUp, 7.16
, DistFront, 43.71, DistDow, 57.77, DistUp, 7.13
, DistFront, 43.40, DistDow, 58.32, DistUp, 61.02
, DistFront, 57.40, DistDow, 58.64, DistUp, 7.16
, DistFront, 57.52, DistDow, 58.35, DistUp, 60.63
, DistFront, 57.87, DistDow, 58.28, DistUp, 60.63
, DistFront, 57.98, DistDow, 58.35, DistUp, 61.19
, DistFront, 57.47, DistDow, 58.69, DistUp, 61.09
, DistFrontMean, 57.45, DistDowMean, 58.38, DistUpMean, 61.17
, DistFront, 57.55, DistDow, 58.38, DistUp, 61.17
, DistFront, 43.55, DistDow, 57.99, DistUp, 60.24
, DistFront, 57.47, DistDow, 58.40, DistUp, 60.68
, DistFront, 57.57, DistDow, 58.40, DistUp, 61.92
, DistFront, 57.47, DistDow, 58.28, DistUp, 61.53
, DistFront, 57.91, DistDow, 58.76, DistUp, 60.68
, DistFront, 43.91, DistDow, 57.98, DistUp, 7.13
, DistFront, 57.52, DistDow, 58.74, DistUp, 61.12
, DistFront, 57.62, DistDow, 58.45, DistUp, 62.09
, DistFront, 57.60, DistDow, 58.45, DistUp, 7.04
, DistFront, 57.60, DistDow, 58.03, DistUp, 7.16
, DistFront, 57.62, DistDow, 57.93, DistUp, 7.04
, DistFront, 43.52, DistDow, 58.84, DistUp, 7.13
, DistFront, 44.74, DistDow, 58.33, DistUp, 62.02
, DistFront, 57.67, DistDow, 58.04, DistUp, 7.13
, DistFront, 57.64, DistDow, 58.33, DistUp, 7.04
, DistFront, 44.40, DistDow, 58.04, DistUp, 7.13
, DistFront, 57.67, DistDow, 58.33, DistUp, 61.60
, DistFront, 44.13, DistDow, 58.88, DistUp, 61.21
, DistFront, 44.00, DistDow, 58.06, DistUp, 7.13
, DistFrontMean, 58.10, DistDowMean, 58.38, DistUpMean, 7.04
, DistFront, 57.98, DistDow, 57.98, DistUp, 61.60
, DistFront, 43.71, DistDow, 8.62, DistUp, 7.13
, DistFront, 44.39, DistDow, 57.98, DistUp, 7.04
, DistFront, 44.46, DistDow, 58.06, DistUp, 7.13
, DistFront, 43.54, DistDow, 57.98, DistUp, 7.04
, DistFront, 43.61, DistDow, 58.11, DistUp, 7.13
, DistFront, 57.55, DistDow, 57.98, DistUp, 7.16
, DistFront, 44.40, DistDow, 58.49, DistUp, 62.13
, DistFront, 43.95, DistDow, 58.33, DistUp, 7.04
, DistFront, 57.67, DistDow, 58.45, DistUp, 7.16
, DistFront, 43.45, DistDow, 58.33, DistUp, 7.04
, DistFront, 43.96, DistDow, 58.47, DistUp, 7.16
, DistFront, 57.52, DistDow, 58.76, DistUp, 61.97
, DistFront, 57.62, DistDow, 57.99, DistUp, 7.16
, DistFront, 57.62, DistDow, 58.28, DistUp, 61.14
, DistFront, 57.91, DistDow, 58.38, DistUp, 61.97
, DistFront, 58.03, DistDow, 58.40, DistUp, 61.21
, DistFront, 43.81, DistDow, 57.89, DistUp, 7.04
, DistFront, 43.45, DistDow, 58.38, DistUp, 7.13
, DistFront, 57.91, DistDow, 58.28, DistUp, 61.97
, DistFrontMean, 57.48, DistDowMean, 58.38, DistUpMean, 60.83
, DistFront, 57.60, DistDow, 58.38, DistUp, 61.68
, DistFront, 57.60, DistDow, 58.28, DistUp, 61.56
, DistFront, 57.53, DistDow, 58.40, DistUp, 61.56
, DistFront, 57.60, DistDow, 58.88, DistUp, 61.28
, DistFront, 57.62, DistDow, 58.35, DistUp, 62.04
, DistFront, 57.98, DistDow, 58.42, DistUp, 61.26
, DistFront, 57.67, DistDow, 58.89, DistUp, 62.16
, DistFront, 57.67, DistDow, 58.38, DistUp, 61.24
, DistFront, 57.99, DistDow, 58.49, DistUp, 60.88
, DistFront, 57.67, DistDow, 58.49, DistUp, 7.16
, DistFront, 57.62, DistDow, 58.38, DistUp, 61.21
, DistFront, 44.40, DistDow, 58.10, DistUp, 61.73
, DistFront, 57.74, DistDow, 58.40, DistUp, 61.21
, DistFront, 43.45, DistDow, 58.38, DistUp, 61.24
, DistFront, 43.61, DistDow, 58.55, DistUp, 7.16
, DistFront, 43.52, DistDow, 58.55, DistUp, 7.04
, DistFront, 43.42, DistDow, 58.55, DistUp, 61.68
, DistFront, 57.77, DistDow, 58.54, DistUp, 7.16
, DistFront, 43.98, DistDow, 58.42, DistUp, 61.34
, DistFront, 44.05, DistDow, 58.95, DistUp, 7.02
, DistFrontMean, 57.89, DistDowMean, 58.69, DistUpMean, 7.16
, DistFront, 57.93, DistDow, 58.32, DistUp, 7.16
, DistFront, 58.03, DistDow, 58.38, DistUp, 7.16
, DistFront, 44.46, DistDow, 58.45, DistUp, 63.04
, DistFront, 58.11, DistDow, 58.45, DistUp, 62.64
, DistFront, 44.35, DistDow, 58.91, DistUp, 62.13
, DistFront, 58.11, DistDow, 58.78, DistUp, 7.04
, DistFront, 58.52, DistDow, 58.45, DistUp, 62.18
, DistFront, 58.10, DistDow, 58.88, DistUp, 62.60
, DistFront, 58.10, DistDow, 58.33, DistUp, 62.04
, DistFront, 44.71, DistDow, 58.76, DistUp, 61.62
, DistFront, 58.06, DistDow, 59.30, DistUp, 62.13
, DistFront, 58.04, DistDow, 59.30, DistUp, 7.16
, DistFront, 57.96, DistDow, 58.33, DistUp, 7.04
, DistFront, 43.91, DistDow, 58.42, DistUp, 61.21
, DistFront, 44.34, DistDow, 58.45, DistUp, 61.50
, DistFront, 43.76, DistDow, 58.74, DistUp, 61.09
, DistFront, 44.05, DistDow, 58.81, DistUp, 61.89
, DistFront, 57.96, DistDow, 58.40, DistUp, 7.13
, DistFront, 44.12, DistDow, 58.25, DistUp, 7.04
, DistFront, 44.61, DistDow, 58.74, DistUp, 61.89
, DistFrontMean, 57.89, DistDowMean, 58.33, DistUpMean, 62.28
, DistFront, 57.84, DistDow, 58.67, DistUp, 7.13
, DistFront, 43.32, DistDow, 58.25, DistUp, 61.28
, DistFront, 57.77, DistDow, 58.61, DistUp, 7.16
, DistFront, 43.16, DistDow, 58.04, DistUp, 7.13
, DistFront, 43.61, DistDow, 58.10, DistUp, 60.83
, DistFront, 57.52, DistDow, 58.33, DistUp, 61.09
, DistFront, 43.89, DistDow, 58.40, DistUp, 7.16
, DistFront, 43.28, DistDow, 58.18, DistUp, 7.04
, DistFront, 43.35, DistDow, 58.25, DistUp, 7.13
, DistFront, 43.55, DistDow, 57.81, DistUp, 60.88
, DistFront, 57.33, DistDow, 58.13, DistUp, 7.13
, DistFront, 43.10, DistDow, 58.10, DistUp, 7.13
, DistFront, 57.60, DistDow, 57.93, DistUp, 7.04
, DistFront, 43.52, DistDow, 57.98, DistUp, 7.13
, DistFront, 57.06, DistDow, 57.89, DistUp, 7.16
, DistFront, 57.11, DistDow, 57.84, DistUp, 60.63
, DistFront, 57.13, DistDow, 57.93, DistUp, 7.16
, DistFront, 42.87, DistDow, 58.25, DistUp, 7.04
, DistFront, 42.91, DistDow, 57.48, DistUp, 7.04
, DistFront, 57.48, DistDow, 57.89, DistUp, 7.16
, DistFrontMean, 57.02, DistDowMean, 57.70, DistUpMean, 60.07
, DistFront, 56.90, DistDow, 57.74, DistUp, 7.16
, DistFront, 56.97, DistDow, 57.69, DistUp, 7.04
, DistFront, 42.87, DistDow, 57.74, DistUp, 7.13
, DistFront, 56.90, DistDow, 57.33, DistUp, 7.16
, DistFront, 43.16, DistDow, 57.18, DistUp, 60.39
, DistFront, 56.89, DistDow, 57.69, DistUp, 60.78
, DistFront, 57.26, DistDow, 57.64, DistUp, 60.03
, DistFront, 56.80, DistDow, 57.93, DistUp, 60.73
, DistFront, 43.11, DistDow, 57.57, DistUp, 7.13
, DistFront, 42.55, DistDow, 57.60, DistUp, 7.16
, DistFront, 43.33, DistDow, 57.89, DistUp, 7.02
, DistFront, 42.67, DistDow, 57.53, DistUp, 7.04
, DistFront, 57.18, DistDow, 57.53, DistUp, 59.95
, DistFront, 56.62, DistDow, 57.53, DistUp, 60.34
, DistFront, 56.70, DistDow, 57.41, DistUp, 59.83
, DistFront, 56.73, DistDow, 57.53, DistUp, 59.95
, DistFront, 42.96, DistDow, 57.13, DistUp, 7.16
, DistFront, 57.04, DistDow, 57.40, DistUp, 60.63
, DistFront, 56.70, DistDow, 57.48, DistUp, 60.66
, DistFront, 43.33, DistDow, 57.53, DistUp, 7.16
, DistFrontMean, 56.70, DistDowMean, 57.55, DistUpMean, 7.13
, DistFront, 57.13, DistDow, 57.98, DistUp, 7.02
, DistFront, 43.16, DistDow, 57.57, DistUp, 7.13
, DistFront, 42.64, DistDow, 57.16, DistUp, 61.53
, DistFront, 42.70, DistDow, 57.57, DistUp, 7.04
, DistFront, 56.75, DistDow, 57.57, DistUp, 7.13
, DistFront, 43.40, DistDow, 57.18, DistUp, 7.13
, DistFront, 43.35, DistDow, 57.89, DistUp, 7.04
, DistFront, 43.06, DistDow, 57.13, DistUp, 7.13
, DistFront, 57.18, DistDow, 57.53, DistUp, 7.16
, DistFront, 42.99, DistDow, 57.13, DistUp, 7.16
, DistFront, 42.57, DistDow, 57.41, DistUp, 59.88
, DistFront, 43.11, DistDow, 57.96, DistUp, 60.82
, DistFront, 42.60, DistDow, 57.41, DistUp, 62.02
, DistFront, 56.77, DistDow, 57.55, DistUp, 7.02
, DistFront, 57.24, DistDow, 57.98, DistUp, 60.92
, DistFront, 56.70, DistDow, 57.06, DistUp, 61.28
, DistFront, 56.89, DistDow, 57.21, DistUp, 60.48
, DistFront, 56.90, DistDow, 57.69, DistUp, 61.04
, DistFront, 56.85, DistDow, 57.21, DistUp, 7.16
, DistFront, 57.02, DistDow, 57.69, DistUp, 61.04
, DistFrontMean, 56.92, DistDowMean, 57.70, DistUpMean, 61.05
, DistFront, 56.96, DistDow, 57.82, DistUp, 61.62
, DistFront, 57.11, DistDow, 57.89, DistUp, 61.17
, DistFront, 57.06, DistDow, 57.93, DistUp, 7.16
, DistFront, 57.21, DistDow, 57.89, DistUp, 61.68
, DistFront, 57.11, DistDow, 57.99, DistUp, 61.39
, DistFront, 57.26, DistDow, 58.04, DistUp, 60.88
, DistFront, 57.62, DistDow, 58.10, DistUp, 60.92
, DistFront, 57.38, DistDow, 57.74, DistUp, 7.04
, DistFront, 57.41, DistDow, 57.81, DistUp, 61.92
, DistFront, 57.41, DistDow, 57.77, DistUp, 61.04
, DistFront, 57.35, DistDow, 57.74, DistUp, 61.89
, DistFront, 57.53, DistDow, 57.89, DistUp, 7.16
, DistFront, 44.17, DistDow, 58.25, DistUp, 62.35
, DistFront, 43.25, DistDow, 57.96, DistUp, 7.13
, DistFront, 57.21, DistDow, 57.87, DistUp, 7.02
, DistFront, 43.96, DistDow, 57.98, DistUp, 62.60
, DistFront, 43.55, DistDow, 58.04, DistUp, 7.16
, DistFront, 57.62, DistDow, 58.10, DistUp, 7.16
, DistFront, 57.77, DistDow, 58.16, DistUp, 61.38
, DistFront, 57.70, DistDow, 58.49, DistUp, 62.26
, DistFrontMean, 57.76, DistDowMean, 58.18, DistUpMean, 7.16
, DistFront, 57.91, DistDow, 58.25, DistUp, 62.89
, DistFront, 57.93, DistDow, 58.25, DistUp, 62.48
, DistFront, 57.96, DistDow, 58.18, DistUp, 61.56
, DistFront, 57.87, DistDow, 59.05, DistUp, 62.41
, DistFront, 58.03, DistDow, 58.81, DistUp, 61.34
, DistFront, 58.06, DistDow, 59.27, DistUp, 62.21
, DistFront, 58.11, DistDow, 58.35, DistUp, 62.16
, DistFront, 58.04, DistDow, 58.83, DistUp, 61.75
, DistFront, 58.11, DistDow, 58.54, DistUp, 63.06
, DistFront, 58.23, DistDow, 58.61, DistUp, 7.13
, DistFront, 58.23, DistDow, 58.59, DistUp, 63.23
, DistFront, 58.64, DistDow, 58.59, DistUp, 63.64
, DistFront, 58.27, DistDow, 59.05, DistUp, 63.62
, DistFront, 44.20, DistDow, 59.06, DistUp, 7.16
, DistFront, 58.16, DistDow, 58.55, DistUp, 7.04
, DistFront, 58.27, DistDow, 59.06, DistUp, 63.06
, DistFront, 58.27, DistDow, 58.54, DistUp, 62.69
, DistFront, 58.71, DistDow, 59.40, DistUp, 62.28
, DistFront, 44.97, DistDow, 58.59, DistUp, 63.13
, DistFront, 58.20, DistDow, 58.59, DistUp, 61.85
, DistFrontMean, 58.27, DistDowMean, 59.05, DistUpMean, 62.74
, DistFront, 58.25, DistDow, 58.64, DistUp, 61.48
, DistFront, 58.23, DistDow, 58.59, DistUp, 61.89
, DistFront, 58.32, DistDow, 58.69, DistUp, 61.97
, DistFront, 44.27, DistDow, 58.69, DistUp, 63.69
, DistFront, 58.71, DistDow, 58.64, DistUp, 61.99
, DistFront, 58.27, DistDow, 58.95, DistUp, 62.28
, DistFront, 58.18, DistDow, 58.96, DistUp, 62.28
, DistFront, 58.16, DistDow, 58.49, DistUp, 62.69
, DistFront, 44.00, DistDow, 59.34, DistUp, 62.21
, DistFront, 58.23, DistDow, 58.61, DistUp, 7.16
, DistFront, 44.46, DistDow, 59.00, DistUp, 7.04
, DistFront, 58.06, DistDow, 58.45, DistUp, 7.16
, DistFront, 44.05, DistDow, 58.55, DistUp, 61.77
, DistFront, 44.74, DistDow, 58.96, DistUp, 62.09
, DistFront, 44.76, DistDow, 58.84, DistUp, 7.04
, DistFront, 58.11, DistDow, 58.49, DistUp, 7.13
, DistFront, 43.89, DistDow, 58.38, DistUp, 7.04
, DistFront, 58.06, DistDow, 59.32, DistUp, 62.02
, DistFront, 58.06, DistDow, 58.45, DistUp, 62.53
, DistFront, 44.76, DistDow, 58.45, DistUp, 7.16
, DistFrontMean, 57.93, DistDowMean, 58.32, DistUpMean, 7.02
, DistFront, 58.35, DistDow, 59.13, DistUp, 61.56
, DistFront, 58.03, DistDow, 58.38, DistUp, 7.16
, DistFront, 44.76, DistDow, 58.40, DistUp, 7.04
, DistFront, 43.74, DistDow, 59.10, DistUp, 61.96
, DistFront, 44.66, DistDow, 58.25, DistUp, 7.02
, DistFront, 58.35, DistDow, 58.32, DistUp, 7.13
, DistFront, 57.93, DistDow, 58.18, DistUp, 61.48
, DistFront, 44.61, DistDow, 58.61, DistUp, 7.04
, DistFront, 58.32, DistDow, 59.12, DistUp, 7.16
, DistFront, 57.87, DistDow, 58.25, DistUp, 62.40
, DistFront, 43.71, DistDow, 58.13, DistUp, 60.99
, DistFront, 43.64, DistDow, 58.54, DistUp, 61.39
, DistFront, 43.76, DistDow, 58.67, DistUp, 61.50
, DistFront, 43.76, DistDow, 58.25, DistUp, 7.16
, DistFront, 44.05, DistDow, 58.54, DistUp, 60.95
, DistFront, 43.76, DistDow, 58.64, DistUp, 7.13
, DistFront, 44.05, DistDow, 58.11, DistUp, 7.04
, DistFront, 57.81, DistDow, 58.62, DistUp, 61.85
, DistFront, 44.13, DistDow, 58.64, DistUp, 7.16
, DistFront, 44.00, DistDow, 58.47, DistUp, 7.04
, DistFrontMean, 57.81, DistDowMean, 58.18, DistUpMean, 7.13
, DistFront, 57.81, DistDow, 58.59, DistUp, 7.16
, DistFront, 44.59, DistDow, 58.47, DistUp, 60.90
, DistFront, 44.20, DistDow, 58.54, DistUp, 61.41
, DistFront, 57.76, DistDow, 58.11, DistUp, 7.04
, DistFront, 57.76, DistDow, 58.55, DistUp, 7.13
, DistFront, 57.76, DistDow, 58.45, DistUp, 61.31
, DistFront, 57.64, DistDow, 58.13, DistUp, 61.41
, DistFront, 57.77, DistDow, 58.11, DistUp, 62.26
, DistFront, 57.77, DistDow, 58.45, DistUp, 7.04
, DistFront, 57.77, DistDow, 58.54, DistUp, 62.28
, DistFront, 43.71, DistDow, 58.13, DistUp, 7.16
, DistFront, 43.61, DistDow, 58.45, DistUp, 7.06
, DistFront, 57.77, DistDow, 58.10, DistUp, 61.45
, DistFront, 57.67, DistDow, 58.11, DistUp, 62.18
, DistFront, 57.76, DistDow, 58.10, DistUp, 62.26
, DistFront, 57.64, DistDow, 58.40, DistUp, 61.33
, DistFront, 43.45, DistDow, 58.49, DistUp, 61.84
, DistFront, 43.67, DistDow, 58.89, DistUp, 61.84
, DistFront, 58.11, DistDow, 58.03, DistUp, 7.04
, DistFront, 57.69, DistDow, 58.89, DistUp, 61.84
, DistFrontMean, 57.70, DistDowMean, 58.42, DistUpMean, 62.24
, DistFront, 58.10, DistDow, 58.45, DistUp, 62.21
, DistFront, 57.67, DistDow, 58.33, DistUp, 61.68
, DistFront, 57.55, DistDow, 58.45, DistUp, 61.70
, DistFront, 57.67, DistDow, 58.45, DistUp, 61.77
, DistFront, 43.96, DistDow, 57.93, DistUp, 7.04
, DistFront, 57.69, DistDow, 58.04, DistUp, 61.80
, DistFront, 43.49, DistDow, 58.45, DistUp, 62.53
, DistFront, 43.52, DistDow, 58.78, DistUp, 64.23
, DistFront, 43.55, DistDow, 58.06, DistUp, 61.73
, DistFront, 57.74, DistDow, 58.10, DistUp, 61.82
, DistFront, 57.74, DistDow, 57.99, DistUp, 61.33
, DistFront, 57.67, DistDow, 58.10, DistUp, 7.13
, DistFront, 57.77, DistDow, 58.16, DistUp, 7.04
, DistFront, 43.52, DistDow, 58.54, DistUp, 61.48
, DistFront, 57.82, DistDow, 58.59, DistUp, 61.48
, DistFront, 57.82, DistDow, 58.10, DistUp, 62.24
, DistFront, 57.70, DistDow, 58.10, DistUp, 7.16
, DistFront, 57.82, DistDow, 58.20, DistUp, 61.92
, DistFront, 44.05, DistDow, 58.54, DistUp, 61.82
, DistFront, 58.16, DistDow, 58.54, DistUp, 61.82
, DistFrontMean, 57.74, DistDowMean, 58.25, DistUpMean, 61.92
, DistFront, 57.87, DistDow, 58.23, DistUp, 61.92
, DistFront, 57.82, DistDow, 58.20, DistUp, 60.99
, DistFront, 57.70, DistDow, 58.10, DistUp, 61.38
, DistFront, 57.82, DistDow, 58.18, DistUp, 61.46
, DistFront, 57.84, DistDow, 58.62, DistUp, 61.34
, DistFront, 57.70, DistDow, 58.06, DistUp, 61.34
, DistFront, 44.61, DistDow, 58.20, DistUp, 7.13
, DistFront, 58.20, DistDow, 58.59, DistUp, 7.04
, DistFront, 57.76, DistDow, 58.59, DistUp, 61.41
, DistFront, 44.56, DistDow, 58.98, DistUp, 61.41
, DistFront, 43.59, DistDow, 58.16, DistUp, 61.31
, DistFront, 43.61, DistDow, 58.45, DistUp, 7.16
, DistFront, 43.71, DistDow, 58.55, DistUp, 60.99
, DistFront, 57.76, DistDow, 58.04, DistUp, 7.04
, DistFront, 57.77, DistDow, 58.16, DistUp, 7.13
, DistFront, 57.77, DistDow, 58.03, DistUp, 61.33
, DistFront, 57.67, DistDow, 58.13, DistUp, 61.38
, DistFront, 57.77, DistDow, 58.13, DistUp, 7.16
, DistFront, 43.55, DistDow, 58.89, DistUp, 61.33
, DistFront, 57.67, DistDow, 58.13, DistUp, 61.04
, DistFrontMean, 57.81, DistDowMean, 58.61, DistUpMean, 61.45
, DistFront, 57.82, DistDow, 58.59, DistUp, 61.89
, DistFront, 58.20, DistDow, 58.04, DistUp, 7.04
, DistFront, 57.82, DistDow, 59.00, DistUp, 61.89
, DistFront, 57.81, DistDow, 58.59, DistUp, 7.16
, DistFront, 43.69, DistDow, 58.10, DistUp, 62.21
, DistFront, 57.81, DistDow, 58.20, DistUp, 7.16
, DistFront, 57.82, DistDow, 58.10, DistUp, 7.04
, DistFront, 57.74, DistDow, 58.20, DistUp, 62.21
, DistFront, 58.20, DistDow, 58.18, DistUp, 61.92
, DistFront, 57.87, DistDow, 58.10, DistUp, 61.82
, DistFront, 43.76, DistDow, 58.20, DistUp, 61.09
, DistFront, 57.76, DistDow, 58.54, DistUp, 7.04
, DistFront, 57.87, DistDow, 58.23, DistUp, 7.16
, DistFront, 43.67, DistDow, 58.59, DistUp, 62.31
, DistFront, 43.74, DistDow, 58.18, DistUp, 7.04
, DistFront, 58.33, DistDow, 58.27, DistUp, 61.60
, DistFront, 57.96, DistDow, 58.16, DistUp, 7.04
, DistFront, 57.91, DistDow, 58.74, DistUp, 62.41
, DistFront, 57.98, DistDow, 58.32, DistUp, 61.70
, DistFront, 58.45, DistDow, 58.76, DistUp, 62.47
, DistFrontMean, 58.04, DistDowMean, 58.25, DistUpMean, 62.47
, DistFront, 58.04, DistDow, 58.71, DistUp, 62.06
, DistFront, 57.93, DistDow, 58.32, DistUp, 61.67
, DistFront, 58.10, DistDow, 58.88, DistUp, 61.38
, DistFront, 58.10, DistDow, 58.47, DistUp, 62.67
, DistFront, 58.16, DistDow, 58.47, DistUp, 62.16
, DistFront, 58.16, DistDow, 58.83, DistUp, 61.31
, DistFront, 44.05, DistDow, 58.88, DistUp, 61.75
, DistFront, 43.96, DistDow, 58.59, DistUp, 7.13
, DistFront, 58.20, DistDow, 58.98, DistUp, 7.04
, DistFront, 44.88, DistDow, 58.88, DistUp, 61.34
, DistFront, 43.98, DistDow, 58.62, DistUp, 60.99
, DistFront, 44.17, DistDow, 58.62, DistUp, 62.38
, DistFront, 44.66, DistDow, 59.05, DistUp, 62.81
, DistFront, 44.18, DistDow, 58.64, DistUp, 61.55
, DistFront, 44.95, DistDow, 58.69, DistUp, 61.89
, DistFront, 44.18, DistDow, 58.62, DistUp, 7.04
, DistFront, 44.49, DistDow, 58.74, DistUp, 7.13
, DistFront, 58.33, DistDow, 58.71, DistUp, 7.13
, DistFront, 58.67, DistDow, 58.61, DistUp, 7.04
, DistFront, 44.30, DistDow, 59.18, DistUp, 7.13
, DistFrontMean, 58.38, DistDowMean, 58.76, DistUpMean, 62.04
, DistFront, 58.40, DistDow, 59.61, DistUp, 62.06
, DistFront, 45.27, DistDow, 59.63, DistUp, 7.16
, DistFront, 44.74, DistDow, 58.81, DistUp, 7.02
, DistFront, 58.28, DistDow, 59.12, DistUp, 7.04
, DistFront, 45.17, DistDow, 59.63, DistUp, 7.16
, DistFront, 44.78, DistDow, 59.18, DistUp, 62.04
, DistFront, 45.19, DistDow, 59.17, DistUp, 7.13
, DistFront, 45.03, DistDow, 59.05, DistUp, 62.33
, DistFront, 44.63, DistDow, 58.62, DistUp, 61.48
, DistFront, 44.18, DistDow, 59.00, DistUp, 62.74
, DistFront, 44.10, DistDow, 58.69, DistUp, 61.85
, DistFront, 58.28, DistDow, 59.06, DistUp, 63.25
, DistFront, 58.28, DistDow, 59.05, DistUp, 7.13
, DistFront, 58.69, DistDow, 59.03, DistUp, 62.77
, DistFront, 58.23, DistDow, 59.03, DistUp, 62.24
, DistFront, 58.64, DistDow, 58.96, DistUp, 62.26
, DistFront, 58.61, DistDow, 58.47, DistUp, 62.67
, DistFront, 59.05, DistDow, 58.88, DistUp, 62.64
, DistFront, 58.49, DistDow, 58.88, DistUp, 7.02
, DistFront, 58.10, DistDow, 59.39, DistUp, 7.13
, DistFrontMean, 58.59, DistDowMean, 58.96, DistUpMean, 62.28
, DistFront, 58.18, DistDow, 58.96, DistUp, 7.16
, DistFront, 44.54, DistDow, 58.95, DistUp, 62.62
, DistFront, 44.54, DistDow, 59.40, DistUp, 7.04
, DistFront, 44.10, DistDow, 58.88, DistUp, 63.03
, DistFront, 58.52, DistDow, 58.47, DistUp, 7.16
, DistFront, 58.20, DistDow, 58.59, DistUp, 7.13
, DistFront, 58.62, DistDow, 59.30, DistUp, 62.60
, DistFront, 44.10, DistDow, 59.34, DistUp, 7.02
, DistFront, 44.95, DistDow, 59.32, DistUp, 7.04
, DistFront, 44.95, DistDow, 59.42, DistUp, 7.13
, DistFront, 58.20, DistDow, 59.42, DistUp, 62.70
, DistFront, 58.20, DistDow, 58.98, DistUp, 62.16
, DistFront, 58.20, DistDow, 58.84, DistUp, 61.28
, DistFront, 44.40, DistDow, 59.30, DistUp, 7.02
, DistFront, 58.16, DistDow, 58.95, DistUp, 7.16
, DistFront, 43.98, DistDow, 58.54, DistUp, 7.04
, DistFront, 57.99, DistDow, 58.78, DistUp, 62.91
, DistFront, 58.11, DistDow, 58.89, DistUp, 62.06
, DistFront, 43.84, DistDow, 58.38, DistUp, 7.02
, DistFront, 58.38, DistDow, 58.88, DistUp, 61.62
, DistFrontMean, 58.38, DistDowMean, 58.88, DistUpMean, 61.60
, DistFront, 57.93, DistDow, 58.71, DistUp, 7.13
, DistFront, 58.04, DistDow, 58.84, DistUp, 7.13
, DistFront, 58.04, DistDow, 58.71, DistUp, 7.04
, DistFront, 44.30, DistDow, 58.76, DistUp, 7.02
, DistFront, 44.88, DistDow, 58.81, DistUp, 7.13
, DistFront, 58.04, DistDow, 58.81, DistUp, 62.41
, DistFront, 44.27, DistDow, 58.32, DistUp, 7.04
, DistFront, 44.40, DistDow, 58.40, DistUp, 7.13
, DistFront, 44.83, DistDow, 58.40, DistUp, 7.02
, DistFront, 44.27, DistDow, 58.32, DistUp, 7.13
, DistFront, 44.34, DistDow, 58.40, DistUp, 7.16
, DistFront, 44.27, DistDow, 58.32, DistUp, 7.02
, DistFront, 44.34, DistDow, 58.42, DistUp, 7.16
, DistFront, 44.34, DistDow, 58.78, DistUp, 61.26
, DistFront, 57.99, DistDow, 58.27, DistUp, 7.02
, DistFront, 44.13, DistDow, 58.38, DistUp, 7.16
, DistFront, 57.99, DistDow, 58.78, DistUp, 7.04
, DistFront, 58.28, DistDow, 58.62, DistUp, 61.14
, DistFront, 57.96, DistDow, 58.32, DistUp, 7.16
, DistFront, 44.59, DistDow, 58.23, DistUp, 60.70
, DistFrontMean, 57.84, DistDowMean, 58.61, DistUpMean, 7.04
, DistFront, 57.84, DistDow, 58.61, DistUp, 62.35
, DistFront, 57.91, DistDow, 58.27, DistUp, 62.47
, DistFront, 57.89, DistDow, 58.27, DistUp, 7.13
, DistFront, 58.18, DistDow, 58.54, DistUp, 61.45
, DistFront, 57.84, DistDow, 58.23, DistUp, 7.13
, DistFront, 44.47, DistDow, 58.52, DistUp, 61.39
, DistFront, 58.10, DistDow, 58.10, DistUp, 61.41
, DistFront, 44.20, DistDow, 58.18, DistUp, 60.66
, DistFront, 43.74, DistDow, 58.59, DistUp, 61.80
, DistFront, 58.06, DistDow, 58.03, DistUp, 7.02
, DistFront, 57.76, DistDow, 58.49, DistUp, 61.89
, DistFront, 57.74, DistDow, 58.11, DistUp, 7.02
, DistFront, 43.42, DistDow, 58.91, DistUp, 62.13
, DistFront, 57.69, DistDow, 58.47, DistUp, 61.39
, DistFront, 58.11, DistDow, 58.32, DistUp, 61.21
, DistFront, 57.64, DistDow, 58.03, DistUp, 7.13
, DistFront, 57.57, DistDow, 58.27, DistUp, 61.14
, DistFront, 57.45, DistDow, 58.23, DistUp, 7.13
, DistFront, 57.96, DistDow, 58.74, DistUp, 7.16
, DistFront, 43.28, DistDow, 57.76, DistUp, 61.05
, DistFrontMean, 57.48, DistDowMean, 58.71, DistUpMean, 7.13
, DistFront, 57.48, DistDow, 58.27, DistUp, 61.17
, DistFront, 43.38, DistDow, 57.70, DistUp, 7.02
, DistFront, 57.45, DistDow, 58.23, DistUp, 7.13
, DistFront, 43.25, DistDow, 57.76, DistUp, 61.11
, DistFront, 57.81, DistDow, 58.47, DistUp, 60.95
, DistFront, 57.24, DistDow, 58.13, DistUp, 61.05
, DistFront, 57.35, DistDow, 58.13, DistUp, 61.75
, DistFront, 57.64, DistDow, 58.03, DistUp, 60.90
, DistFront, 44.10, DistDow, 58.54, DistUp, 61.41
, DistFront, 57.31, DistDow, 58.06, DistUp, 7.04
, DistFront, 57.70, DistDow, 58.10, DistUp, 7.13
, DistFront, 43.10, DistDow, 58.38, DistUp, 60.82
, DistFront, 43.38, DistDow, 58.49, DistUp, 7.16
, DistFront, 57.24, DistDow, 58.35, DistUp, 60.39
, DistFront, 43.89, DistDow, 58.45, DistUp, 61.75
, DistFront, 57.24, DistDow, 58.47, DistUp, 60.37
, DistFront, 57.13, DistDow, 57.99, DistUp, 60.90
, DistFront, 43.98, DistDow, 58.03, DistUp, 7.16
, DistFront, 43.88, DistDow, 57.48, DistUp, 7.13
, DistFront, 44.34, DistDow, 57.99, DistUp, 60.88
, DistFrontMean, 57.21, DistDowMean, 57.93, DistUpMean, 7.04
, DistFront, 57.11, DistDow, 57.93, DistUp, 7.13
, DistFront, 43.23, DistDow, 58.03, DistUp, 7.16
, DistFront, 43.54, DistDow, 57.52, DistUp, 7.16
, DistFront, 43.61, DistDow, 58.45, DistUp, 7.04
, DistFront, 43.04, DistDow, 57.55, DistUp, 7.13
, DistFront, 43.40, DistDow, 57.87, DistUp, 7.04
, DistFront, 57.13, DistDow, 57.96, DistUp, 7.16
, DistFront, 57.02, DistDow, 57.82, DistUp, 61.05
, DistFront, 57.09, DistDow, 58.32, DistUp, 7.13
, DistFront, 57.40, DistDow, 57.87, DistUp, 60.73
, DistFront, 43.84, DistDow, 57.47, DistUp, 7.13
, DistFront, 42.84, DistDow, 58.23, DistUp, 7.16
, DistFront, 57.04, DistDow, 57.84, DistUp, 7.04
, DistFront, 57.06, DistDow, 57.82, DistUp, 61.55
, DistFront, 56.92, DistDow, 57.76, DistUp, 7.02
, DistFront, 43.38, DistDow, 57.47, DistUp, 7.13
, DistFront, 43.33, DistDow, 57.45, DistUp, 7.13
, DistFront, 43.89, DistDow, 57.91, DistUp, 7.02
, DistFront, 43.23, DistDow, 57.91, DistUp, 7.13
, DistFront, 57.19, DistDow, 57.87, DistUp, 7.02
, DistFrontMean, 57.55, DistDowMean, 57.99, DistUpMean, 60.90
, DistFront, 57.24, DistDow, 58.47, DistUp, 7.16
, DistFront, 43.62, DistDow, 57.55, DistUp, 7.04
, DistFront, 57.33, DistDow, 58.59, DistUp, 7.16
, DistFront, 57.31, DistDow, 58.06, DistUp, 7.16
, DistFront, 57.47, DistDow, 58.67, DistUp, 60.75
, DistFront, 44.63, DistDow, 58.20, DistUp, 62.81
, DistFront, 57.48, DistDow, 57.87, DistUp, 7.02
, DistFront, 44.00, DistDow, 58.03, DistUp, 7.16
, DistFront, 43.96, DistDow, 57.98, DistUp, 61.31
, DistFront, 43.88, DistDow, 58.11, DistUp, 7.13
, DistFront, 57.81, DistDow, 58.18, DistUp, 61.41
, DistFront, 57.76, DistDow, 58.13, DistUp, 61.46
, DistFront, 58.35, DistDow, 58.33, DistUp, 7.13
, DistFront, 58.40, DistDow, 58.78, DistUp, 61.26
, DistFront, 58.45, DistDow, 59.13, DistUp, 61.99
, DistFront, 58.52, DistDow, 58.74, DistUp, 61.63
, DistFront, 57.99, DistDow, 58.78, DistUp, 62.11
, DistFront, 58.04, DistDow, 58.54, DistUp, 61.70
, DistFront, 58.61, DistDow, 58.59, DistUp, 7.13
, DistFront, 58.23, DistDow, 58.98, DistUp, 62.31
, DistFrontMean, 58.25, DistDowMean, 58.91, DistUpMean, 62.21
, DistFront, 58.25, DistDow, 59.06, DistUp, 7.16
, DistFront, 44.66, DistDow, 7.64, DistUp, 7.04
, DistFront, 44.12, DistDow, 58.67, DistUp, 7.16
, DistFront, 58.28, DistDow, 59.54, DistUp, 7.16
, DistFront, 44.13, DistDow, 58.98, DistUp, 7.04
, DistFront, 43.62, DistDow, 58.71, DistUp, 62.24
, DistFront, 58.33, DistDow, 58.71, DistUp, 7.13
, DistFront, 44.27, DistDow, 58.78, DistUp, 7.13
, DistFront, 45.07, DistDow, 59.06, DistUp, 62.35
, DistFront, 58.28, DistDow, 59.10, DistUp, 62.33
, DistFront, 58.28, DistDow, 59.06, DistUp, 7.04
, DistFront, 45.14, DistDow, 59.13, DistUp, 7.13
, DistFront, 44.74, DistDow, 58.74, DistUp, 7.16
, DistFront, 44.63, DistDow, 58.61, DistUp, 7.04
, DistFront, 44.98, DistDow, 58.74, DistUp, 7.16
, DistFront, 45.19, DistDow, 59.18, DistUp, 63.42
, DistFront, 58.42, DistDow, 59.23, DistUp, 7.16
, DistFront, 58.89, DistDow, 59.68, DistUp, 63.11
, DistFront, 59.00, DistDow, 58.95, DistUp, 7.13
, DistFront, 59.05, DistDow, 59.39, DistUp, 62.82
, DistFrontMean, 58.67, DistDowMean, 59.42, DistUpMean, 63.27
, DistFront, 58.67, DistDow, 59.47, DistUp, 7.13
, DistFront, 58.69, DistDow, 59.47, DistUp, 63.27
, DistFront, 44.78, DistDow, 59.12, DistUp, 62.81
, DistFront, 44.85, DistDow, 8.62, DistUp, 44.42
, DistFront, 44.78, DistDow, 59.69, DistUp, 7.16
, DistFront, 59.00, DistDow, 59.39, DistUp, 7.13
, DistFront, 59.12, DistDow, 59.46, DistUp, 7.16
, DistFront, 45.10, DistDow, 59.49, DistUp, 64.13
, DistFront, 45.10, DistDow, 59.54, DistUp, 62.82
, DistFront, 59.13, DistDow, 59.46, DistUp, 64.12
, DistFront, 59.13, DistDow, 59.90, DistUp, 64.56
, DistFront, 59.71, DistDow, 59.59, DistUp, 63.88
, DistFront, 59.18, DistDow, 59.95, DistUp, 63.78
, DistFront, 59.18, DistDow, 59.54, DistUp, 7.02
, DistFront, 59.20, DistDow, 59.54, DistUp, 7.02
, DistFront, 59.20, DistDow, 60.41, DistUp, 63.78
, DistFront, 46.04, DistDow, 60.10, DistUp, 63.88
, DistFront, 58.84, DistDow, 59.98, DistUp, 63.76
, DistFront, 58.84, DistDow, 60.05, DistUp, 7.02
, DistFront, 45.54, DistDow, 59.66, DistUp, 7.04
, DistFrontMean, 59.27, DistDowMean, 59.74, DistUpMean, 7.13
, DistFront, 59.30, DistDow, 60.49, DistUp, 7.16
, DistFront, 59.30, DistDow, 60.49, DistUp, 7.16
, DistFront, 59.30, DistDow, 59.69, DistUp, 7.13
, DistFront, 59.30, DistDow, 60.49, DistUp, 7.02
, DistFront, 59.25, DistDow, 59.66, DistUp, 7.13
, DistFront, 59.25, DistDow, 60.46, DistUp, 7.16
, DistFront, 59.20, DistDow, 59.59, DistUp, 7.13
, DistFront, 59.20, DistDow, 59.59, DistUp, 7.16
, DistFront, 45.54, DistDow, 59.69, DistUp, 63.71
, DistFront, 59.34, DistDow, 60.17, DistUp, 64.17
, DistFront, 59.25, DistDow, 59.59, DistUp, 63.76
, DistFront, 59.32, DistDow, 59.66, DistUp, 7.16
, DistFront, 59.20, DistDow, 59.54, DistUp, 63.81
, DistFront, 59.05, DistDow, 59.46, DistUp, 7.13
, DistFront, 58.98, DistDow, 59.39, DistUp, 7.13
, DistFront, 58.89, DistDow, 59.59, DistUp, 66.46
, DistFront, 58.89, DistDow, 59.59, DistUp, 63.52
, DistFront, 59.23, DistDow, 59.52, DistUp, 63.47
, DistFront, 59.10, DistDow, 58.91, DistUp, 64.20
, DistFront, 58.67, DistDow, 59.35, DistUp, 63.33
, DistFrontMean, 58.64, DistDowMean, 59.34, DistUpMean, 64.18
, DistFront, 59.23, DistDow, 59.91, DistUp, 63.45
, DistFront, 58.78, DistDow, 59.06, DistUp, 63.76
, DistFront, 45.19, DistDow, 59.52, DistUp, 63.74
, DistFront, 58.62, DistDow, 58.96, DistUp, 63.32
, DistFront, 58.35, DistDow, 59.32, DistUp, 63.32
, DistFront, 59.13, DistDow, 59.03, DistUp, 63.81
, DistFront, 58.74, DistDow, 59.42, DistUp, 63.88
, DistFront, 59.20, DistDow, 59.10, DistUp, 63.76
, DistFront, 58.69, DistDow, 59.46, DistUp, 63.40
, DistFront, 58.74, DistDow, 59.05, DistUp, 64.71
, DistFront, 58.84, DistDow, 59.54, DistUp, 65.19
, DistFront, 58.88, DistDow, 59.10, DistUp, 63.59
, DistFront, 58.74, DistDow, 58.98, DistUp, 65.17
, DistFront, 58.74, DistDow, 59.46, DistUp, 63.47
, DistFront, 58.89, DistDow, 59.59, DistUp, 64.03
, DistFront, 58.96, DistDow, 59.66, DistUp, 63.23
, DistFront, 58.89, DistDow, 59.59, DistUp, 3424.32
, DistFront, 49.18, DistDow, 59.81, DistUp, 63.27
, DistFront, 59.52, DistDow, 59.40, DistUp, 63.74
, DistFront, 59.49, DistDow, 59.39, DistUp, 7.16
, DistFrontMean, 59.05, DistDowMean, 59.78, DistUpMean, 64.10
, DistFront, 58.95, DistDow, 59.25, DistUp, 63.13
, DistFront, 58.91, DistDow, 59.20, DistUp, 63.91
, DistFront, 58.96, DistDow, 59.27, DistUp, 63.47
, DistFront, 59.35, DistDow, 59.66, DistUp, 63.54
, DistFront, 58.91, DistDow, 59.20, DistUp, 64.27
, DistFront, 44.69, DistDow, 59.20, DistUp, 7.16
, DistFront, 58.89, DistDow, 59.18, DistUp, 64.25
, DistFront, 44.83, DistDow, 8.18, DistUp, 45.02
, DistFront, 45.10, DistDow, 59.49, DistUp, 63.88
, DistFront, 59.20, DistDow, 59.05, DistUp, 64.71
, DistFront, 58.91, DistDow, 59.59, DistUp, 196.14
, DistFront, 59.25, DistDow, 59.10, DistUp, 3.76
, DistFront, 58.84, DistDow, 59.54, DistUp, 3.38
, DistFront, 59.47, DistDow, 59.71, DistUp, 3.78
, DistFront, 59.06, DistDow, 59.76, DistUp, 64.18
, DistFront, 59.06, DistDow, 59.76, DistUp, 64.52
, DistFront, 59.40, DistDow, 59.25, DistUp, 63.67
, DistFront, 59.12, DistDow, 59.81, DistUp, 171.33
, DistFront, 46.26, DistDow, 59.32, DistUp, 64.12
, DistFront, 59.00, DistDow, 59.30, DistUp, 197.19
, DistFrontMean, 59.05, DistDowMean, 59.74, DistUpMean, 63.71
, DistFront, 59.17, DistDow, 59.46, DistUp, 63.83
, DistFront, 59.18, DistDow, 59.46, DistUp, 63.84
, DistFront, 45.46, DistDow, 59.35, DistUp, 63.33
, DistFront, 59.06, DistDow, 59.35, DistUp, 63.33
, DistFront, 59.61, DistDow, 59.46, DistUp, 64.27
, DistFront, 59.06, DistDow, 59.78, DistUp, 65.02
, DistFront, 59.47, DistDow, 59.34, DistUp, 64.17
, DistFront, 59.61, DistDow, 59.46, DistUp, 65.14
, DistFront, 59.10, DistDow, 59.34, DistUp, 65.46
, DistFront, 59.20, DistDow, 59.78, DistUp, 64.23
, DistFront, 59.63, DistDow, 59.49, DistUp, 63.81
, DistFront, 59.13, DistDow, 59.83, DistUp, 63.40
, DistFront, 59.30, DistDow, 59.98, DistUp, 64.34
, DistFront, 59.30, DistDow, 59.61, DistUp, 7.13
, DistFront, 59.34, DistDow, 59.61, DistUp, 3433.59
, DistFront, 49.91, DistDow, 60.17, DistUp, 64.03
, DistFront, 59.39, DistDow, 59.74, DistUp, 63.52
, DistFront, 59.30, DistDow, 60.05, DistUp, 63.91
, DistFront, 59.40, DistDow, 60.14, DistUp, 65.27
, DistFront, 59.32, DistDow, 60.03, DistUp, 64.34
, DistFrontMean, 59.30, DistDowMean, 59.63, DistUpMean, 63.88
, DistFront, 59.39, DistDow, 60.12, DistUp, 63.55
, DistFront, 59.35, DistDow, 59.68, DistUp, 63.84
, DistFront, 59.23, DistDow, 59.59, DistUp, 63.42
, DistFront, 59.34, DistDow, 59.69, DistUp, 64.35
, DistFront, 59.34, DistDow, 60.07, DistUp, 7.16
, DistFront, 59.32, DistDow, 59.63, DistUp, 7.13
, DistFront, 59.30, DistDow, 59.63, DistUp, 63.33
, DistFront, 59.13, DistDow, 59.47, DistUp, 63.32
, DistFront, 59.20, DistDow, 59.95, DistUp, 62.96
, DistFront, 59.18, DistDow, 59.90, DistUp, 63.76
, DistFront, 45.85, DistDow, 59.39, DistUp, 63.20
, DistFront, 58.98, DistDow, 59.34, DistUp, 62.74
, DistFront, 59.49, DistDow, 59.69, DistUp, 63.54
, DistFront, 59.03, DistDow, 59.39, DistUp, 64.46
, DistFront, 58.98, DistDow, 59.32, DistUp, 63.89
, DistFront, 58.84, DistDow, 59.30, DistUp, 63.03
, DistFront, 59.25, DistDow, 59.97, DistUp, 63.40
, DistFront, 59.30, DistDow, 59.54, DistUp, 63.76
, DistFront, 58.84, DistDow, 59.17, DistUp, 62.55
, DistFront, 58.78, DistDow, 59.52, DistUp, 63.83
, DistFrontMean, 59.18, DistDowMean, 59.05, DistUpMean, 7.13
, DistFront, 58.74, DistDow, 59.47, DistUp, 63.20
, DistFront, 58.59, DistDow, 58.91, DistUp, 7.13
, DistFront, 58.64, DistDow, 58.96, DistUp, 7.16
, DistFront, 58.61, DistDow, 58.91, DistUp, 63.20
, DistFront, 58.54, DistDow, 58.88, DistUp, 62.33
, DistFront, 58.95, DistDow, 59.20, DistUp, 62.70
, DistFront, 58.49, DistDow, 58.78, DistUp, 62.99
, DistFront, 44.42, DistDow, 59.18, DistUp, 63.40
, DistFront, 58.74, DistDow, 58.64, DistUp, 63.83
, DistFront, 58.28, DistDow, 59.03, DistUp, 63.35
, DistFront, 58.28, DistDow, 59.03, DistUp, 62.52
, DistFront, 58.28, DistDow, 58.59, DistUp, 62.91
, DistFront, 58.32, DistDow, 58.59, DistUp, 62.91
, DistFront, 58.40, DistDow, 59.00, DistUp, 63.35
, DistFront, 58.40, DistDow, 58.62, DistUp, 62.93
, DistFront, 58.40, DistDow, 58.61, DistUp, 62.09
, DistFront, 58.40, DistDow, 58.62, DistUp, 62.52
, DistFront, 58.45, DistDow, 58.62, DistUp, 62.96
, DistFront, 58.42, DistDow, 58.67, DistUp, 63.40
, DistFront, 58.45, DistDow, 58.76, DistUp, 62.98
, DistFrontMean, 58.47, DistDowMean, 59.20, DistUpMean, 63.11
, DistFront, 58.47, DistDow, 59.20, DistUp, 63.55
, DistFront, 58.49, DistDow, 59.23, DistUp, 63.42
, DistFront, 58.49, DistDow, 58.81, DistUp, 63.04
, DistFront, 44.90, DistDow, 7.77, DistUp, 45.85
, DistFront, 58.40, DistDow, 58.74, DistUp, 63.49
, DistFront, 58.84, DistDow, 58.74, DistUp, 63.52
, DistFront, 58.55, DistDow, 58.74, DistUp, 63.52
, DistFront, 58.55, DistDow, 58.83, DistUp, 64.47
, DistFront, 58.55, DistDow, 59.30, DistUp, 62.81
, DistFront, 58.61, DistDow, 59.71, DistUp, 63.54
, DistFront, 58.61, DistDow, 59.27, DistUp, 62.41
, DistFront, 58.61, DistDow, 59.34, DistUp, 63.25
, DistFront, 59.05, DistDow, 59.32, DistUp, 63.27
, DistFront, 59.05, DistDow, 59.32, DistUp, 62.87
, DistFront, 58.64, DistDow, 59.32, DistUp, 64.46
, DistFront, 58.54, DistDow, 58.84, DistUp, 65.31
, DistFront, 58.64, DistDow, 59.27, DistUp, 196.31
, DistFront, 58.64, DistDow, 58.98, DistUp, 3420.48
, DistFront, 48.74, DistDow, 58.98, DistUp, 62.87
, DistFront, 58.64, DistDow, 59.39, DistUp, 64.12
, DistFrontMean, 58.67, DistDowMean, 59.42, DistUpMean, 64.46
, DistFront, 58.98, DistDow, 59.27, DistUp, 64.00
, DistFront, 58.64, DistDow, 58.88, DistUp, 63.55
, DistFront, 58.27, DistDow, 58.98, DistUp, 63.67
, DistFront, 59.05, DistDow, 59.39, DistUp, 64.06
, DistFront, 58.62, DistDow, 58.96, DistUp, 64.00
, DistFront, 58.49, DistDow, 58.83, DistUp, 63.11
, DistFront, 58.95, DistDow, 58.83, DistUp, 62.70
, DistFront, 58.49, DistDow, 58.81, DistUp, 61.85
, DistFront, 58.49, DistDow, 59.25, DistUp, 62.26
, DistFront, 58.49, DistDow, 58.78, DistUp, 62.70
, DistFront, 58.62, DistDow, 59.23, DistUp, 63.18
, DistFront, 58.64, DistDow, 58.91, DistUp, 64.00
, DistFront, 58.25, DistDow, 58.95, DistUp, 63.27
, DistFront, 58.25, DistDow, 58.91, DistUp, 62.47
, DistFront, 58.64, DistDow, 59.32, DistUp, 63.69
, DistFront, 58.64, DistDow, 58.96, DistUp, 63.61
, DistFront, 58.54, DistDow, 59.23, DistUp, 63.62
, DistFront, 58.64, DistDow, 58.83, DistUp, 64.90
, DistFront, 58.64, DistDow, 58.91, DistUp, 3438.52
, DistFront, 49.23, DistDow, 58.88, DistUp, 64.40
, DistFrontMean, 58.49, DistDowMean, 59.61, DistUpMean, 195.92
, DistFront, 58.45, DistDow, 58.78, DistUp, 196.34
, DistFront, 58.42, DistDow, 59.30, DistUp, 7.13
, DistFront, 58.54, DistDow, 58.83, DistUp, 63.52
, DistFront, 58.83, DistDow, 59.56, DistUp, 63.89
, DistFront, 58.52, DistDow, 59.13, DistUp, 196.24
, DistFront, 58.49, DistDow, 58.67, DistUp, 63.84
, DistFront, 58.45, DistDow, 59.18, DistUp, 63.52
, DistFront, 58.45, DistDow, 58.71, DistUp, 63.91
, DistFront, 58.40, DistDow, 59.52, DistUp, 63.89
, DistFront, 58.33, DistDow, 59.10, DistUp, 63.47
, DistFront, 58.74, DistDow, 59.47, DistUp, 62.91
, DistFront, 58.18, DistDow, 58.61, DistUp, 196.96
, DistFront, 58.28, DistDow, 59.03, DistUp, 64.17
, DistFront, 58.18, DistDow, 58.59, DistUp, 62.87
, DistFront, 58.28, DistDow, 59.00, DistUp, 63.69
, DistFront, 58.20, DistDow, 58.98, DistUp, 63.71
, DistFront, 58.18, DistDow, 58.47, DistUp, 62.40
, DistFront, 58.18, DistDow, 58.91, DistUp, 62.84
, DistFront, 58.59, DistDow, 58.45, DistUp, 63.69
, DistFront, 58.13, DistDow, 58.45, DistUp, 64.52
, DistFrontMean, 58.18, DistDowMean, 58.47, DistUpMean, 63.64
, DistFront, 58.27, DistDow, 58.47, DistUp, 63.27
, DistFront, 58.27, DistDow, 59.00, DistUp, 194.88
, DistFront, 58.18, DistDow, 58.47, DistUp, 63.25
, DistFront, 58.61, DistDow, 58.47, DistUp, 63.67
, DistFront, 58.25, DistDow, 58.45, DistUp, 62.40
, DistFront, 58.18, DistDow, 58.45, DistUp, 63.23
, DistFront, 58.71, DistDow, 58.59, DistUp, 62.96
, DistFront, 44.63, DistDow, 58.98, DistUp, 61.99
, DistFront, 58.62, DistDow, 59.03, DistUp, 7.16
, DistFront, 58.76, DistDow, 58.62, DistUp, 63.42
, DistFront, 58.33, DistDow, 59.06, DistUp, 63.91
, DistFront, 58.45, DistDow, 58.74, DistUp, 63.47
, DistFront, 58.38, DistDow, 58.78, DistUp, 63.11
, DistFront, 58.10, DistDow, 58.76, DistUp, 64.00
, DistFront, 58.54, DistDow, 58.83, DistUp, 63.64
, DistFront, 58.69, DistDow, 58.84, DistUp, 63.27
, DistFront, 58.71, DistDow, 59.00, DistUp, 64.68
, DistFront, 58.83, DistDow, 59.12, DistUp, 3.27
, DistFront, 58.84, DistDow, 59.25, DistUp, 7.13
, DistFront, 58.96, DistDow, 59.69, DistUp, 63.96
, DistFrontMean, 58.89, DistDowMean, 59.18, DistUpMean, 63.59
, DistFront, 59.34, DistDow, 60.05, DistUp, 63.59
, DistFront, 59.05, DistDow, 59.76, DistUp, 63.74
, DistFront, 59.40, DistDow, 59.69, DistUp, 171.67
, DistFront, 59.12, DistDow, 59.40, DistUp, 63.83
, DistFront, 58.78, DistDow, 59.47, DistUp, 65.41
, DistFront, 59.17, DistDow, 59.35, DistUp, 64.17
, DistFront, 59.20, DistDow, 59.47, DistUp, 64.59
, DistFront, 59.06, DistDow, 59.39, DistUp, 64.59
, DistFront, 58.74, DistDow, 59.83, DistUp, 64.59
, DistFront, 58.84, DistDow, 59.54, DistUp, 64.69
, DistFront, 44.98, DistDow, 59.88, DistUp, 64.61
, DistFront, 59.25, DistDow, 59.88, DistUp, 64.59
, DistFront, 59.23, DistDow, 59.18, DistUp, 65.46
, DistFront, 59.56, DistDow, 59.49, DistUp, 64.20
, DistFront, 59.25, DistDow, 59.61, DistUp, 63.45
, DistFront, 59.23, DistDow, 59.98, DistUp, 62.62
, DistFront, 45.10, DistDow, 59.90, DistUp, 63.76
, DistFront, 59.13, DistDow, 59.03, DistUp, 63.76
, DistFront, 59.25, DistDow, 59.52, DistUp, 64.68
, DistFront, 58.84, DistDow, 59.98, DistUp, 7.13
, DistFrontMean, 59.23, DistDowMean, 59.97, DistUpMean, 64.18
, DistFront, 59.13, DistDow, 59.42, DistUp, 65.02
, DistFront, 59.20, DistDow, 59.95, DistUp, 63.42
, DistFront, 59.18, DistDow, 60.37, DistUp, 7.13
, DistFront, 59.06, DistDow, 59.95, DistUp, 7.13
, DistFront, 59.18, DistDow, 60.34, DistUp, 64.10
, DistFront, 59.05, DistDow, 59.34, DistUp, 63.67
, DistFront, 58.76, DistDow, 59.83, DistUp, 64.17
, DistFront, 59.12, DistDow, 59.40, DistUp, 63.71
, DistFront, 44.83, DistDow, 59.68, DistUp, 63.16
, DistFront, 58.95, DistDow, 59.69, DistUp, 63.55
, DistFront, 59.03, DistDow, 59.34, DistUp, 64.06
, DistFront, 59.03, DistDow, 59.30, DistUp, 63.18
, DistFront, 45.17, DistDow, 59.54, DistUp, 63.49
, DistFront, 58.81, DistDow, 59.17, DistUp, 63.03
, DistFront, 58.91, DistDow, 59.20, DistUp, 63.42
, DistFront, 58.88, DistDow, 59.20, DistUp, 63.54
, DistFront, 58.88, DistDow, 59.17, DistUp, 62.64
, DistFront, 58.76, DistDow, 59.59, DistUp, 7.16
, DistFront, 59.17, DistDow, 59.17, DistUp, 7.13
, DistFront, 58.83, DistDow, 59.12, DistUp, 63.78
, DistFrontMean, 59.13, DistDowMean, 59.03, DistUpMean, 64.18
, DistFront, 58.71, DistDow, 59.03, DistUp, 64.18
, DistFront, 58.81, DistDow, 59.56, DistUp, 63.45
, DistFront, 58.83, DistDow, 59.54, DistUp, 65.48
, DistFront, 58.84, DistDow, 59.13, DistUp, 195.68
, DistFront, 59.32, DistDow, 59.20, DistUp, 63.98
, DistFront, 58.83, DistDow, 59.54, DistUp, 63.47
, DistFront, 59.40, DistDow, 59.68, DistUp, 196.56
, DistFront, 59.03, DistDow, 59.34, DistUp, 64.54
, DistFront, 59.06, DistDow, 59.35, DistUp, 64.90
, DistFront, 59.46, DistDow, 59.27, DistUp, 64.10
, DistFront, 59.61, DistDow, 59.88, DistUp, 63.42
, DistFront, 59.20, DistDow, 59.52, DistUp, 64.18
, DistFront, 59.12, DistDow, 59.88, DistUp, 196.63
, DistFront, 59.66, DistDow, 59.52, DistUp, 65.54
, DistFront, 59.39, DistDow, 59.69, DistUp, 3415.99
, DistFront, 49.27, DistDow, 59.95, DistUp, 64.66
, DistFront, 45.63, DistDow, 7.77, DistUp, 45.83
, DistFront, 59.98, DistDow, 59.88, DistUp, 65.05
, DistFront, 59.69, DistDow, 59.59, DistUp, 64.32
, DistFront, 60.05, DistDow, 60.34, DistUp, 65.49
, DistFrontMean, 59.35, DistDowMean, 60.48, DistUpMean, 64.78
, DistFront, 59.68, DistDow, 60.39, DistUp, 64.27
, DistFront, 59.78, DistDow, 60.49, DistUp, 64.40
, DistFront, 45.19, DistDow, 60.02, DistUp, 64.32
, DistFront, 59.78, DistDow, 60.10, DistUp, 65.26
, DistFront, 59.71, DistDow, 60.02, DistUp, 63.49
, DistFront, 59.83, DistDow, 60.14, DistUp, 64.46
, DistFront, 59.74, DistDow, 60.48, DistUp, 66.04
, DistFront, 59.85, DistDow, 60.17, DistUp, 63.61
, DistFront, 46.14, DistDow, 60.49, DistUp, 64.35
, DistFront, 60.27, DistDow, 60.19, DistUp, 64.88
, DistFront, 59.78, DistDow, 60.07, DistUp, 63.54
, DistFront, 59.90, DistDow, 60.60, DistUp, 64.49
, DistFront, 59.78, DistDow, 60.49, DistUp, 63.96
, DistFront, 59.90, DistDow, 60.61, DistUp, 63.96
, DistFront, 59.81, DistDow, 60.10, DistUp, 64.81
, DistFront, 59.90, DistDow, 60.19, DistUp, 66.50
, DistFront, 59.90, DistDow, 60.19, DistUp, 64.52
, DistFront, 45.70, DistDow, 60.54, DistUp, 65.27
, DistFront, 59.95, DistDow, 60.20, DistUp, 64.83
, DistFront, 59.81, DistDow, 60.10, DistUp, 63.59
, DistFrontMean, 59.97, DistDowMean, 60.26, DistUpMean, 64.98
, DistFront, 59.85, DistDow, 60.17, DistUp, 64.88
, DistFront, 59.97, DistDow, 60.27, DistUp, 64.85
, DistFront, 59.85, DistDow, 59.74, DistUp, 64.88
, DistFront, 59.98, DistDow, 59.85, DistUp, 64.88
, DistFront, 59.85, DistDow, 59.74, DistUp, 66.17
, DistFront, 59.88, DistDow, 59.74, DistUp, 64.91
, DistFront, 59.97, DistDow, 60.70, DistUp, 64.91
, DistFront, 60.31, DistDow, 60.61, DistUp, 65.39
, DistFront, 59.91, DistDow, 60.61, DistUp, 64.52
, DistFront, 60.02, DistDow, 60.32, DistUp, 64.66
, DistFront, 60.34, DistDow, 60.63, DistUp, 64.54
, DistFront, 59.95, DistDow, 60.19, DistUp, 64.56
, DistFront, 59.66, DistDow, 60.31, DistUp, 64.25
, DistFront, 59.91, DistDow, 60.63, DistUp, 64.98
, DistFront, 59.98, DistDow, 60.31, DistUp, 7.13
, DistFront, 46.19, DistDow, 61.05, DistUp, 64.95
, DistFront, 59.98, DistDow, 59.90, DistUp, 66.63
, DistFront, 59.98, DistDow, 60.31, DistUp, 64.59
, DistFront, 46.28, DistDow, 60.56, DistUp, 64.49
, DistFront, 60.02, DistDow, 59.90, DistUp, 65.46
, DistFrontMean, 59.98, DistDowMean, 60.27, DistUpMean, 65.31
, DistFront, 60.27, DistDow, 60.60, DistUp, 64.59
, DistFront, 59.83, DistDow, 60.12, DistUp, 64.46
, DistFront, 59.90, DistDow, 60.24, DistUp, 64.10
, DistFront, 59.39, DistDow, 60.07, DistUp, 65.66
, DistFront, 59.85, DistDow, 60.14, DistUp, 64.03
, DistFront, 45.61, DistDow, 60.46, DistUp, 64.32
, DistFront, 59.78, DistDow, 60.10, DistUp, 64.35
, DistFront, 45.92, DistDow, 60.41, DistUp, 63.81
, DistFront, 59.69, DistDow, 60.05, DistUp, 63.88
, DistFront, 60.05, DistDow, 59.98, DistUp, 64.56
, DistFront, 60.03, DistDow, 59.85, DistUp, 64.52
, DistFront, 59.61, DistDow, 60.37, DistUp, 7.13
, DistFront, 59.56, DistDow, 59.88, DistUp, 64.13
, DistFront, 59.40, DistDow, 59.69, DistUp, 64.42
, DistFront, 59.47, DistDow, 59.74, DistUp, 64.06
, DistFront, 59.32, DistDow, 59.59, DistUp, 65.20
, DistFront, 59.81, DistDow, 60.10, DistUp, 64.40
, DistFront, 45.95, DistDow, 59.54, DistUp, 64.34
, DistFront, 59.32, DistDow, 59.61, DistUp, 63.98
, DistFront, 59.20, DistDow, 59.90, DistUp, 64.27
, DistFrontMean, 59.18, DistDowMean, 59.91, DistUpMean, 64.25
, DistFront, 59.69, DistDow, 59.95, DistUp, 63.81
, DistFront, 59.13, DistDow, 59.46, DistUp, 63.38
, DistFront, 59.20, DistDow, 59.97, DistUp, 63.47
, DistFront, 59.23, DistDow, 59.97, DistUp, 65.48
, DistFront, 59.10, DistDow, 59.40, DistUp, 63.76
, DistFront, 59.20, DistDow, 59.49, DistUp, 65.03
, DistFront, 59.12, DistDow, 59.81, DistUp, 64.18
, DistFront, 59.61, DistDow, 59.47, DistUp, 170.68
, DistFront, 45.78, DistDow, 59.35, DistUp, 63.32
, DistFront, 59.06, DistDow, 59.34, DistUp, 65.41
, DistFront, 59.17, DistDow, 59.46, DistUp, 65.02
, DistFront, 59.05, DistDow, 59.34, DistUp, 195.05
, DistFront, 59.05, DistDow, 59.81, DistUp, 64.63
, DistFront, 59.18, DistDow, 59.47, DistUp, 3.38
, DistFront, 45.19, DistDow, 59.95, DistUp, 65.12
, DistFront, 59.30, DistDow, 60.03, DistUp, 3407.87
, DistFront, 50.39, DistDow, 59.66, DistUp, 3419.27
, DistFront, 49.66, DistDow, 60.14, DistUp, 63.61
, DistFront, 59.52, DistDow, 60.26, DistUp, 7.13
, DistFront, 59.40, DistDow, 60.17, DistUp, 64.88
, DistFrontMean, 59.95, DistDowMean, 59.47, DistUpMean, 64.00
, DistFront, 59.95, DistDow, 59.85, DistUp, 64.13
, DistFront, 59.40, DistDow, 59.69, DistUp, 64.03
, DistFront, 59.52, DistDow, 59.81, DistUp, 64.13
, DistFront, 44.85, DistDow, 59.69, DistUp, 64.42
, DistFront, 59.47, DistDow, 60.10, DistUp, 64.40
, DistFront, 59.46, DistDow, 59.74, DistUp, 7.13
, DistFront, 59.30, DistDow, 60.03, DistUp, 63.49
, DistFront, 59.34, DistDow, 59.59, DistUp, 63.45
, DistFront, 59.34, DistDow, 59.63, DistUp, 63.96
, DistFront, 59.20, DistDow, 59.47, DistUp, 63.40
, DistFront, 59.27, DistDow, 59.47, DistUp, 63.81
, DistFront, 59.25, DistDow, 59.54, DistUp, 64.32
, DistFront, 44.98, DistDow, 59.42, DistUp, 63.35
, DistFront, 59.12, DistDow, 59.39, DistUp, 63.71
, DistFront, 59.17, DistDow, 59.46, DistUp, 64.68
, DistFront, 59.05, DistDow, 59.34, DistUp, 64.12
, DistFront, 59.00, DistDow, 59.34, DistUp, 63.67
, DistFront, 59.12, DistDow, 59.85, DistUp, 63.33
, DistFront, 59.00, DistDow, 59.30, DistUp, 63.62
, DistFront, 58.96, DistDow, 59.30, DistUp, 63.62
, DistFrontMean, 59.05, DistDowMean, 59.68, DistUpMean, 63.55
, DistFront, 59.05, DistDow, 59.81, DistUp, 64.06
, DistFront, 58.91, DistDow, 59.35, DistUp, 7.16
, DistFront, 59.32, DistDow, 59.20, DistUp, 63.95
, DistFront, 58.91, DistDow, 59.20, DistUp, 195.63
, DistFront, 58.81, DistDow, 59.13, DistUp, 62.57
, DistFront, 58.91, DistDow, 59.10, DistUp, 62.98
, DistFront, 58.88, DistDow, 59.61, DistUp, 64.34
, DistFront, 58.71, DistDow, 59.54, DistUp, 63.78
, DistFront, 58.64, DistDow, 59.40, DistUp, 63.74
, DistFront, 58.61, DistDow, 58.89, DistUp, 63.27
, DistFront, 58.64, DistDow, 59.39, DistUp, 63.20
, DistFront, 58.59, DistDow, 59.32, DistUp, 64.49
, DistFront, 58.54, DistDow, 58.83, DistUp, 63.91
, DistFront, 58.35, DistDow, 59.06, DistUp, 62.98
, DistFront, 58.28, DistDow, 58.55, DistUp, 63.32
, DistFront, 58.20, DistDow, 58.49, DistUp, 61.96
, DistFront, 58.11, DistDow, 58.38, DistUp, 62.26
, DistFront, 58.40, DistDow, 58.69, DistUp, 63.40
, DistFront, 57.87, DistDow, 58.18, DistUp, 63.32
, DistFront, 58.16, DistDow, 58.11, DistUp, 7.13
, DistFrontMean, 57.76, DistDowMean, 58.49, DistUpMean, 62.77
, DistFront, 57.67, DistDow, 58.38, DistUp, 62.69
, DistFront, 57.52, DistDow, 58.25, DistUp, 62.13
, DistFront, 57.38, DistDow, 57.69, DistUp, 62.41
, DistFront, 57.26, DistDow, 57.41, DistUp, 61.77
, DistFront, 57.02, DistDow, 57.84, DistUp, 61.63
, DistFront, 57.02, DistDow, 57.28, DistUp, 62.48
, DistFront, 56.90, DistDow, 57.19, DistUp, 195.14
, DistFront, 56.77, DistDow, 57.04, DistUp, 193.95
, DistFront, 56.68, DistDow, 57.33, DistUp, 63.04
, DistFront, 56.46, DistDow, 57.28, DistUp, 194.61
, DistFront, 56.38, DistDow, 57.18, DistUp, 194.03
, DistFront, 56.45, DistDow, 57.13, DistUp, 63.67
, DistFront, 56.31, DistDow, 56.68, DistUp, 61.85
, DistFront, 56.82, DistDow, 56.97, DistUp, 195.19
, DistFront, 56.41, DistDow, 56.53, DistUp, 193.95
, DistFront, 57.04, DistDow, 57.74, DistUp, 3.38
, DistFront, 56.68, DistDow, 57.40, DistUp, 62.64
, DistFront, 56.67, DistDow, 56.92, DistUp, 194.85
, DistFront, 56.82, DistDow, 57.13, DistUp, 61.41
, DistFront, 56.92, DistDow, 57.55, DistUp, 63.18
, DistFrontMean, 56.96, DistDowMean, 57.16, DistUpMean, 62.38
, DistFront, 56.99, DistDow, 57.62, DistUp, 62.41
, DistFront, 57.02, DistDow, 57.41, DistUp, 194.30
, DistFront, 57.64, DistDow, 57.96, DistUp, 63.06
, DistFront, 57.19, DistDow, 57.93, DistUp, 61.46
, DistFront, 57.38, DistDow, 58.13, DistUp, 62.82
, DistFront, 57.52, DistDow, 58.23, DistUp, 62.62
, DistFront, 57.62, DistDow, 57.93, DistUp, 62.99
, DistFront, 57.67, DistDow, 58.38, DistUp, 62.64
, DistFront, 57.76, DistDow, 58.78, DistUp, 63.59
, DistFront, 57.81, DistDow, 58.52, DistUp, 61.92
, DistFront, 57.89, DistDow, 58.61, DistUp, 64.10
, DistFront, 57.93, DistDow, 58.64, DistUp, 62.48
, DistFront, 57.98, DistDow, 58.61, DistUp, 62.52
, DistFront, 57.99, DistDow, 58.74, DistUp, 63.38
, DistFront, 58.47, DistDow, 58.78, DistUp, 62.13
, DistFront, 58.04, DistDow, 58.27, DistUp, 62.55
, DistFront, 57.96, DistDow, 59.13, DistUp, 62.55
, DistFront, 43.95, DistDow, 58.32, DistUp, 64.27
, DistFront, 44.78, DistDow, 58.74, DistUp, 63.42
, DistFront, 58.06, DistDow, 58.28, DistUp, 62.53
, DistFrontMean, 58.03, DistDowMean, 58.23, DistUpMean, 62.89
, DistFront, 58.40, DistDow, 58.74, DistUp, 62.53
, DistFront, 57.93, DistDow, 58.25, DistUp, 63.23
, DistFront, 58.27, DistDow, 58.59, DistUp, 61.85
, DistFront, 57.77, DistDow, 57.99, DistUp, 63.10
, DistFront, 57.99, DistDow, 58.35, DistUp, 61.73
, DistFront, 43.45, DistDow, 57.93, DistUp, 7.16
, DistFront, 57.52, DistDow, 57.89, DistUp, 7.04
, DistFront, 43.78, DistDow, 57.74, DistUp, 7.13
, DistFront, 44.20, DistDow, 57.81, DistUp, 62.38
, DistFront, 43.32, DistDow, 58.16, DistUp, 7.04
, DistFront, 43.55, DistDow, 58.10, DistUp, 7.13
, DistFront, 43.55, DistDow, 58.04, DistUp, 7.13
, DistFront, 57.06, DistDow, 57.53, DistUp, 60.73
, DistFront, 43.47, DistDow, 57.48, DistUp, 7.13
, DistFront, 43.25, DistDow, 57.74, DistUp, 7.02
, DistFront, 43.25, DistDow, 58.20, DistUp, 7.16
, DistFront, 43.49, DistDow, 57.18, DistUp, 60.32
, DistFront, 57.18, DistDow, 57.60, DistUp, 7.16
, DistFront, 43.23, DistDow, 56.97, DistUp, 60.07
, DistFront, 42.41, DistDow, 56.97, DistUp, 7.13
, DistFrontMean, 56.50, DistDowMean, 56.82, DistUpMean, 7.04
, DistFront, 56.34, DistDow, 57.28, DistUp, 59.97
, DistFront, 42.35, DistDow, 57.24, DistUp, 59.35
, DistFront, 42.55, DistDow, 57.53, DistUp, 59.39
, DistFront, 56.17, DistDow, 57.33, DistUp, 59.56
, DistFront, 56.09, DistDow, 57.21, DistUp, 7.04
, DistFront, 55.97, DistDow, 56.41, DistUp, 59.83
, DistFront, 55.56, DistDow, 56.80, DistUp, 60.32
, DistFront, 55.56, DistDow, 57.24, DistUp, 59.90
, DistFront, 55.85, DistDow, 56.84, DistUp, 59.06
, DistFront, 55.97, DistDow, 56.73, DistUp, 7.09
, DistFront, 56.09, DistDow, 56.41, DistUp, 59.12
, DistFront, 42.06, DistDow, 56.62, DistUp, 7.16
, DistFront, 41.96, DistDow, 56.68, DistUp, 60.17
, DistFront, 56.21, DistDow, 56.63, DistUp, 59.63
, DistFront, 42.47, DistDow, 57.06, DistUp, 59.17
, DistFront, 56.12, DistDow, 56.56, DistUp, 59.17
, DistFront, 56.05, DistDow, 56.53, DistUp, 59.95
, DistFront, 55.90, DistDow, 56.84, DistUp, 7.13
, DistFront, 55.78, DistDow, 56.75, DistUp, 59.00
, DistFront, 41.70, DistDow, 56.60, DistUp, 59.27
, DistFrontMean, 56.12, DistDowMean, 56.67, DistUpMean, 59.34
, DistFront, 55.77, DistDow, 56.63, DistUp, 7.16
, DistFront, 41.68, DistDow, 56.19, DistUp, 7.13
, DistFront, 41.56, DistDow, 56.09, DistUp, 7.13
, DistFront, 41.96, DistDow, 56.12, DistUp, 59.27
, DistFront, 55.61, DistDow, 56.53, DistUp, 7.13
, DistFront, 41.50, DistDow, 56.41, DistUp, 59.56
, DistFront, 41.60, DistDow, 56.53, DistUp, 7.16
, DistFront, 55.73, DistDow, 56.97, DistUp, 59.69
, DistFront, 41.92, DistDow, 56.14, DistUp, 59.30
, DistFront, 41.67, DistDow, 56.09, DistUp, 7.04
, DistFront, 42.45, DistDow, 56.24, DistUp, 7.13
, DistFront, 42.06, DistDow, 56.14, DistUp, 7.16
, DistFront, 42.26, DistDow, 57.18, DistUp, 7.04
, DistFront, 42.38, DistDow, 57.28, DistUp, 7.13
, DistFront, 42.76, DistDow, 56.92, DistUp, 59.32
, DistFront, 42.52, DistDow, 56.97, DistUp, 7.04
, DistFront, 42.55, DistDow, 57.09, DistUp, 7.13
, DistFront, 56.67, DistDow, 57.18, DistUp, 7.13
, DistFront, 42.21, DistDow, 56.73, DistUp, 7.04
, DistFront, 56.53, DistDow, 57.33, DistUp, 7.04
, DistFrontMean, 56.45, DistDowMean, 56.85, DistUpMean, 7.13
, DistFront, 56.96, DistDow, 57.02, DistUp, 7.16
, DistFront, 43.06, DistDow, 7.67, DistUp, 43.71
, DistFront, 42.99, DistDow, 57.18, DistUp, 7.16
, DistFront, 56.89, DistDow, 57.18, DistUp, 7.04
, DistFront, 42.87, DistDow, 57.74, DistUp, 60.97
, DistFront, 43.20, DistDow, 57.31, DistUp, 7.04
, DistFront, 57.09, DistDow, 57.96, DistUp, 61.12
, DistFront, 43.89, DistDow, 57.99, DistUp, 7.04
, DistFront, 57.24, DistDow, 58.10, DistUp, 7.13
, DistFront, 43.16, DistDow, 57.74, DistUp, 7.04
, DistFront, 43.16, DistDow, 58.49, DistUp, 7.13
, DistFront, 43.67, DistDow, 57.81, DistUp, 7.16
, DistFront, 44.00, DistDow, 57.74, DistUp, 7.04
, DistFront, 43.32, DistDow, 58.25, DistUp, 7.13
, DistFront, 43.23, DistDow, 57.77, DistUp, 7.04
, DistFront, 43.55, DistDow, 58.74, DistUp, 61.82
, DistFront, 44.20, DistDow, 57.96, DistUp, 7.16
, DistFront, 44.17, DistDow, 57.93, DistUp, 7.04
, DistFront, 43.76, DistDow, 57.96, DistUp, 61.46
, DistFront, 44.32, DistDow, 58.81, DistUp, 7.16
, DistFrontMean, 57.55, DistDowMean, 58.40, DistUpMean, 7.13
, DistFront, 57.55, DistDow, 58.38, DistUp, 7.16
, DistFront, 43.84, DistDow, 58.25, DistUp, 7.13
, DistFront, 43.96, DistDow, 57.96, DistUp, 7.16
, DistFront, 43.45, DistDow, 57.82, DistUp, 7.04
, DistFront, 57.98, DistDow, 58.35, DistUp, 7.13
, DistFront, 43.81, DistDow, 58.33, DistUp, 7.02
, DistFront, 57.87, DistDow, 57.91, DistUp, 61.92
, DistFront, 43.91, DistDow, 57.89, DistUp, 7.13
, DistFront, 44.27, DistDow, 57.89, DistUp, 7.04
, DistFront, 43.74, DistDow, 58.20, DistUp, 7.16
, DistFront, 43.47, DistDow, 58.28, DistUp, 7.13
, DistFront, 57.41, DistDow, 58.20, DistUp, 61.90
, DistFront, 43.35, DistDow, 57.91, DistUp, 7.13
, DistFront, 57.55, DistDow, 58.32, DistUp, 61.56
, DistFront, 43.04, DistDow, 58.25, DistUp, 62.04
, DistFront, 57.52, DistDow, 57.87, DistUp, 61.63
, DistFront, 43.83, DistDow, 58.03, DistUp, 7.13
, DistFront, 43.67, DistDow, 58.06, DistUp, 7.16
, DistFront, 57.64, DistDow, 58.42, DistUp, 61.38
, DistFront, 44.05, DistDow, 58.47, DistUp, 61.82
, DistFrontMean, 57.74, DistDowMean, 58.62, DistUpMean, 7.13
, DistFront, 58.28, DistDow, 58.67, DistUp, 7.13
, DistFront, 44.39, DistDow, 7.77, DistUp, 45.05
, DistFront, 44.46, DistDow, 58.74, DistUp, 61.67
, DistFront, 58.47, DistDow, 59.25, DistUp, 62.19
, DistFront, 58.11, DistDow, 58.52, DistUp, 62.69
, DistFront, 44.12, DistDow, 58.61, DistUp, 7.04
, DistFront, 44.20, DistDow, 58.54, DistUp, 62.38
, DistFront, 58.38, DistDow, 59.17, DistUp, 63.67
, DistFront, 58.42, DistDow, 58.76, DistUp, 63.45
, DistFront, 58.91, DistDow, 58.83, DistUp, 63.49
, DistFront, 58.52, DistDow, 58.84, DistUp, 63.42
, DistFront, 58.47, DistDow, 59.20, DistUp, 63.03
, DistFront, 58.89, DistDow, 58.78, DistUp, 63.03
, DistFront, 58.62, DistDow, 59.27, DistUp, 62.18
, DistFront, 58.61, DistDow, 58.96, DistUp, 62.18
, DistFront, 44.52, DistDow, 59.00, DistUp, 7.16
, DistFront, 45.19, DistDow, 59.40, DistUp, 7.04
, DistFront, 58.52, DistDow, 58.95, DistUp, 7.04
, DistFront, 58.52, DistDow, 59.35, DistUp, 62.53
, DistFront, 43.96, DistDow, 58.95, DistUp, 7.04
, DistFrontMean, 58.54, DistDowMean, 58.95, DistUpMean, 7.16
, DistFront, 58.49, DistDow, 59.46, DistUp, 61.67
, DistFront, 44.81, DistDow, 59.30, DistUp, 7.16
, DistFront, 58.55, DistDow, 58.96, DistUp, 7.16
, DistFront, 44.17, DistDow, 58.95, DistUp, 7.13
, DistFront, 44.97, DistDow, 59.40, DistUp, 62.24
, DistFront, 44.56, DistDow, 59.00, DistUp, 61.84
, DistFront, 45.02, DistDow, 59.40, DistUp, 63.13
, DistFront, 44.61, DistDow, 59.00, DistUp, 62.33
, DistFront, 58.67, DistDow, 59.40, DistUp, 62.67
, DistFront, 58.61, DistDow, 59.35, DistUp, 7.04
, DistFront, 58.64, DistDow, 59.40, DistUp, 62.77
, DistFront, 45.49, DistDow, 59.13, DistUp, 62.53
, DistFront, 58.84, DistDow, 59.61, DistUp, 62.57
, DistFront, 58.83, DistDow, 60.02, DistUp, 62.91
, DistFront, 45.19, DistDow, 59.66, DistUp, 62.96
, DistFront, 45.34, DistDow, 59.81, DistUp, 7.13
, DistFront, 45.02, DistDow, 59.40, DistUp, 7.16
, DistFront, 45.02, DistDow, 59.46, DistUp, 63.62
, DistFront, 44.61, DistDow, 59.52, DistUp, 7.13
, DistFront, 45.05, DistDow, 59.97, DistUp, 7.16
, DistFrontMean, 59.20, DistDowMean, 59.98, DistUpMean, 7.16
, DistFront, 59.25, DistDow, 60.46, DistUp, 62.45
, DistFront, 46.11, DistDow, 7.67, DistUp, 45.85
, DistFront, 45.73, DistDow, 8.23, DistUp, 45.99
, DistFront, 45.46, DistDow, 8.64, DistUp, 45.26
, DistFront, 45.39, DistDow, 60.14, DistUp, 63.47
, DistFront, 45.77, DistDow, 60.27, DistUp, 64.05
, DistFront, 59.90, DistDow, 60.24, DistUp, 64.00
, DistFront, 59.61, DistDow, 60.39, DistUp, 65.02
, DistFront, 59.54, DistDow, 59.90, DistUp, 7.02
, DistFront, 45.90, DistDow, 59.91, DistUp, 7.02
, DistFront, 46.33, DistDow, 59.91, DistUp, 7.04
, DistFront, 59.69, DistDow, 60.49, DistUp, 7.13
, DistFront, 59.34, DistDow, 60.10, DistUp, 7.13
, DistFront, 59.71, DistDow, 60.10, DistUp, 7.16
, DistFront, 59.63, DistDow, 60.03, DistUp, 7.13
, DistFront, 45.88, DistDow, 60.39, DistUp, 63.33
, DistFront, 60.14, DistDow, 60.05, DistUp, 7.16
, DistFront, 46.55, DistDow, 60.49, DistUp, 63.47
, DistFront, 45.60, DistDow, 60.39, DistUp, 63.35
, DistFront, 46.39, DistDow, 60.49, DistUp, 63.47
, DistFrontMean, 59.74, DistDowMean, 60.49, DistUpMean, 7.16
, DistFront, 59.63, DistDow, 59.98, DistUp, 7.13
, DistFront, 59.63, DistDow, 59.95, DistUp, 64.20
, DistFront, 59.71, DistDow, 60.48, DistUp, 64.74
, DistFront, 59.61, DistDow, 59.90, DistUp, 65.07
, DistFront, 59.69, DistDow, 60.46, DistUp, 7.16
, DistFront, 46.04, DistDow, 60.34, DistUp, 63.38
, DistFront, 59.69, DistDow, 59.97, DistUp, 64.30
, DistFront, 59.98, DistDow, 60.27, DistUp, 63.76
, DistFront, 60.05, DistDow, 59.95, DistUp, 63.42
, DistFront, 59.49, DistDow, 59.78, DistUp, 63.71
, DistFront, 59.61, DistDow, 59.90, DistUp, 63.74
, DistFront, 59.90, DistDow, 59.76, DistUp, 65.78
, DistFront, 59.56, DistDow, 59.85, DistUp, 66.19
, DistFront, 59.85, DistDow, 59.71, DistUp, 64.47
, DistFront, 59.52, DistDow, 59.83, DistUp, 63.18
, DistFront, 59.81, DistDow, 59.66, DistUp, 64.42
, DistFront, 59.88, DistDow, 60.17, DistUp, 7.13
, DistFront, 45.99, DistDow, 59.61, DistUp, 64.39
, DistFront, 59.81, DistDow, 60.12, DistUp, 170.85
, DistFront, 59.66, DistDow, 59.97, DistUp, 63.88
, DistFrontMean, 59.74, DistDowMean, 59.98, DistUpMean, 63.98
, DistFront, 59.18, DistDow, 59.49, DistUp, 63.83
, DistFront, 59.23, DistDow, 59.52, DistUp, 64.71
, DistFront, 59.17, DistDow, 59.52, DistUp, 7.16
, DistFront, 59.00, DistDow, 59.76, DistUp, 64.06
, DistFront, 59.06, DistDow, 59.32, DistUp, 63.59
, DistFront, 59.47, DistDow, 59.35, DistUp, 62.77
, DistFront, 58.91, DistDow, 59.74, DistUp, 63.47
, DistFront, 59.27, DistDow, 59.17, DistUp, 62.98
, DistFront, 58.88, DistDow, 59.20, DistUp, 63.47
, DistFront, 58.81, DistDow, 59.13, DistUp, 63.88
, DistFront, 44.76, DistDow, 8.54, DistUp, 44.06
, DistFront, 59.03, DistDow, 58.91, DistUp, 63.62
, DistFront, 59.12, DistDow, 58.88, DistUp, 63.61
, DistFront, 58.64, DistDow, 59.39, DistUp, 64.12
, DistFront, 58.64, DistDow, 58.96, DistUp, 63.55
, DistFront, 58.49, DistDow, 58.84, DistUp, 62.26
, DistFront, 58.52, DistDow, 59.25, DistUp, 64.35
, DistFront, 58.49, DistDow, 58.83, DistUp, 62.64
, DistFront, 58.61, DistDow, 59.74, DistUp, 62.76
, DistFront, 58.55, DistDow, 58.91, DistUp, 194.20
, DistFrontMean, 58.55, DistDowMean, 58.89, DistUpMean, 197.98
, DistFront, 58.88, DistDow, 58.88, DistUp, 194.20
, DistFront, 58.59, DistDow, 58.78, DistUp, 195.41
, DistFront, 58.91, DistDow, 59.20, DistUp, 194.25
, DistFront, 44.97, DistDow, 7.77, DistUp, 45.05
, DistFront, 58.62, DistDow, 59.35, DistUp, 64.54
, DistFront, 58.49, DistDow, 58.84, DistUp, 63.11
, DistFront, 58.96, DistDow, 59.25, DistUp, 63.11
, DistFront, 58.67, DistDow, 59.35, DistUp, 62.82
, DistFront, 58.67, DistDow, 59.40, DistUp, 62.82
, DistFront, 58.67, DistDow, 59.40, DistUp, 63.59
, DistFront, 58.55, DistDow, 59.30, DistUp, 63.59
, DistFront, 59.12, DistDow, 59.85, DistUp, 63.55
, DistFront, 58.71, DistDow, 59.46, DistUp, 63.28
, DistFront, 44.49, DistDow, 59.05, DistUp, 7.16
, DistFront, 44.32, DistDow, 59.05, DistUp, 63.27
, DistFront, 44.98, DistDow, 59.52, DistUp, 62.33
, DistFront, 45.03, DistDow, 59.46, DistUp, 7.02
, DistFront, 59.12, DistDow, 59.05, DistUp, 7.13
, DistFront, 58.71, DistDow, 59.90, DistUp, 7.13
, DistFront, 45.05, DistDow, 59.20, DistUp, 7.13
, DistFrontMean, 58.91, DistDowMean, 60.10, DistUpMean, 63.42
, DistFront, 58.89, DistDow, 59.69, DistUp, 63.04
, DistFront, 58.96, DistDow, 59.69, DistUp, 7.13
, DistFront, 44.97, DistDow, 59.76, DistUp, 63.10
, DistFront, 45.14, DistDow, 59.25, DistUp, 62.57
, DistFront, 44.90, DistDow, 59.69, DistUp, 63.42
, DistFront, 59.06, DistDow, 60.27, DistUp, 7.16
, DistFront, 44.90, DistDow, 59.46, DistUp, 7.16
, DistFront, 44.95, DistDow, 59.91, DistUp, 63.10
, DistFront, 58.76, DistDow, 59.91, DistUp, 63.13
, DistFront, 59.52, DistDow, 59.46, DistUp, 7.04
, DistFront, 45.83, DistDow, 59.91, DistUp, 62.81
, DistFront, 46.31, DistDow, 59.61, DistUp, 63.81
, DistFront, 46.34, DistDow, 59.66, DistUp, 63.28
, DistFront, 59.20, DistDow, 60.02, DistUp, 63.33
, DistFront, 59.35, DistDow, 59.69, DistUp, 7.16
, DistFront, 45.75, DistDow, 59.76, DistUp, 63.54
, DistFront, 45.17, DistDow, 60.12, DistUp, 7.16
, DistFront, 46.04, DistDow, 59.71, DistUp, 7.04
, DistFront, 59.39, DistDow, 60.14, DistUp, 63.11
, DistFront, 59.56, DistDow, 60.27, DistUp, 64.49
, DistFrontMean, 59.42, DistDowMean, 59.78, DistUpMean, 64.42
, DistFront, 59.54, DistDow, 59.90, DistUp, 7.13
, DistFront, 59.56, DistDow, 59.90, DistUp, 64.12
, DistFront, 45.78, DistDow, 60.26, DistUp, 64.03
, DistFront, 45.83, DistDow, 59.95, DistUp, 63.61
, DistFront, 59.61, DistDow, 60.34, DistUp, 7.13
, DistFront, 59.49, DistDow, 59.85, DistUp, 63.62
, DistFront, 45.56, DistDow, 60.03, DistUp, 7.04
, DistFront, 59.68, DistDow, 60.02, DistUp, 7.13
, DistFront, 46.46, DistDow, 60.48, DistUp, 63.69
, DistFront, 45.95, DistDow, 59.97, DistUp, 7.04
, DistFront, 45.88, DistDow, 59.97, DistUp, 63.67
, DistFront, 46.46, DistDow, 60.07, DistUp, 63.67
, DistFront, 45.49, DistDow, 59.97, DistUp, 7.04
, DistFront, 45.90, DistDow, 60.32, DistUp, 64.47
, DistFront, 45.95, DistDow, 60.02, DistUp, 7.13
, DistFront, 45.56, DistDow, 59.97, DistUp, 7.13
, DistFront, 45.49, DistDow, 60.32, DistUp, 7.16
, DistFront, 45.66, DistDow, 60.20, DistUp, 7.02
, DistFront, 45.70, DistDow, 60.56, DistUp, 63.83
, DistFront, 46.11, DistDow, 59.76, DistUp, 7.16
, DistFrontMean, 59.34, DistDowMean, 60.12, DistUpMean, 7.16
, DistFront, 59.30, DistDow, 60.05, DistUp, 7.13
, DistFront, 45.61, DistDow, 59.97, DistUp, 7.13
, DistFront, 45.17, DistDow, 60.32, DistUp, 7.16
, DistFront, 44.97, DistDow, 59.76, DistUp, 63.81
, DistFront, 45.05, DistDow, 59.56, DistUp, 7.04
, DistFront, 44.90, DistDow, 59.40, DistUp, 61.84
, DistFront, 44.39, DistDow, 58.89, DistUp, 7.13
, DistFront, 58.35, DistDow, 59.23, DistUp, 62.35
, DistFront, 44.00, DistDow, 58.98, DistUp, 7.13
, DistFront, 44.05, DistDow, 58.54, DistUp, 7.16
, DistFront, 44.34, DistDow, 58.38, DistUp, 7.16
, DistFront, 44.10, DistDow, 58.18, DistUp, 7.04
, DistFront, 57.76, DistDow, 58.54, DistUp, 7.13
, DistFront, 44.34, DistDow, 58.42, DistUp, 7.04
, DistFront, 44.13, DistDow, 58.23, DistUp, 7.04
, DistFront, 44.13, DistDow, 57.77, DistUp, 7.16
, DistFront, 43.52, DistDow, 58.04, DistUp, 7.04
, DistFront, 42.91, DistDow, 57.40, DistUp, 7.13
, DistFront, 43.76, DistDow, 58.20, DistUp, 60.61
, DistFront, 43.23, DistDow, 57.64, DistUp, 59.98
, DistFrontMean, 56.82, DistDowMean, 57.47, DistUpMean, 7.04
, DistFront, 56.60, DistDow, 57.48, DistUp, 60.73
, DistFront, 56.53, DistDow, 57.33, DistUp, 7.04
, DistFront, 56.45, DistDow, 57.64, DistUp, 60.03
, DistFront, 42.21, DistDow, 57.02, DistUp, 7.04
, DistFront, 42.57, DistDow, 56.68, DistUp, 7.04
, DistFront, 42.41, DistDow, 56.60, DistUp, 7.13
, DistFront, 41.92, DistDow, 56.41, DistUp, 7.04
, DistFront, 41.96, DistDow, 56.48, DistUp, 7.04
, DistFront, 42.24, DistDow, 56.41, DistUp, 7.13
, DistFront, 42.16, DistDow, 56.24, DistUp, 7.16
, DistFront, 41.82, DistDow, 57.18, DistUp, 7.04
, DistFront, 41.67, DistDow, 56.31, DistUp, 7.16
, DistFront, 41.62, DistDow, 57.13, DistUp, 7.13
, DistFront, 41.62, DistDow, 56.17, DistUp, 7.04
, DistFront, 55.82, DistDow, 56.56, DistUp, 7.02
, DistFront, 42.13, DistDow, 56.67, DistUp, 7.13
, DistFront, 42.04, DistDow, 56.24, DistUp, 7.16
, DistFront, 42.48, DistDow, 56.19, DistUp, 7.04
, DistFront, 41.82, DistDow, 56.31, DistUp, 7.04
, DistFront, 55.97, DistDow, 56.77, DistUp, 7.04
, DistFrontMean, 55.99, DistDowMean, 56.70, DistUpMean, 7.04
, DistFront, 55.95, DistDow, 56.85, DistUp, 7.16
, DistFront, 42.06, DistDow, 56.41, DistUp, 7.13
, DistFront, 56.21, DistDow, 57.41, DistUp, 59.81
, DistFront, 56.33, DistDow, 57.13, DistUp, 7.13
, DistFront, 56.75, DistDow, 57.11, DistUp, 60.46
, DistFront, 42.52, DistDow, 57.74, DistUp, 61.11
, DistFront, 56.62, DistDow, 57.74, DistUp, 60.27
, DistFront, 57.18, DistDow, 57.55, DistUp, 60.88
, DistFront, 57.26, DistDow, 57.67, DistUp, 60.88
, DistFront, 57.26, DistDow, 57.64, DistUp, 7.13
, DistFront, 57.04, DistDow, 57.81, DistUp, 61.99
, DistFront, 42.91, DistDow, 57.40, DistUp, 7.02
, DistFront, 57.18, DistDow, 57.93, DistUp, 7.13
, DistFront, 42.99, DistDow, 57.48, DistUp, 7.04
, DistFront, 42.99, DistDow, 58.04, DistUp, 7.13
, DistFront, 43.20, DistDow, 58.10, DistUp, 7.04
, DistFront, 57.21, DistDow, 57.57, DistUp, 61.77
, DistFront, 57.38, DistDow, 58.13, DistUp, 61.89
, DistFront, 57.38, DistDow, 57.74, DistUp, 61.48
, DistFront, 43.20, DistDow, 58.52, DistUp, 7.04
, DistFrontMean, 57.31, DistDowMean, 58.49, DistUpMean, 61.38
, DistFront, 57.81, DistDow, 58.47, DistUp, 7.04
, DistFront, 43.61, DistDow, 57.74, DistUp, 60.56
, DistFront, 43.76, DistDow, 58.13, DistUp, 60.56
, DistFront, 57.33, DistDow, 57.99, DistUp, 7.04
, DistFront, 43.10, DistDow, 58.49, DistUp, 61.38
, DistFront, 43.18, DistDow, 57.64, DistUp, 7.16
, DistFront, 43.89, DistDow, 57.64, DistUp, 7.04
, DistFront, 42.99, DistDow, 57.99, DistUp, 61.24
, DistFront, 43.11, DistDow, 57.60, DistUp, 61.17
, DistFront, 43.84, DistDow, 57.53, DistUp, 7.04
, DistFront, 42.87, DistDow, 57.96, DistUp, 61.09
, DistFront, 43.32, DistDow, 57.48, DistUp, 7.16
, DistFront, 43.67, DistDow, 57.33, DistUp, 7.02
, DistFront, 42.70, DistDow, 57.74, DistUp, 7.16
, DistFront, 43.62, DistDow, 57.69, DistUp, 7.13
, DistFront, 43.04, DistDow, 57.13, DistUp, 7.04
, DistFront, 56.77, DistDow, 57.60, DistUp, 7.04
, DistFront, 42.91, DistDow, 57.16, DistUp, 61.02
, DistFront, 42.57, DistDow, 57.93, DistUp, 7.13
, DistFront, 56.55, DistDow, 57.48, DistUp, 60.24
, DistFrontMean, 57.04, DistDowMean, 57.47, DistUpMean, 7.13
, DistFront, 56.60, DistDow, 57.41, DistUp, 7.16
, DistFront, 42.89, DistDow, 56.89, DistUp, 59.69
, DistFront, 42.99, DistDow, 56.96, DistUp, 7.06
, DistFront, 42.41, DistDow, 57.77, DistUp, 60.10
, DistFront, 42.48, DistDow, 56.90, DistUp, 60.02
, DistFront, 43.13, DistDow, 57.35, DistUp, 60.10
, DistFront, 42.45, DistDow, 56.96, DistUp, 59.98
, DistFront, 42.76, DistDow, 56.97, DistUp, 60.07
, DistFront, 42.47, DistDow, 56.97, DistUp, 7.13
, DistFront, 42.45, DistDow, 56.97, DistUp, 7.04
, DistFront, 42.40, DistDow, 57.81, DistUp, 60.10
, DistFront, 56.55, DistDow, 57.40, DistUp, 7.04
, DistFront, 56.46, DistDow, 57.84, DistUp, 7.16
, DistFront, 42.06, DistDow, 57.82, DistUp, 7.04
, DistFront, 42.35, DistDow, 57.02, DistUp, 7.16
, DistFront, 56.62, DistDow, 57.89, DistUp, 7.04
, DistFront, 42.84, DistDow, 57.09, DistUp, 7.16
, DistFront, 42.99, DistDow, 57.47, DistUp, 7.04
, DistFront, 42.89, DistDow, 57.53, DistUp, 61.09
, DistFront, 56.73, DistDow, 57.16, DistUp, 7.04
, DistFrontMean, 56.75, DistDowMean, 57.89, DistUpMean, 7.04
, DistFront, 56.67, DistDow, 57.09, DistUp, 6.31
, DistFront, 42.82, DistDow, 57.60, DistUp, 61.31
, DistFront, 43.16, DistDow, 57.53, DistUp, 62.09
, DistFront, 42.81, DistDow, 57.28, DistUp, 60.53
, DistFront, 56.90, DistDow, 57.33, DistUp, 7.04
, DistFront, 56.85, DistDow, 57.81, DistUp, 61.04
, DistFront, 57.02, DistDow, 57.82, DistUp, 60.24
, DistFront, 57.47, DistDow, 57.33, DistUp, 60.56
, DistFront, 57.09, DistDow, 57.48, DistUp, 61.55
, DistFront, 57.13, DistDow, 57.48, DistUp, 61.46
, DistFront, 57.02, DistDow, 57.38, DistUp, 61.09
, DistFront, 43.06, DistDow, 57.93, DistUp, 60.78
, DistFront, 43.47, DistDow, 57.53, DistUp, 60.27
, DistFront, 43.35, DistDow, 57.89, DistUp, 7.04
, DistFront, 57.18, DistDow, 57.99, DistUp, 7.16
, DistFront, 43.84, DistDow, 57.89, DistUp, 7.02
, DistFront, 43.71, DistDow, 58.04, DistUp, 61.28
, DistFront, 43.16, DistDow, 58.03, DistUp, 7.13
, DistFront, 43.04, DistDow, 57.98, DistUp, 61.21
, DistFront, 43.89, DistDow, 57.60, DistUp, 7.13
, DistFrontMean, 57.31, DistDowMean, 58.13, DistUpMean, 7.13
, DistFront, 57.76, DistDow, 57.74, DistUp, 7.16
, DistFront, 44.10, DistDow, 57.74, DistUp, 7.04
, DistFront, 44.17, DistDow, 58.10, DistUp, 7.16
, DistFront, 57.82, DistDow, 57.81, DistUp, 61.04
, DistFront, 43.83, DistDow, 58.25, DistUp, 7.04
, DistFront, 43.67, DistDow, 57.74, DistUp, 7.04
, DistFront, 44.20, DistDow, 57.82, DistUp, 61.89
, DistFront, 43.81, DistDow, 57.84, DistUp, 7.16
, DistFront, 44.12, DistDow, 57.74, DistUp, 7.04
, DistFront, 57.87, DistDow, 58.25, DistUp, 7.16
, DistFront, 44.20, DistDow, 57.84, DistUp, 7.16
, DistFront, 43.64, DistDow, 58.13, DistUp, 7.04
, DistFront, 57.40, DistDow, 58.23, DistUp, 7.13
, DistFront, 43.74, DistDow, 58.20, DistUp, 7.04
, DistFront, 43.64, DistDow, 57.74, DistUp, 7.13
, DistFront, 43.69, DistDow, 58.18, DistUp, 7.16
, DistFront, 43.61, DistDow, 57.67, DistUp, 7.02
, DistFront, 57.35, DistDow, 57.76, DistUp, 7.13
, DistFront, 43.95, DistDow, 57.77, DistUp, 7.02
, DistFront, 57.67, DistDow, 58.16, DistUp, 60.49
, DistFrontMean, 57.33, DistDowMean, 58.59, DistUpMean, 7.16
, DistFront, 57.33, DistDow, 58.55, DistUp, 61.31
, DistFront, 43.74, DistDow, 58.11, DistUp, 7.16
, DistFront, 43.61, DistDow, 57.62, DistUp, 60.77
, DistFront, 43.61, DistDow, 58.42, DistUp, 60.75
, DistFront, 57.26, DistDow, 57.67, DistUp, 7.16
, DistFront, 43.55, DistDow, 58.03, DistUp, 61.60
, DistFront, 44.35, DistDow, 58.03, DistUp, 7.04
, DistFront, 44.05, DistDow, 58.11, DistUp, 7.16
, DistFront, 43.98, DistDow, 57.74, DistUp, 60.41
, DistFront, 43.52, DistDow, 58.04, DistUp, 60.83
, DistFront, 57.21, DistDow, 57.70, DistUp, 60.92
, DistFront, 43.67, DistDow, 57.74, DistUp, 7.16
, DistFront, 57.33, DistDow, 57.64, DistUp, 60.88
, DistFront, 43.62, DistDow, 58.54, DistUp, 62.16
, DistFront, 43.45, DistDow, 58.18, DistUp, 61.85
, DistFront, 43.76, DistDow, 57.82, DistUp, 7.13
, DistFront, 44.10, DistDow, 57.70, DistUp, 7.04
, DistFront, 44.49, DistDow, 57.84, DistUp, 60.56
, DistFront, 57.89, DistDow, 57.87, DistUp, 7.16
, DistFront, 43.28, DistDow, 58.33, DistUp, 7.02
, DistFrontMean, 57.82, DistDowMean, 57.81, DistUpMean, 7.04
, DistFront, 57.84, DistDow, 58.23, DistUp, 7.04
, DistFront, 57.52, DistDow, 58.33, DistUp, 7.13
, DistFront, 43.49, DistDow, 58.33, DistUp, 7.04
, DistFront, 44.23, DistDow, 58.23, DistUp, 60.61
, DistFront, 43.38, DistDow, 58.32, DistUp, 60.99
, DistFront, 43.83, DistDow, 58.78, DistUp, 60.73
, DistFront, 43.42, DistDow, 58.78, DistUp, 61.11
, DistFront, 57.96, DistDow, 57.91, DistUp, 6.19
, DistFront, 43.27, DistDow, 57.91, DistUp, 61.11
, DistFront, 43.78, DistDow, 58.33, DistUp, 7.16
, DistFront, 44.23, DistDow, 57.89, DistUp, 7.02
, DistFront, 43.25, DistDow, 58.18, DistUp, 7.16
, DistFront, 44.20, DistDow, 58.25, DistUp, 7.13
, DistFront, 43.74, DistDow, 57.82, DistUp, 7.02
, DistFront, 44.46, DistDow, 57.69, DistUp, 7.04
, DistFront, 43.64, DistDow, 57.76, DistUp, 7.16
, DistFront, 44.00, DistDow, 57.60, DistUp, 7.04
, DistFront, 43.40, DistDow, 58.54, DistUp, 61.67
, DistFront, 57.24, DistDow, 57.67, DistUp, 7.16
, DistFront, 43.83, DistDow, 57.57, DistUp, 7.02
, DistFrontMean, 57.13, DistDowMean, 57.55, DistUpMean, 7.04
, DistFront, 57.13, DistDow, 57.64, DistUp, 61.14
, DistFront, 56.84, DistDow, 58.06, DistUp, 7.16
, DistFront, 43.42, DistDow, 58.35, DistUp, 7.04
, DistFront, 42.99, DistDow, 57.64, DistUp, 60.82
, DistFront, 43.96, DistDow, 58.47, DistUp, 7.13
, DistFront, 57.19, DistDow, 58.38, DistUp, 7.02
, DistFront, 43.54, DistDow, 58.06, DistUp, 7.13
, DistFront, 57.09, DistDow, 57.96, DistUp, 7.13
, DistFront, 43.95, DistDow, 58.06, DistUp, 60.32
, DistFront, 43.49, DistDow, 57.64, DistUp, 60.24
, DistFront, 57.11, DistDow, 57.93, DistUp, 7.13
, DistFront, 43.95, DistDow, 58.04, DistUp, 60.75
, DistFront, 43.49, DistDow, 58.04, DistUp, 7.16
, DistFront, 43.38, DistDow, 57.96, DistUp, 7.04
, DistFront, 43.95, DistDow, 57.64, DistUp, 7.13
, DistFront, 43.40, DistDow, 57.55, DistUp, 7.04
, DistFront, 57.24, DistDow, 58.06, DistUp, 7.16
, DistFront, 43.42, DistDow, 58.40, DistUp, 7.02
, DistFront, 43.38, DistDow, 58.13, DistUp, 60.78
, DistFront, 57.24, DistDow, 58.11, DistUp, 7.16
, DistFrontMean, 57.26, DistDowMean, 57.69, DistUpMean, 7.06
, DistFront, 57.28, DistDow, 57.69, DistUp, 7.04
, DistFront, 43.59, DistDow, 57.60, DistUp, 7.13
, DistFront, 43.64, DistDow, 57.70, DistUp, 7.13
, DistFront, 43.49, DistDow, 57.62, DistUp, 60.63
, DistFront, 43.40, DistDow, 57.69, DistUp, 7.13
, DistFront, 57.24, DistDow, 58.10, DistUp, 7.02
, DistFront, 43.03, DistDow, 57.60, DistUp, 7.13
, DistFront, 57.24, DistDow, 58.13, DistUp, 7.13
, DistFront, 43.03, DistDow, 57.62, DistUp, 59.78
, DistFront, 43.38, DistDow, 57.70, DistUp, 61.14
, DistFront, 43.10, DistDow, 58.11, DistUp, 7.13
, DistFront, 57.31, DistDow, 57.60, DistUp, 7.02
, DistFront, 57.28, DistDow, 57.76, DistUp, 7.13
, DistFront, 43.55, DistDow, 58.16, DistUp, 7.04
, DistFront, 43.98, DistDow, 57.82, DistUp, 60.83
, DistFront, 57.87, DistDow, 57.87, DistUp, 7.13
, DistFront, 43.38, DistDow, 58.32, DistUp, 7.04
, DistFront, 44.13, DistDow, 58.25, DistUp, 7.04
, DistFront, 57.62, DistDow, 58.42, DistUp, 7.16
, DistFront, 43.52, DistDow, 58.06, DistUp, 7.04
, DistFrontMean, 57.69, DistDowMean, 57.98, DistUpMean, 7.02
, DistFront, 57.74, DistDow, 58.04, DistUp, 7.04
, DistFront, 43.54, DistDow, 58.20, DistUp, 7.13
, DistFront, 44.25, DistDow, 58.27, DistUp, 7.16
, DistFront, 44.63, DistDow, 58.71, DistUp, 7.04
, DistFront, 44.68, DistDow, 58.67, DistUp, 7.04
, DistFront, 43.83, DistDow, 59.17, DistUp, 7.04
, DistFront, 43.89, DistDow, 58.47, DistUp, 7.16
, DistFront, 44.46, DistDow, 58.47, DistUp, 7.13
, DistFront, 43.71, DistDow, 58.54, DistUp, 62.21
, DistFront, 44.17, DistDow, 58.98, DistUp, 7.16
, DistFront, 44.56, DistDow, 58.59, DistUp, 7.02
, DistFront, 44.42, DistDow, 59.34, DistUp, 7.04
, DistFront, 57.76, DistDow, 59.35, DistUp, 7.02
, DistFront, 44.34, DistDow, 58.64, DistUp, 62.62
, DistFront, 44.46, DistDow, 58.54, DistUp, 7.04
, DistFront, 58.20, DistDow, 59.05, DistUp, 7.13
, DistFront, 58.23, DistDow, 59.46, DistUp, 62.26
, DistFront, 57.82, DistDow, 59.42, DistUp, 62.24
, DistFront, 57.81, DistDow, 59.00, DistUp, 7.13
, DistFront, 43.64, DistDow, 58.62, DistUp, 7.13
, DistFrontMean, 58.18, DistDowMean, 59.00, DistUpMean, 7.16
, DistFront, 58.18, DistDow, 59.00, DistUp, 61.39
, DistFront, 43.78, DistDow, 58.59, DistUp, 7.16
, DistFront, 58.61, DistDow, 58.96, DistUp, 61.80
, DistFront, 43.98, DistDow, 58.88, DistUp, 7.02
, DistFront, 43.64, DistDow, 58.98, DistUp, 7.13
, DistFront, 43.59, DistDow, 58.54, DistUp, 7.04
, DistFront, 43.98, DistDow, 58.47, DistUp, 7.04
, DistFront, 43.95, DistDow, 58.84, DistUp, 7.02
, DistFront, 43.54, DistDow, 58.98, DistUp, 61.63
, DistFront, 43.89, DistDow, 58.40, DistUp, 7.13
, DistFront, 57.99, DistDow, 58.95, DistUp, 61.26
, DistFront, 57.98, DistDow, 58.95, DistUp, 61.26
, DistFront, 58.11, DistDow, 58.54, DistUp, 7.13
, DistFront, 43.95, DistDow, 58.89, DistUp, 7.13
, DistFront, 44.39, DistDow, 58.89, DistUp, 7.13
, DistFront, 43.84, DistDow, 58.38, DistUp, 7.04
, DistFront, 43.83, DistDow, 59.18, DistUp, 7.02
, DistFront, 43.74, DistDow, 58.83, DistUp, 62.33
, DistFront, 44.59, DistDow, 58.32, DistUp, 7.13
, DistFront, 57.99, DistDow, 59.25, DistUp, 7.13
, DistFrontMean, 57.98, DistDowMean, 58.78, DistUpMean, 7.16
, DistFront, 57.98, DistDow, 58.76, DistUp, 7.16
, DistFront, 57.96, DistDow, 59.18, DistUp, 61.99
, DistFront, 44.35, DistDow, 58.74, DistUp, 7.16
, DistFront, 58.33, DistDow, 58.23, DistUp, 7.02
, DistFront, 43.78, DistDow, 58.23, DistUp, 7.16
, DistFront, 43.84, DistDow, 58.32, DistUp, 7.13
, DistFront, 57.91, DistDow, 58.69, DistUp, 61.11
, DistFront, 57.91, DistDow, 58.69, DistUp, 61.41
, DistFront, 44.54, DistDow, 58.27, DistUp, 7.04
, DistFront, 58.18, DistDow, 58.18, DistUp, 7.04
, DistFront, 57.89, DistDow, 58.27, DistUp, 7.13
, DistFront, 44.20, DistDow, 58.71, DistUp, 7.13
, DistFront, 44.12, DistDow, 58.55, DistUp, 7.02
, DistFront, 43.69, DistDow, 58.59, DistUp, 7.02
, DistFront, 44.10, DistDow, 58.27, DistUp, 7.13
, DistFront, 43.71, DistDow, 59.12, DistUp, 6.73
, DistFront, 43.78, DistDow, 59.12, DistUp, 6.73
, DistFront, 43.67, DistDow, 59.00, DistUp, 6.63
, DistFront, 43.69, DistDow, 58.62, DistUp, 7.16
, DistFront, 57.89, DistDow, 58.71, DistUp, 61.90
, DistFrontMean, 58.32, DistDowMean, 58.69, DistUpMean, 7.13
, DistFront, 58.32, DistDow, 58.71, DistUp, 7.13
, DistFront, 43.89, DistDow, 58.32, DistUp, 7.16
, DistFront, 43.49, DistDow, 58.33, DistUp, 7.04
, DistFront, 44.23, DistDow, 58.62, DistUp, 7.04
, DistFront, 43.38, DistDow, 59.06, DistUp, 7.16
, DistFront, 43.89, DistDow, 58.78, DistUp, 7.13
, DistFront, 44.34, DistDow, 59.20, DistUp, 7.16
, DistFront, 43.95, DistDow, 58.40, DistUp, 7.02
, DistFront, 43.83, DistDow, 58.67, DistUp, 7.02
, DistFront, 44.23, DistDow, 58.67, DistUp, 7.02
, DistFront, 43.88, DistDow, 58.40, DistUp, 7.13
, DistFront, 43.95, DistDow, 58.42, DistUp, 7.13
, DistFront, 44.39, DistDow, 58.83, DistUp, 7.13
, DistFront, 44.27, DistDow, 58.74, DistUp, 7.04
, DistFront, 43.89, DistDow, 59.17, DistUp, 7.04
, DistFront, 43.89, DistDow, 58.47, DistUp, 61.12
, DistFront, 43.78, DistDow, 59.20, DistUp, 60.73
, DistFront, 43.78, DistDow, 58.89, DistUp, 62.41
, DistFront, 58.38, DistDow, 58.78, DistUp, 7.13
, DistFront, 44.34, DistDow, 58.89, DistUp, 7.13
, DistFrontMean, 58.38, DistDowMean, 58.33, DistUpMean, 7.16
, DistFront, 58.49, DistDow, 58.76, DistUp, 61.17
, DistFront, 44.00, DistDow, 58.78, DistUp, 7.04
, DistFront, 44.00, DistDow, 58.78, DistUp, 7.13
, DistFront, 44.05, DistDow, 58.47, DistUp, 7.13
, DistFront, 44.46, DistDow, 58.47, DistUp, 7.16
, DistFront, 43.88, DistDow, 58.47, DistUp, 7.04
, DistFront, 43.54, DistDow, 58.78, DistUp, 7.02
, DistFront, 43.89, DistDow, 58.78, DistUp, 7.16
, DistFront, 44.42, DistDow, 8.64, DistUp, 43.62
, DistFront, 44.00, DistDow, 58.84, DistUp, 7.13
, DistFront, 58.04, DistDow, 58.83, DistUp, 62.48
, DistFront, 58.04, DistDow, 58.84, DistUp, 61.24
, DistFront, 43.52, DistDow, 58.42, DistUp, 7.04
, DistFront, 44.23, DistDow, 59.13, DistUp, 7.04
, DistFront, 43.83, DistDow, 58.74, DistUp, 7.13
, DistFront, 57.99, DistDow, 58.84, DistUp, 7.13
, DistFront, 43.89, DistDow, 59.23, DistUp, 7.13
, DistFront, 57.99, DistDow, 59.23, DistUp, 62.52
, DistFront, 57.99, DistDow, 58.78, DistUp, 62.48
, DistFront, 44.30, DistDow, 58.35, DistUp, 7.16
, DistFrontMean, 57.98, DistDowMean, 59.23, DistUpMean, 7.13
, DistFront, 57.98, DistDow, 59.23, DistUp, 7.13
, DistFront, 57.99, DistDow, 58.78, DistUp, 7.02
, DistFront, 43.84, DistDow, 58.71, DistUp, 7.04
, DistFront, 43.89, DistDow, 58.71, DistUp, 7.13
, DistFront, 57.99, DistDow, 58.42, DistUp, 7.13
, DistFront, 43.95, DistDow, 58.42, DistUp, 7.16
, DistFront, 44.39, DistDow, 58.42, DistUp, 7.13
, DistFront, 44.34, DistDow, 58.33, DistUp, 7.02
, DistFront, 43.49, DistDow, 58.71, DistUp, 61.97
, DistFront, 43.45, DistDow, 58.78, DistUp, 7.16
, DistFront, 58.11, DistDow, 58.47, DistUp, 7.13
, DistFront, 43.61, DistDow, 58.88, DistUp, 62.16
, DistFront, 43.61, DistDow, 58.89, DistUp, 7.13
, DistFront, 58.10, DistDow, 59.34, DistUp, 7.16
, DistFront, 43.52, DistDow, 59.34, DistUp, 7.02
, DistFront, 43.95, DistDow, 58.81, DistUp, 7.04
, DistFront, 44.32, DistDow, 58.83, DistUp, 7.02
, DistFront, 43.83, DistDow, 58.81, DistUp, 6.75
, DistFront, 43.61, DistDow, 58.91, DistUp, 7.13
, DistFront, 58.10, DistDow, 59.32, DistUp, 7.13
, DistFrontMean, 58.06, DistDowMean, 59.32, DistUpMean, 62.16
, DistFront, 58.06, DistDow, 58.91, DistUp, 7.16
, DistFront, 44.13, DistDow, 58.88, DistUp, 7.13
, DistFront, 44.06, DistDow, 58.84, DistUp, 7.04
, DistFront, 44.35, DistDow, 58.35, DistUp, 7.04
, DistFront, 43.95, DistDow, 58.35, DistUp, 7.02
, DistFront, 43.38, DistDow, 58.45, DistUp, 61.24
, DistFront, 43.78, DistDow, 58.45, DistUp, 6.73
, DistFront, 43.54, DistDow, 58.81, DistUp, 7.13
, DistFront, 44.23, DistDow, 58.83, DistUp, 7.02
, DistFront, 44.20, DistDow, 58.28, DistUp, 7.02
, DistFront, 44.25, DistDow, 58.67, DistUp, 7.02
, DistFront, 43.33, DistDow, 58.33, DistUp, 7.16
, DistFront, 44.25, DistDow, 59.13, DistUp, 7.16
, DistFront, 44.18, DistDow, 58.27, DistUp, 7.16
, DistFront, 43.28, DistDow, 58.59, DistUp, 7.02
, DistFront, 43.64, DistDow, 58.52, DistUp, 7.04
, DistFront, 43.54, DistDow, 58.23, DistUp, 7.16
, DistFront, 43.69, DistDow, 58.64, DistUp, 7.13
, DistFront, 43.61, DistDow, 58.06, DistUp, 7.02
, DistFront, 43.40, DistDow, 58.20, DistUp, 7.13
, DistFrontMean, 58.18, DistDowMean, 58.98, DistUpMean, 7.16
, DistFront, 57.74, DistDow, 58.16, DistUp, 7.13
, DistFront, 43.25, DistDow, 58.11, DistUp, 7.16
, DistFront, 43.18, DistDow, 58.35, DistUp, 7.04
, DistFront, 43.10, DistDow, 58.47, DistUp, 61.14
, DistFront, 57.60, DistDow, 58.42, DistUp, 7.16
, DistFront, 43.49, DistDow, 58.42, DistUp, 7.13
, DistFront, 42.93, DistDow, 57.87, DistUp, 7.02
, DistFront, 57.96, DistDow, 58.35, DistUp, 7.16
, DistFront, 44.18, DistDow, 58.33, DistUp, 7.13
, DistFront, 43.25, DistDow, 57.76, DistUp, 7.04
, DistFront, 43.25, DistDow, 57.82, DistUp, 7.16
, DistFront, 43.25, DistDow, 58.25, DistUp, 7.13
, DistFront, 43.16, DistDow, 57.67, DistUp, 7.04
, DistFront, 57.31, DistDow, 58.11, DistUp, 7.13
, DistFront, 43.20, DistDow, 58.10, DistUp, 7.13
, DistFront, 43.04, DistDow, 58.40, DistUp, 7.02
, DistFront, 57.19, DistDow, 58.04, DistUp, 7.13
, DistFront, 43.40, DistDow, 58.33, DistUp, 7.02
, DistFront, 43.78, DistDow, 57.89, DistUp, 7.13
, DistFront, 43.45, DistDow, 57.98, DistUp, 7.13
, DistFrontMean, 57.13, DistDowMean, 58.35, DistUpMean, 7.13
, DistFront, 57.16, DistDow, 57.52, DistUp, 7.04
, DistFront, 43.89, DistDow, 57.41, DistUp, 7.04
, DistFront, 57.52, DistDow, 57.48, DistUp, 7.16
, DistFront, 42.91, DistDow, 57.77, DistUp, 7.04
, DistFront, 57.02, DistDow, 57.41, DistUp, 7.16
, DistFront, 43.64, DistDow, 57.84, DistUp, 7.02
, DistFront, 43.11, DistDow, 57.82, DistUp, 7.13
, DistFront, 57.41, DistDow, 57.81, DistUp, 7.02
, DistFront, 42.81, DistDow, 58.13, DistUp, 7.13
, DistFront, 42.84, DistDow, 57.84, DistUp, 7.13
, DistFront, 56.99, DistDow, 57.74, DistUp, 60.88
, DistFront, 57.02, DistDow, 57.41, DistUp, 7.16
, DistFront, 43.32, DistDow, 57.45, DistUp, 7.04
, DistFront, 43.20, DistDow, 57.45, DistUp, 61.34
, DistFront, 57.47, DistDow, 57.41, DistUp, 61.05
, DistFront, 43.35, DistDow, 57.84, DistUp, 7.04
, DistFront, 57.45, DistDow, 57.41, DistUp, 7.16
, DistFront, 43.71, DistDow, 57.84, DistUp, 7.02
, DistFront, 43.23, DistDow, 57.69, DistUp, 7.04
, DistFront, 56.97, DistDow, 57.40, DistUp, 7.13
, DistFrontMean, 56.97, DistDowMean, 57.40, DistUpMean, 7.13
, DistFront, 56.92, DistDow, 57.82, DistUp, 7.13
, DistFront, 42.84, DistDow, 57.24, DistUp, 7.02
, DistFront, 56.90, DistDow, 57.35, DistUp, 7.13
, DistFront, 43.13, DistDow, 58.04, DistUp, 6.63
, DistFront, 56.89, DistDow, 57.70, DistUp, 60.03
, DistFront, 43.20, DistDow, 58.13, DistUp, 7.04
, DistFront, 42.64, DistDow, 57.99, DistUp, 7.02
, DistFront, 43.13, DistDow, 57.26, DistUp, 6.75
, DistFront, 42.64, DistDow, 57.13, DistUp, 6.62
, DistFront, 43.54, DistDow, 57.64, DistUp, 6.73
, DistFront, 42.57, DistDow, 57.93, DistUp, 7.02
, DistFront, 43.27, DistDow, 57.19, DistUp, 7.16
, DistFront, 43.06, DistDow, 57.64, DistUp, 7.04
, DistFront, 56.75, DistDow, 57.06, DistUp, 60.19
, DistFront, 42.60, DistDow, 57.57, DistUp, 7.02
, DistFront, 42.91, DistDow, 57.53, DistUp, 7.13
, DistFront, 42.96, DistDow, 57.13, DistUp, 7.02
, DistFront, 56.67, DistDow, 57.13, DistUp, 59.81
, DistFront, 56.67, DistDow, 56.97, DistUp, 60.10
, DistFront, 42.81, DistDow, 57.48, DistUp, 7.13
, DistFrontMean, 57.04, DistDowMean, 57.48, DistUpMean, 7.16
, DistFront, 56.60, DistDow, 57.47, DistUp, 7.04
, DistFront, 56.50, DistDow, 57.45, DistUp, 7.16
, DistFront, 42.96, DistDow, 57.02, DistUp, 7.04
, DistFront, 43.16, DistDow, 57.40, DistUp, 7.16
, DistFront, 42.55, DistDow, 57.41, DistUp, 7.04
, DistFront, 57.02, DistDow, 57.38, DistUp, 7.16
, DistFront, 42.84, DistDow, 56.85, DistUp, 7.02
, DistFront, 42.89, DistDow, 56.97, DistUp, 7.13
, DistFront, 42.47, DistDow, 57.28, DistUp, 7.02
, DistFront, 42.91, DistDow, 56.99, DistUp, 7.16
, DistFront, 56.53, DistDow, 57.28, DistUp, 7.16
, DistFront, 42.57, DistDow, 56.99, DistUp, 7.13
, DistFront, 43.25, DistDow, 57.33, DistUp, 7.04
, DistFront, 57.09, DistDow, 57.04, DistUp, 7.04
, DistFront, 42.47, DistDow, 57.48, DistUp, 59.85
, DistFront, 42.62, DistDow, 57.09, DistUp, 7.16
, DistFront, 42.96, DistDow, 57.04, DistUp, 7.16
, DistFront, 42.67, DistDow, 57.60, DistUp, 7.13
, DistFront, 57.11, DistDow, 57.09, DistUp, 7.04
, DistFront, 56.82, DistDow, 57.21, DistUp, 59.91
, DistFrontMean, 56.85, DistDowMean, 57.28, DistUpMean, 60.37
, DistFront, 56.90, DistDow, 57.74, DistUp, 7.02
, DistFront, 42.81, DistDow, 57.33, DistUp, 60.88
, DistFront, 43.40, DistDow, 57.77, DistUp, 7.13
, DistFront, 42.84, DistDow, 57.28, DistUp, 7.04
, DistFront, 57.02, DistDow, 57.84, DistUp, 7.13
, DistFront, 43.25, DistDow, 57.33, DistUp, 7.04
, DistFront, 42.84, DistDow, 57.89, DistUp, 7.16
, DistFront, 43.88, DistDow, 57.91, DistUp, 7.16
, DistFront, 42.96, DistDow, 57.45, DistUp, 7.04
, DistFront, 57.16, DistDow, 57.98, DistUp, 7.16
, DistFront, 43.78, DistDow, 58.45, DistUp, 7.02
, DistFront, 42.99, DistDow, 57.52, DistUp, 7.16
, DistFront, 43.20, DistDow, 58.11, DistUp, 7.16
, DistFront, 43.11, DistDow, 57.70, DistUp, 7.02
, DistFront, 43.10, DistDow, 57.77, DistUp, 7.16
, DistFront, 43.74, DistDow, 58.25, DistUp, 7.13
, DistFront, 43.69, DistDow, 58.55, DistUp, 7.02
, DistFront, 43.69, DistDow, 57.76, DistUp, 7.13
, DistFront, 44.23, DistDow, 57.91, DistUp, 7.16
, DistFront, 44.23, DistDow, 57.91, DistUp, 7.16
, DistFrontMean, 57.98, DistDowMean, 58.35, DistUpMean, 7.02
, DistFront, 57.57, DistDow, 58.42, DistUp, 7.04
, DistFront, 43.54, DistDow, 58.35, DistUp, 61.11
, DistFront, 43.59, DistDow, 57.96, DistUp, 7.04
, DistFront, 44.05, DistDow, 58.95, DistUp, 61.70
, DistFront, 43.71, DistDow, 58.13, DistUp, 7.13
, DistFront, 43.71, DistDow, 58.61, DistUp, 61.75
, DistFront, 44.12, DistDow, 58.59, DistUp, 7.13
, DistFront, 43.61, DistDow, 58.13, DistUp, 7.04
, DistFront, 43.64, DistDow, 58.13, DistUp, 61.70
, DistFront, 43.62, DistDow, 58.16, DistUp, 61.28
, DistFront, 43.64, DistDow, 58.61, DistUp, 62.18
, DistFront, 44.20, DistDow, 58.32, DistUp, 7.11
, DistFront, 43.64, DistDow, 58.18, DistUp, 7.04
, DistFront, 43.69, DistDow, 58.35, DistUp, 60.95
, DistFront, 43.64, DistDow, 58.33, DistUp, 62.26
, DistFront, 44.17, DistDow, 58.35, DistUp, 61.84
, DistFront, 43.78, DistDow, 58.38, DistUp, 61.46
, DistFront, 43.69, DistDow, 58.78, DistUp, 61.09
, DistFront, 44.54, DistDow, 58.42, DistUp, 61.19
, DistFront, 44.49, DistDow, 58.45, DistUp, 62.81
, DistFrontMean, 57.96, DistDowMean, 58.32, DistUpMean, 7.02
, DistFront, 57.96, DistDow, 58.33, DistUp, 7.02
, DistFront, 43.89, DistDow, 58.47, DistUp, 7.16
, DistFront, 44.49, DistDow, 58.95, DistUp, 7.13
, DistFront, 44.54, DistDow, 59.39, DistUp, 7.16
, DistFront, 44.56, DistDow, 58.59, DistUp, 7.16
, DistFront, 44.05, DistDow, 58.62, DistUp, 7.04
, DistFront, 44.05, DistDow, 58.98, DistUp, 7.04
, DistFront, 44.13, DistDow, 58.98, DistUp, 7.02
, DistFront, 44.18, DistDow, 58.62, DistUp, 7.16
, DistFront, 58.42, DistDow, 59.66, DistUp, 62.31
, DistFront, 44.66, DistDow, 59.59, DistUp, 7.04
, DistFront, 45.10, DistDow, 59.18, DistUp, 7.04
, DistFront, 44.20, DistDow, 59.23, DistUp, 7.16
, DistFront, 44.25, DistDow, 59.35, DistUp, 61.62
, DistFront, 44.35, DistDow, 58.89, DistUp, 7.04
, DistFront, 44.35, DistDow, 59.30, DistUp, 7.04
, DistFront, 44.40, DistDow, 59.74, DistUp, 7.04
, DistFront, 44.83, DistDow, 58.91, DistUp, 7.04
, DistFront, 44.81, DistDow, 58.95, DistUp, 7.13
, DistFront, 45.10, DistDow, 59.34, DistUp, 7.04
, DistFrontMean, 58.49, DistDowMean, 58.88, DistUpMean, 7.13
, DistFront, 58.89, DistDow, 58.88, DistUp, 7.04
, DistFront, 45.14, DistDow, 58.88, DistUp, 7.16
, DistFront, 45.10, DistDow, 59.69, DistUp, 7.04
, DistFront, 44.23, DistDow, 59.23, DistUp, 7.13
, DistFront, 58.78, DistDow, 59.23, DistUp, 61.45
, DistFront, 43.78, DistDow, 58.76, DistUp, 61.39
, DistFront, 58.27, DistDow, 58.71, DistUp, 7.04
, DistFront, 43.74, DistDow, 58.69, DistUp, 61.31
, DistFront, 44.05, DistDow, 59.00, DistUp, 7.13
, DistFront, 58.20, DistDow, 58.64, DistUp, 7.13
, DistFront, 44.40, DistDow, 59.03, DistUp, 61.26
, DistFront, 44.00, DistDow, 58.91, DistUp, 61.60
, DistFront, 57.99, DistDow, 58.42, DistUp, 7.13
, DistFront, 44.20, DistDow, 58.81, DistUp, 61.45
, DistFront, 58.28, DistDow, 58.32, DistUp, 7.04
, DistFront, 44.40, DistDow, 58.16, DistUp, 60.82
, DistFront, 43.95, DistDow, 58.52, DistUp, 7.04
, DistFront, 43.47, DistDow, 58.16, DistUp, 61.53
, DistFront, 43.84, DistDow, 58.13, DistUp, 60.75
, DistFront, 57.62, DistDow, 58.10, DistUp, 7.13
, DistFrontMean, 57.60, DistDowMean, 58.47, DistUpMean, 7.13
, DistFront, 57.55, DistDow, 58.40, DistUp, 61.05
, DistFront, 43.52, DistDow, 57.96, DistUp, 60.61
, DistFront, 57.48, DistDow, 58.25, DistUp, 7.04
, DistFront, 43.69, DistDow, 57.81, DistUp, 60.88
, DistFront, 43.69, DistDow, 58.61, DistUp, 61.28
, DistFront, 43.10, DistDow, 57.87, DistUp, 7.16
, DistFront, 43.62, DistDow, 58.59, DistUp, 7.02
, DistFront, 43.62, DistDow, 58.16, DistUp, 7.02
, DistFront, 44.03, DistDow, 58.27, DistUp, 60.43
, DistFront, 57.41, DistDow, 57.84, DistUp, 7.13
, DistFront, 57.41, DistDow, 57.77, DistUp, 60.46
, DistFront, 43.27, DistDow, 58.18, DistUp, 7.02
, DistFront, 57.47, DistDow, 58.33, DistUp, 7.16
, DistFront, 57.52, DistDow, 58.38, DistUp, 60.49
, DistFront, 43.28, DistDow, 58.67, DistUp, 7.02
, DistFront, 43.69, DistDow, 58.27, DistUp, 7.13
, DistFront, 57.52, DistDow, 57.98, DistUp, 60.61
, DistFront, 57.52, DistDow, 57.93, DistUp, 60.49
, DistFront, 57.40, DistDow, 57.89, DistUp, 60.49
, DistFront, 57.41, DistDow, 57.98, DistUp, 61.02
, DistFrontMean, 57.53, DistDowMean, 57.96, DistUpMean, 7.13
, DistFront, 57.96, DistDow, 57.96, DistUp, 7.16
, DistFront, 57.52, DistDow, 57.98, DistUp, 60.48
, DistFront, 57.53, DistDow, 57.89, DistUp, 60.07
, DistFront, 57.41, DistDow, 58.33, DistUp, 60.17
, DistFront, 57.53, DistDow, 57.98, DistUp, 61.04
, DistFront, 57.57, DistDow, 57.99, DistUp, 60.63
, DistFront, 57.57, DistDow, 57.93, DistUp, 60.97
, DistFront, 57.48, DistDow, 57.53, DistUp, 60.60
, DistFront, 57.52, DistDow, 58.04, DistUp, 61.85
, DistFront, 43.69, DistDow, 58.95, DistUp, 61.53
, DistFront, 57.69, DistDow, 58.13, DistUp, 61.24
, DistFront, 57.74, DistDow, 58.61, DistUp, 61.68
, DistFront, 57.76, DistDow, 58.18, DistUp, 7.16
, DistFront, 44.10, DistDow, 58.20, DistUp, 7.13
, DistFront, 44.05, DistDow, 58.67, DistUp, 7.13
, DistFront, 57.84, DistDow, 58.18, DistUp, 62.11
, DistFront, 44.46, DistDow, 58.28, DistUp, 7.04
, DistFront, 44.12, DistDow, 58.62, DistUp, 62.16
, DistFront, 44.56, DistDow, 58.74, DistUp, 7.16
, DistFront, 44.05, DistDow, 58.25, DistUp, 7.04
, DistFrontMean, 57.84, DistDowMean, 58.23, DistUpMean, 7.04
, DistFront, 58.35, DistDow, 58.23, DistUp, 7.04
, DistFront, 44.25, DistDow, 58.69, DistUp, 7.04
, DistFront, 44.56, DistDow, 58.81, DistUp, 61.46
, DistFront, 57.91, DistDow, 58.88, DistUp, 61.92
, DistFront, 57.93, DistDow, 58.33, DistUp, 7.13
, DistFront, 58.06, DistDow, 58.91, DistUp, 7.13
, DistFront, 58.06, DistDow, 58.49, DistUp, 7.16
, DistFront, 44.40, DistDow, 58.49, DistUp, 7.13
, DistFront, 44.30, DistDow, 58.38, DistUp, 7.02
, DistFront, 58.03, DistDow, 58.38, DistUp, 7.04
, DistFront, 44.17, DistDow, 58.88, DistUp, 62.02
, DistFront, 44.69, DistDow, 58.45, DistUp, 61.17
, DistFront, 58.03, DistDow, 58.45, DistUp, 62.02
, DistFront, 44.69, DistDow, 58.45, DistUp, 7.02
, DistFront, 58.03, DistDow, 58.55, DistUp, 61.62
, DistFront, 58.03, DistDow, 58.52, DistUp, 61.62
, DistFront, 44.30, DistDow, 58.45, DistUp, 61.14
, DistFront, 44.69, DistDow, 58.84, DistUp, 61.56
, DistFront, 57.99, DistDow, 58.83, DistUp, 7.13
, DistFront, 57.98, DistDow, 59.25, DistUp, 61.12
, DistFrontMean, 57.98, DistDowMean, 58.83, DistUpMean, 61.97
, DistFront, 58.52, DistDow, 58.89, DistUp, 61.56
, DistFront, 44.52, DistDow, 58.49, DistUp, 7.16
, DistFront, 44.81, DistDow, 58.49, DistUp, 7.04
, DistFront, 44.40, DistDow, 58.91, DistUp, 7.16
, DistFront, 44.76, DistDow, 58.91, DistUp, 7.13
, DistFront, 45.14, DistDow, 58.89, DistUp, 7.04
, DistFront, 44.30, DistDow, 58.78, DistUp, 7.04
, DistFront, 44.32, DistDow, 58.38, DistUp, 7.13
, DistFront, 58.10, DistDow, 58.89, DistUp, 7.13
, DistFront, 44.40, DistDow, 58.49, DistUp, 7.16
, DistFront, 44.85, DistDow, 58.49, DistUp, 7.16
, DistFront, 44.76, DistDow, 58.49, DistUp, 7.04
, DistFront, 44.39, DistDow, 58.38, DistUp, 7.04
, DistFront, 58.03, DistDow, 58.38, DistUp, 62.06
, DistFront, 44.81, DistDow, 58.84, DistUp, 7.04
, DistFront, 45.20, DistDow, 58.84, DistUp, 7.04
, DistFront, 58.06, DistDow, 58.45, DistUp, 7.16
, DistFront, 58.62, DistDow, 59.00, DistUp, 7.16
, DistFront, 44.97, DistDow, 59.47, DistUp, 7.16
, DistFront, 45.41, DistDow, 58.64, DistUp, 7.16
, DistFrontMean, 58.27, DistDowMean, 59.03, DistUpMean, 7.13
, DistFront, 58.25, DistDow, 59.05, DistUp, 7.13
, DistFront, 58.25, DistDow, 59.05, DistUp, 62.33
, DistFront, 45.10, DistDow, 58.62, DistUp, 7.16
, DistFront, 44.66, DistDow, 58.67, DistUp, 7.13
, DistFront, 58.69, DistDow, 58.23, DistUp, 7.13
, DistFront, 44.63, DistDow, 58.69, DistUp, 7.13
, DistFront, 44.69, DistDow, 58.67, DistUp, 7.13
, DistFront, 58.28, DistDow, 58.67, DistUp, 7.13
, DistFront, 58.76, DistDow, 59.13, DistUp, 7.04
, DistFront, 45.02, DistDow, 59.13, DistUp, 7.02
, DistFront, 44.59, DistDow, 58.61, DistUp, 7.02
, DistFront, 44.97, DistDow, 58.62, DistUp, 7.04
, DistFront, 44.18, DistDow, 59.06, DistUp, 7.04
, DistFront, 44.20, DistDow, 59.47, DistUp, 7.02
, DistFront, 58.25, DistDow, 59.06, DistUp, 7.16
, DistFront, 44.52, DistDow, 59.05, DistUp, 62.33
, DistFront, 44.63, DistDow, 59.06, DistUp, 61.96
, DistFront, 44.20, DistDow, 59.06, DistUp, 7.04
, DistFront, 58.32, DistDow, 59.06, DistUp, 61.96
, DistFront, 44.25, DistDow, 59.54, DistUp, 7.04
, DistFrontMean, 58.42, DistDowMean, 59.52, DistUpMean, 62.40
, DistFront, 58.45, DistDow, 59.23, DistUp, 7.13
, DistFront, 45.31, DistDow, 59.23, DistUp, 62.96
, DistFront, 58.78, DistDow, 59.59, DistUp, 7.16
, DistFront, 44.25, DistDow, 59.30, DistUp, 62.06
, DistFront, 45.26, DistDow, 59.20, DistUp, 62.53
, DistFront, 58.59, DistDow, 59.32, DistUp, 62.99
, DistFront, 44.90, DistDow, 58.96, DistUp, 7.13
, DistFront, 44.13, DistDow, 59.39, DistUp, 7.16
, DistFront, 44.54, DistDow, 59.05, DistUp, 7.13
, DistFront, 44.17, DistDow, 59.05, DistUp, 7.16
, DistFront, 44.61, DistDow, 59.10, DistUp, 7.13
, DistFront, 58.71, DistDow, 59.95, DistUp, 7.13
, DistFront, 44.66, DistDow, 59.54, DistUp, 7.16
, DistFront, 44.69, DistDow, 59.59, DistUp, 7.13
, DistFront, 45.10, DistDow, 59.20, DistUp, 7.13
, DistFront, 44.69, DistDow, 59.18, DistUp, 7.16
, DistFront, 45.14, DistDow, 59.20, DistUp, 7.16
, DistFront, 44.69, DistDow, 59.63, DistUp, 7.13
, DistFront, 44.25, DistDow, 60.03, DistUp, 7.13
, DistFront, 44.06, DistDow, 59.18, DistUp, 62.26
, DistFrontMean, 59.18, DistDowMean, 59.56, DistUpMean, 7.13
, DistFront, 58.74, DistDow, 59.12, DistUp, 7.16
, DistFront, 45.14, DistDow, 59.13, DistUp, 7.16
, DistFront, 45.19, DistDow, 59.12, DistUp, 7.13
, DistFront, 45.14, DistDow, 59.54, DistUp, 7.13
, DistFront, 45.05, DistDow, 59.49, DistUp, 7.16
, DistFront, 44.66, DistDow, 59.95, DistUp, 7.16
, DistFront, 45.10, DistDow, 59.13, DistUp, 7.16
, DistFront, 44.71, DistDow, 59.13, DistUp, 7.13
, DistFront, 45.05, DistDow, 59.13, DistUp, 7.16
, DistFront, 58.76, DistDow, 59.13, DistUp, 62.64
, DistFront, 44.95, DistDow, 59.42, DistUp, 7.04
, DistFront, 44.54, DistDow, 59.05, DistUp, 7.02
, DistFront, 58.67, DistDow, 59.90, DistUp, 62.21
, DistFront, 58.78, DistDow, 60.02, DistUp, 7.13
, DistFront, 45.02, DistDow, 60.03, DistUp, 7.16
, DistFront, 44.54, DistDow, 59.20, DistUp, 61.85
, DistFront, 44.61, DistDow, 59.59, DistUp, 7.16
, DistFront, 45.05, DistDow, 59.18, DistUp, 61.46
, DistFront, 44.52, DistDow, 59.91, DistUp, 7.04
, DistFront, 58.64, DistDow, 59.54, DistUp, 7.02
, DistFrontMean, 58.67, DistDowMean, 59.12, DistUpMean, 62.19
, DistFront, 59.18, DistDow, 59.23, DistUp, 61.89
, DistFront, 59.20, DistDow, 60.05, DistUp, 61.75
, DistFront, 58.67, DistDow, 59.10, DistUp, 7.04
, DistFront, 45.34, DistDow, 59.49, DistUp, 7.04
, DistFront, 44.95, DistDow, 59.49, DistUp, 7.04
, DistFront, 58.62, DistDow, 59.49, DistUp, 62.57
, DistFront, 58.74, DistDow, 59.13, DistUp, 61.70
, DistFront, 58.67, DistDow, 59.10, DistUp, 7.13
, DistFront, 44.97, DistDow, 59.52, DistUp, 61.31
, DistFront, 58.59, DistDow, 59.00, DistUp, 62.11
, DistFront, 58.47, DistDow, 58.89, DistUp, 61.97
, DistFront, 44.25, DistDow, 59.25, DistUp, 61.90
, DistFront, 44.25, DistDow, 58.89, DistUp, 61.05
, DistFront, 58.42, DistDow, 59.25, DistUp, 7.16
, DistFront, 43.71, DistDow, 59.56, DistUp, 62.26
, DistFront, 57.98, DistDow, 58.81, DistUp, 61.48
, DistFront, 58.33, DistDow, 59.61, DistUp, 62.26
, DistFront, 58.18, DistDow, 59.17, DistUp, 61.34
, DistFront, 58.11, DistDow, 59.00, DistUp, 7.13
, DistFront, 58.23, DistDow, 59.05, DistUp, 61.31
, DistFrontMean, 58.49, DistDowMean, 58.95, DistUpMean, 7.09
, DistFront, 58.04, DistDow, 58.49, DistUp, 61.56
, DistFront, 44.34, DistDow, 58.42, DistUp, 62.35
, DistFront, 43.89, DistDow, 58.81, DistUp, 7.04
, DistFront, 44.30, DistDow, 58.74, DistUp, 7.04
, DistFront, 43.76, DistDow, 58.28, DistUp, 7.13
, DistFront, 43.61, DistDow, 58.33, DistUp, 7.16
, DistFront, 57.87, DistDow, 58.28, DistUp, 61.41
, DistFront, 44.52, DistDow, 58.64, DistUp, 7.16
, DistFront, 44.06, DistDow, 58.61, DistUp, 7.16
, DistFront, 44.76, DistDow, 58.55, DistUp, 61.17
, DistFront, 44.42, DistDow, 58.52, DistUp, 7.02
, DistFront, 44.69, DistDow, 58.33, DistUp, 7.04
, DistFront, 44.20, DistDow, 58.28, DistUp, 7.04
, DistFront, 43.20, DistDow, 58.33, DistUp, 60.26
, DistFront, 57.47, DistDow, 58.28, DistUp, 7.13
, DistFront, 43.32, DistDow, 57.84, DistUp, 7.02
, DistFront, 43.16, DistDow, 57.69, DistUp, 7.04
, DistFront, 43.55, DistDow, 57.62, DistUp, 60.82
, DistFront, 42.99, DistDow, 58.06, DistUp, 7.13
, DistFront, 57.21, DistDow, 58.04, DistUp, 7.16
, DistFrontMean, 57.19, DistDowMean, 58.04, DistUpMean, 7.04
, DistFront, 57.18, DistDow, 57.98, DistUp, 7.04
, DistFront, 43.81, DistDow, 57.41, DistUp, 7.04
, DistFront, 43.28, DistDow, 57.48, DistUp, 60.19
, DistFront, 57.41, DistDow, 57.45, DistUp, 60.12
, DistFront, 56.90, DistDow, 57.69, DistUp, 60.37
, DistFront, 43.04, DistDow, 57.24, DistUp, 59.91
, DistFront, 56.82, DistDow, 57.69, DistUp, 7.13
, DistFront, 43.52, DistDow, 57.21, DistUp, 60.19
, DistFront, 43.40, DistDow, 57.47, DistUp, 7.04
, DistFront, 42.96, DistDow, 57.16, DistUp, 60.66
, DistFront, 43.78, DistDow, 57.06, DistUp, 7.16
, DistFront, 42.81, DistDow, 56.90, DistUp, 7.04
, DistFront, 56.55, DistDow, 56.96, DistUp, 7.13
, DistFront, 43.54, DistDow, 57.26, DistUp, 7.04
, DistFront, 43.13, DistDow, 57.35, DistUp, 7.16
, DistFront, 43.25, DistDow, 57.28, DistUp, 7.04
, DistFront, 43.49, DistDow, 57.26, DistUp, 60.05
, DistFront, 42.81, DistDow, 57.24, DistUp, 7.13
, DistFront, 42.28, DistDow, 57.16, DistUp, 7.02
, DistFront, 56.45, DistDow, 56.84, DistUp, 7.16
, DistFrontMean, 56.45, DistDowMean, 57.19, DistUpMean, 7.02
, DistFront, 56.45, DistDow, 57.18, DistUp, 7.04
, DistFront, 56.46, DistDow, 57.26, DistUp, 60.49
, DistFront, 42.87, DistDow, 56.85, DistUp, 60.02
, DistFront, 42.81, DistDow, 57.33, DistUp, 60.95
, DistFront, 42.89, DistDow, 56.92, DistUp, 7.13
, DistFront, 42.81, DistDow, 57.64, DistUp, 7.02
, DistFront, 42.84, DistDow, 57.38, DistUp, 7.13
, DistFront, 42.96, DistDow, 56.92, DistUp, 7.02
, DistFront, 42.47, DistDow, 57.38, DistUp, 60.24
, DistFront, 42.52, DistDow, 57.84, DistUp, 7.16
, DistFront, 42.45, DistDow, 56.92, DistUp, 7.04
, DistFront, 42.60, DistDow, 57.09, DistUp, 7.13
, DistFront, 42.91, DistDow, 57.82, DistUp, 7.04
, DistFront, 56.73, DistDow, 57.53, DistUp, 60.41
, DistFront, 43.18, DistDow, 57.57, DistUp, 7.16
, DistFront, 43.06, DistDow, 57.98, DistUp, 7.04
, DistFront, 43.45, DistDow, 57.74, DistUp, 7.13
, DistFront, 57.38, DistDow, 57.81, DistUp, 60.02
, DistFront, 57.41, DistDow, 57.33, DistUp, 7.02
, DistFront, 57.47, DistDow, 57.48, DistUp, 7.16
, DistFrontMean, 57.11, DistDowMean, 57.53, DistUpMean, 61.09
, DistFront, 57.55, DistDow, 57.96, DistUp, 7.16
, DistFront, 42.67, DistDow, 57.93, DistUp, 60.61
, DistFront, 57.13, DistDow, 57.98, DistUp, 61.09
, DistFront, 43.96, DistDow, 57.74, DistUp, 60.37
, DistFront, 57.76, DistDow, 58.18, DistUp, 60.88
, DistFront, 57.82, DistDow, 58.25, DistUp, 60.92
, DistFront, 43.35, DistDow, 58.28, DistUp, 60.97
, DistFront, 57.41, DistDow, 58.28, DistUp, 7.04
, DistFront, 57.76, DistDow, 58.18, DistUp, 60.05
, DistFront, 57.48, DistDow, 57.89, DistUp, 61.41
, DistFront, 57.87, DistDow, 58.28, DistUp, 7.16
, DistFront, 57.41, DistDow, 58.61, DistUp, 7.02
, DistFront, 42.76, DistDow, 58.13, DistUp, 7.13
, DistFront, 57.77, DistDow, 58.18, DistUp, 7.13
, DistFront, 43.16, DistDow, 57.76, DistUp, 61.21
, DistFront, 43.42, DistDow, 57.98, DistUp, 60.73
, DistFront, 43.40, DistDow, 58.33, DistUp, 7.04
, DistFront, 57.11, DistDow, 57.53, DistUp, 7.13
, DistFront, 43.71, DistDow, 57.89, DistUp, 7.02
, DistFront, 44.00, DistDow, 57.74, DistUp, 61.31
, DistFrontMean, 57.26, DistDowMean, 57.67, DistUpMean, 7.02
, DistFront, 56.77, DistDow, 57.60, DistUp, 7.13
, DistFront, 43.25, DistDow, 58.06, DistUp, 59.95
, DistFront, 43.10, DistDow, 57.55, DistUp, 7.04
, DistFront, 56.67, DistDow, 57.48, DistUp, 7.13
, DistFront, 42.89, DistDow, 56.99, DistUp, 7.02
, DistFront, 42.60, DistDow, 57.38, DistUp, 7.16
, DistFront, 42.81, DistDow, 56.89, DistUp, 7.02
, DistFront, 42.60, DistDow, 57.19, DistUp, 60.34
, DistFront, 42.67, DistDow, 57.13, DistUp, 7.16
, DistFront, 42.45, DistDow, 56.55, DistUp, 7.02
, DistFront, 56.17, DistDow, 57.41, DistUp, 7.02
, DistFront, 42.31, DistDow, 57.38, DistUp, 7.13
, DistFront, 42.38, DistDow, 56.85, DistUp, 7.04
, DistFront, 42.19, DistDow, 56.39, DistUp, 7.16
, DistFront, 42.60, DistDow, 56.77, DistUp, 59.74
, DistFront, 42.18, DistDow, 56.67, DistUp, 59.35
, DistFront, 55.73, DistDow, 56.46, DistUp, 7.02
, DistFront, 41.92, DistDow, 56.48, DistUp, 7.04
, DistFront, 41.77, DistDow, 56.02, DistUp, 7.13
, DistFront, 42.52, DistDow, 56.24, DistUp, 7.04
, DistFrontMean, 55.34, DistDowMean, 55.85, DistUpMean, 7.13
, DistFront, 55.78, DistDow, 55.82, DistUp, 58.91
, DistFront, 41.62, DistDow, 56.56, DistUp, 7.13
, DistFront, 41.62, DistDow, 55.54, DistUp, 7.04
, DistFront, 41.97, DistDow, 55.61, DistUp, 58.61
, DistFront, 41.85, DistDow, 56.38, DistUp, 7.16
, DistFront, 41.70, DistDow, 55.46, DistUp, 59.00
, DistFront, 41.26, DistDow, 55.66, DistUp, 7.04
, DistFront, 41.21, DistDow, 55.73, DistUp, 7.04
, DistFront, 54.83, DistDow, 55.20, DistUp, 7.04
, DistFront, 41.09, DistDow, 55.56, DistUp, 7.02
, DistFront, 54.68, DistDow, 55.07, DistUp, 7.04
, DistFront, 41.77, DistDow, 55.41, DistUp, 7.02
, DistFront, 41.17, DistDow, 55.37, DistUp, 7.16
, DistFront, 40.77, DistDow, 55.73, DistUp, 7.13
, DistFront, 40.61, DistDow, 55.20, DistUp, 58.03
, DistFront, 40.61, DistDow, 54.76, DistUp, 57.98
, DistFront, 40.56, DistDow, 54.71, DistUp, 57.91
, DistFront, 41.39, DistDow, 54.95, DistUp, 7.04
, DistFront, 41.38, DistDow, 55.02, DistUp, 57.70
, DistFront, 40.90, DistDow, 55.27, DistUp, 7.02
, DistFrontMean, 54.00, DistDowMean, 54.49, DistUpMean, 7.13
, DistFront, 54.52, DistDow, 54.46, DistUp, 7.04
, DistFront, 40.46, DistDow, 54.46, DistUp, 7.04
, DistFront, 54.03, DistDow, 54.30, DistUp, 7.13
, DistFront, 40.26, DistDow, 54.40, DistUp, 58.03
, DistFront, 41.05, DistDow, 54.39, DistUp, 58.03
, DistFront, 41.05, DistDow, 54.81, DistUp, 58.03
, DistFront, 41.05, DistDow, 54.30, DistUp, 7.13
, DistFront, 40.39, DistDow, 54.35, DistUp, 7.16
, DistFront, 40.66, DistDow, 54.40, DistUp, 7.13
, DistFront, 40.37, DistDow, 55.26, DistUp, 7.04
, DistFront, 40.32, DistDow, 54.46, DistUp, 7.16
, DistFront, 40.77, DistDow, 54.85, DistUp, 57.74
, DistFront, 40.37, DistDow, 54.91, DistUp, 7.16
, DistFront, 54.56, DistDow, 54.54, DistUp, 7.04
, DistFront, 40.56, DistDow, 55.05, DistUp, 7.04
, DistFront, 40.10, DistDow, 54.68, DistUp, 7.04
, DistFront, 40.61, DistDow, 54.74, DistUp, 7.16
, DistFront, 40.19, DistDow, 54.78, DistUp, 7.13
, DistFront, 40.32, DistDow, 54.83, DistUp, 7.16
, DistFront, 54.52, DistDow, 54.90, DistUp, 7.04
, DistFrontMean, 54.61, DistDowMean, 54.95, DistUpMean, 7.16
, DistFront, 54.56, DistDow, 54.98, DistUp, 7.16
, DistFront, 54.69, DistDow, 55.05, DistUp, 58.42
, DistFront, 54.78, DistDow, 55.97, DistUp, 58.91
, DistFront, 55.27, DistDow, 55.61, DistUp, 59.03
, DistFront, 55.37, DistDow, 56.17, DistUp, 59.12
, DistFront, 54.95, DistDow, 55.83, DistUp, 7.13
, DistFront, 55.14, DistDow, 55.95, DistUp, 7.13
, DistFront, 55.31, DistDow, 56.39, DistUp, 58.95
, DistFront, 55.46, DistDow, 56.24, DistUp, 59.49
, DistFront, 55.60, DistDow, 56.33, DistUp, 59.27
, DistFront, 55.97, DistDow, 56.45, DistUp, 60.17
, DistFront, 55.73, DistDow, 56.02, DistUp, 7.04
, DistFront, 42.16, DistDow, 56.63, DistUp, 59.52
, DistFront, 55.83, DistDow, 56.33, DistUp, 60.48
, DistFront, 56.48, DistDow, 56.41, DistUp, 7.04
, DistFront, 42.38, DistDow, 56.53, DistUp, 60.27
, DistFront, 56.26, DistDow, 56.62, DistUp, 60.26
, DistFront, 56.73, DistDow, 57.19, DistUp, 60.07
, DistFront, 42.82, DistDow, 56.89, DistUp, 7.13
, DistFront, 56.90, DistDow, 56.92, DistUp, 61.02
, DistFrontMean, 56.55, DistDowMean, 57.02, DistUpMean, 7.13
, DistFront, 56.60, DistDow, 57.47, DistUp, 60.83
, DistFront, 56.77, DistDow, 57.13, DistUp, 60.85
, DistFront, 56.82, DistDow, 57.09, DistUp, 7.04
, DistFront, 43.61, DistDow, 57.28, DistUp, 61.31
, DistFront, 56.90, DistDow, 57.28, DistUp, 7.16
, DistFront, 43.20, DistDow, 57.24, DistUp, 7.04
, DistFront, 42.76, DistDow, 57.33, DistUp, 7.16
, DistFront, 42.91, DistDow, 57.33, DistUp, 7.04
, DistFront, 43.64, DistDow, 57.62, DistUp, 7.04
, DistFront, 56.97, DistDow, 57.33, DistUp, 7.13
, DistFront, 57.41, DistDow, 57.77, DistUp, 60.54
, DistFront, 56.90, DistDow, 57.26, DistUp, 61.02
, DistFront, 57.09, DistDow, 57.84, DistUp, 7.16
, DistFront, 42.99, DistDow, 57.41, DistUp, 7.04
, DistFront, 56.97, DistDow, 57.45, DistUp, 61.05
, DistFront, 43.20, DistDow, 57.89, DistUp, 7.13
, DistFront, 42.91, DistDow, 57.77, DistUp, 7.13
, DistFront, 57.11, DistDow, 58.35, DistUp, 7.16
, DistFront, 43.06, DistDow, 57.53, DistUp, 7.16
, DistFront, 43.47, DistDow, 57.93, DistUp, 61.12
, DistFrontMean, 57.18, DistDowMean, 57.53, DistUpMean, 7.16
, DistFront, 57.60, DistDow, 57.99, DistUp, 7.16
, DistFront, 43.27, DistDow, 7.77, DistUp, 7.16
, DistFront, 57.21, DistDow, 57.47, DistUp, 7.02
, DistFront, 43.11, DistDow, 58.04, DistUp, 7.16
, DistFront, 57.26, DistDow, 58.03, DistUp, 60.53
, DistFront, 43.25, DistDow, 58.11, DistUp, 7.13
, DistFront, 57.24, DistDow, 58.03, DistUp, 61.34
, DistFront, 43.62, DistDow, 58.47, DistUp, 62.19
, DistFront, 57.70, DistDow, 57.62, DistUp, 7.16
, DistFront, 43.76, DistDow, 58.18, DistUp, 60.66
, DistFront, 57.06, DistDow, 57.77, DistUp, 7.16
, DistFront, 43.69, DistDow, 57.81, DistUp, 7.04
, DistFront, 57.82, DistDow, 58.16, DistUp, 61.46
, DistFront, 44.20, DistDow, 57.81, DistUp, 7.04
, DistFront, 57.53, DistDow, 58.35, DistUp, 7.16
, DistFront, 57.55, DistDow, 58.33, DistUp, 7.04
, DistFront, 57.57, DistDow, 57.82, DistUp, 61.53
, DistFront, 43.38, DistDow, 58.28, DistUp, 61.12
, DistFront, 43.45, DistDow, 57.91, DistUp, 7.04
, DistFront, 43.40, DistDow, 58.04, DistUp, 62.41
, DistFrontMean, 57.55, DistDowMean, 58.35, DistUpMean, 7.02
, DistFront, 57.52, DistDow, 58.35, DistUp, 7.04
, DistFront, 43.61, DistDow, 8.98, DistUp, 7.02
, DistFront, 43.45, DistDow, 58.10, DistUp, 7.16
, DistFront, 43.64, DistDow, 58.06, DistUp, 7.13
, DistFront, 44.05, DistDow, 58.03, DistUp, 7.02
, DistFront, 43.84, DistDow, 57.91, DistUp, 7.02
, DistFront, 44.35, DistDow, 57.91, DistUp, 7.13
, DistFront, 57.62, DistDow, 58.42, DistUp, 7.16
, DistFront, 43.61, DistDow, 58.42, DistUp, 7.16
, DistFront, 43.59, DistDow, 58.40, DistUp, 7.04
, DistFront, 43.49, DistDow, 58.33, DistUp, 7.04
, DistFront, 43.89, DistDow, 58.33, DistUp, 7.11
, DistFront, 43.76, DistDow, 58.04, DistUp, 7.13
, DistFront, 57.64, DistDow, 58.03, DistUp, 7.13
, DistFront, 43.88, DistDow, 57.91, DistUp, 7.04
, DistFront, 43.45, DistDow, 58.35, DistUp, 7.04
, DistFront, 44.18, DistDow, 58.03, DistUp, 7.16
, DistFront, 43.55, DistDow, 58.03, DistUp, 7.16
, DistFront, 44.40, DistDow, 58.03, DistUp, 7.16
, DistFront, 43.54, DistDow, 58.03, DistUp, 7.04
, DistFrontMean, 57.64, DistDowMean, 57.91, DistUpMean, 7.02
, DistFront, 57.62, DistDow, 58.04, DistUp, 7.04
, DistFront, 44.42, DistDow, 58.35, DistUp, 7.02
, DistFront, 43.55, DistDow, 58.33, DistUp, 7.02
, DistFront, 44.12, DistDow, 58.45, DistUp, 7.16
, DistFront, 43.67, DistDow, 58.89, DistUp, 7.13
, DistFront, 57.67, DistDow, 58.04, DistUp, 62.09
, DistFront, 44.05, DistDow, 58.10, DistUp, 61.77
, DistFront, 43.64, DistDow, 58.10, DistUp, 7.13
, DistFront, 43.55, DistDow, 57.99, DistUp, 7.04
, DistFront, 43.61, DistDow, 57.98, DistUp, 7.04
, DistFront, 57.64, DistDow, 58.10, DistUp, 61.80
, DistFront, 43.49, DistDow, 58.13, DistUp, 62.57
, DistFront, 44.05, DistDow, 58.03, DistUp, 7.13
, DistFront, 57.76, DistDow, 58.61, DistUp, 62.28
, DistFront, 58.18, DistDow, 58.59, DistUp, 61.41
, DistFront, 44.34, DistDow, 58.20, DistUp, 61.33
, DistFront, 44.03, DistDow, 58.11, DistUp, 7.16
, DistFront, 57.77, DistDow, 58.59, DistUp, 62.24
, DistFront, 44.27, DistDow, 8.47, DistUp, 43.55
, DistFront, 44.39, DistDow, 58.47, DistUp, 7.04
, DistFrontMean, 57.62, DistDowMean, 58.03, DistUpMean, 7.16
, DistFront, 57.62, DistDow, 57.99, DistUp, 7.04
, DistFront, 43.64, DistDow, 58.91, DistUp, 61.21
, DistFront, 44.00, DistDow, 8.11, DistUp, 43.81
, DistFront, 43.55, DistDow, 58.42, DistUp, 7.02
, DistFront, 43.55, DistDow, 57.98, DistUp, 7.04
, DistFront, 44.25, DistDow, 57.89, DistUp, 7.04
, DistFront, 43.38, DistDow, 58.38, DistUp, 61.05
, DistFront, 57.98, DistDow, 58.35, DistUp, 61.99
, DistFront, 43.69, DistDow, 57.93, DistUp, 7.13
, DistFront, 57.52, DistDow, 57.96, DistUp, 7.16
, DistFront, 57.52, DistDow, 58.23, DistUp, 7.04
, DistFront, 57.41, DistDow, 57.89, DistUp, 61.89
, DistFront, 43.76, DistDow, 58.64, DistUp, 7.16
, DistFront, 44.27, DistDow, 57.89, DistUp, 7.13
, DistFront, 57.93, DistDow, 57.89, DistUp, 7.04
, DistFront, 43.27, DistDow, 57.81, DistUp, 7.04
, DistFront, 57.38, DistDow, 57.84, DistUp, 61.55
, DistFront, 57.47, DistDow, 57.84, DistUp, 61.96
, DistFront, 57.47, DistDow, 57.82, DistUp, 7.13
, DistFront, 43.76, DistDow, 57.82, DistUp, 7.02
, DistFrontMean, 57.45, DistDowMean, 57.82, DistUpMean, 7.04
, DistFront, 57.41, DistDow, 57.81, DistUp, 60.95
, DistFront, 44.13, DistDow, 57.82, DistUp, 7.04
, DistFront, 43.69, DistDow, 57.74, DistUp, 7.16
, DistFront, 57.41, DistDow, 57.82, DistUp, 7.16
, DistFront, 44.20, DistDow, 58.25, DistUp, 7.13
, DistFront, 44.20, DistDow, 58.25, DistUp, 7.16
, DistFront, 44.10, DistDow, 58.13, DistUp, 7.04
, DistFront, 43.25, DistDow, 58.11, DistUp, 7.04
, DistFront, 57.82, DistDow, 58.18, DistUp, 7.16
, DistFront, 44.12, DistDow, 57.81, DistUp, 7.13
, DistFront, 43.71, DistDow, 57.77, DistUp, 7.04
, DistFront, 43.27, DistDow, 57.67, DistUp, 7.04
, DistFront, 57.41, DistDow, 57.81, DistUp, 7.16
, DistFront, 57.41, DistDow, 57.77, DistUp, 7.16
, DistFront, 44.10, DistDow, 58.25, DistUp, 7.04
, DistFront, 43.28, DistDow, 57.74, DistUp, 7.04
, DistFront, 43.64, DistDow, 57.82, DistUp, 7.16
, DistFront, 43.81, DistDow, 58.28, DistUp, 7.16
, DistFront, 57.48, DistDow, 57.82, DistUp, 60.97
, DistFront, 43.71, DistDow, 57.89, DistUp, 7.04
, DistFrontMean, 57.91, DistDowMean, 58.28, DistUpMean, 7.04
, DistFront, 57.47, DistDow, 58.28, DistUp, 7.13
, DistFront, 43.76, DistDow, 58.59, DistUp, 7.04
, DistFront, 43.76, DistDow, 57.70, DistUp, 7.04
, DistFront, 43.61, DistDow, 57.82, DistUp, 7.13
, DistFront, 43.35, DistDow, 58.64, DistUp, 7.16
, DistFront, 43.78, DistDow, 57.77, DistUp, 7.13
, DistFront, 43.20, DistDow, 57.69, DistUp, 7.04
, DistFront, 43.62, DistDow, 58.10, DistUp, 7.02
, DistFront, 43.16, DistDow, 58.59, DistUp, 7.13
, DistFront, 43.32, DistDow, 57.74, DistUp, 7.16
, DistFront, 43.28, DistDow, 57.74, DistUp, 7.04
, DistFront, 43.18, DistDow, 58.06, DistUp, 7.04
, DistFront, 43.10, DistDow, 58.59, DistUp, 61.73
, DistFront, 43.04, DistDow, 58.18, DistUp, 7.16
, DistFront, 43.71, DistDow, 58.18, DistUp, 61.41
, DistFront, 43.69, DistDow, 57.76, DistUp, 7.16
, DistFront, 43.28, DistDow, 57.77, DistUp, 7.02
, DistFront, 43.18, DistDow, 58.06, DistUp, 7.04
, DistFront, 44.05, DistDow, 57.70, DistUp, 7.16
, DistFront, 57.82, DistDow, 57.77, DistUp, 7.16
, DistFrontMean, 57.40, DistDowMean, 58.23, DistUpMean, 7.16
, DistFront, 57.28, DistDow, 57.82, DistUp, 62.18
, DistFront, 43.32, DistDow, 57.84, DistUp, 62.62
, DistFront, 43.35, DistDow, 57.84, DistUp, 62.62
, DistFront, 43.28, DistDow, 58.18, DistUp, 7.16
, DistFront, 57.47, DistDow, 57.89, DistUp, 61.09
, DistFront, 43.42, DistDow, 57.89, DistUp, 7.13
, DistFront, 43.42, DistDow, 58.35, DistUp, 7.13
, DistFront, 43.35, DistDow, 57.84, DistUp, 7.04
, DistFront, 43.40, DistDow, 58.69, DistUp, 7.04
, DistFront, 43.81, DistDow, 57.99, DistUp, 61.53
, DistFront, 43.76, DistDow, 58.45, DistUp, 61.26
, DistFront, 44.20, DistDow, 58.89, DistUp, 61.19
, DistFront, 44.35, DistDow, 58.10, DistUp, 62.11
, DistFront, 57.67, DistDow, 57.67, DistUp, 7.16
, DistFront, 58.25, DistDow, 57.81, DistUp, 6.28
, DistFront, 57.91, DistDow, 58.69, DistUp, 61.99
, DistFront, 58.38, DistDow, 58.28, DistUp, 7.16
, DistFront, 44.76, DistDow, 59.20, DistUp, 7.13
, DistFront, 58.42, DistDow, 58.78, DistUp, 7.16
, DistFront, 45.61, DistDow, 59.25, DistUp, 7.13
, DistFrontMean, 58.45, DistDowMean, 58.83, DistUpMean, 62.11
, DistFront, 57.96, DistDow, 58.84, DistUp, 61.97
, DistFront, 44.00, DistDow, 59.20, DistUp, 61.99
, DistFront, 43.96, DistDow, 58.81, DistUp, 7.04
, DistFront, 58.40, DistDow, 58.81, DistUp, 7.04
, DistFront, 45.19, DistDow, 58.78, DistUp, 7.04
, DistFront, 45.17, DistDow, 59.25, DistUp, 61.60
, DistFront, 44.47, DistDow, 58.55, DistUp, 62.04
, DistFront, 44.88, DistDow, 58.96, DistUp, 7.16
, DistFront, 44.52, DistDow, 58.96, DistUp, 7.16
, DistFront, 44.66, DistDow, 58.45, DistUp, 7.16
, DistFront, 44.20, DistDow, 8.06, DistUp, 44.27
, DistFront, 45.14, DistDow, 58.45, DistUp, 7.04
, DistFront, 44.76, DistDow, 58.84, DistUp, 7.04
, DistFront, 58.11, DistDow, 58.84, DistUp, 61.63
, DistFront, 44.46, DistDow, 58.96, DistUp, 61.34
, DistFront, 44.52, DistDow, 59.40, DistUp, 62.60
, DistFront, 43.96, DistDow, 59.30, DistUp, 61.24
, DistFront, 44.40, DistDow, 58.49, DistUp, 7.04
, DistFront, 44.81, DistDow, 58.49, DistUp, 62.09
, DistFront, 43.95, DistDow, 58.55, DistUp, 7.04
, DistFrontMean, 58.20, DistDowMean, 58.61, DistUpMean, 7.04
, DistFront, 58.64, DistDow, 59.05, DistUp, 7.13
, DistFront, 44.23, DistDow, 58.62, DistUp, 7.16
, DistFront, 44.23, DistDow, 59.47, DistUp, 7.13
, DistFront, 58.25, DistDow, 59.06, DistUp, 7.16
, DistFront, 44.66, DistDow, 58.69, DistUp, 7.16
, DistFront, 44.59, DistDow, 58.67, DistUp, 7.16
, DistFront, 45.46, DistDow, 59.13, DistUp, 62.31
, DistFront, 58.32, DistDow, 58.74, DistUp, 7.13
, DistFront, 45.10, DistDow, 58.74, DistUp, 7.13
, DistFront, 45.10, DistDow, 58.78, DistUp, 7.16
, DistFront, 44.69, DistDow, 59.66, DistUp, 63.13
, DistFront, 45.39, DistDow, 58.69, DistUp, 62.74
, DistFront, 45.12, DistDow, 58.81, DistUp, 7.16
, DistFront, 45.61, DistDow, 58.84, DistUp, 62.91
, DistFront, 58.40, DistDow, 59.25, DistUp, 62.40
, DistFront, 44.69, DistDow, 59.17, DistUp, 7.04
, DistFront, 44.25, DistDow, 58.76, DistUp, 7.04
, DistFront, 44.27, DistDow, 58.74, DistUp, 7.04
, DistFront, 45.10, DistDow, 58.84, DistUp, 7.04
, DistFront, 58.88, DistDow, 58.69, DistUp, 7.04
, DistFrontMean, 58.45, DistDowMean, 58.69, DistUpMean, 62.82
, DistFront, 58.45, DistDow, 58.78, DistUp, 7.16
, DistFront, 58.88, DistDow, 59.66, DistUp, 61.60
, DistFront, 45.14, DistDow, 59.54, DistUp, 7.04
, DistFront, 58.32, DistDow, 59.10, DistUp, 62.84
, DistFront, 45.26, DistDow, 59.20, DistUp, 62.55
, DistFront, 44.81, DistDow, 58.81, DistUp, 62.93
, DistFront, 44.69, DistDow, 58.69, DistUp, 7.04
, DistFront, 44.52, DistDow, 59.49, DistUp, 7.13
, DistFront, 45.05, DistDow, 58.64, DistUp, 7.04
, DistFront, 44.61, DistDow, 59.03, DistUp, 7.04
, DistFront, 58.23, DistDow, 58.98, DistUp, 62.26
, DistFront, 58.18, DistDow, 58.54, DistUp, 7.04
, DistFront, 44.49, DistDow, 58.54, DistUp, 7.04
, DistFront, 58.13, DistDow, 58.49, DistUp, 61.73
, DistFront, 58.16, DistDow, 58.45, DistUp, 7.04
, DistFront, 44.34, DistDow, 58.45, DistUp, 7.04
, DistFront, 44.35, DistDow, 58.84, DistUp, 7.04
, DistFront, 44.32, DistDow, 59.25, DistUp, 7.04
, DistFront, 44.32, DistDow, 58.78, DistUp, 7.16
, DistFront, 44.66, DistDow, 58.33, DistUp, 61.56
, DistFrontMean, 57.93, DistDowMean, 58.33, DistUpMean, 61.97
, DistFront, 58.04, DistDow, 58.84, DistUp, 62.04
, DistFront, 44.85, DistDow, 58.38, DistUp, 7.16
, DistFront, 57.98, DistDow, 58.33, DistUp, 7.16
, DistFront, 45.54, DistDow, 59.20, DistUp, 61.09
, DistFront, 44.27, DistDow, 58.35, DistUp, 61.90
, DistFront, 58.23, DistDow, 58.28, DistUp, 61.04
, DistFront, 43.59, DistDow, 58.27, DistUp, 7.13
, DistFront, 57.45, DistDow, 58.25, DistUp, 7.13
, DistFront, 44.13, DistDow, 58.23, DistUp, 7.16
, DistFront, 44.17, DistDow, 58.23, DistUp, 7.13
, DistFront, 43.74, DistDow, 58.61, DistUp, 7.02
, DistFront, 43.59, DistDow, 58.91, DistUp, 7.04
, DistFront, 43.55, DistDow, 58.06, DistUp, 7.04
, DistFront, 57.67, DistDow, 58.61, DistUp, 60.99
, DistFront, 43.49, DistDow, 58.55, DistUp, 61.31
, DistFront, 43.59, DistDow, 58.18, DistUp, 61.70
, DistFront, 43.54, DistDow, 58.47, DistUp, 61.73
, DistFront, 43.54, DistDow, 58.45, DistUp, 7.16
, DistFront, 43.45, DistDow, 58.59, DistUp, 61.38
, DistFront, 43.52, DistDow, 58.45, DistUp, 61.68
, DistFrontMean, 57.64, DistDowMean, 58.42, DistUpMean, 7.04
, DistFront, 57.76, DistDow, 58.45, DistUp, 7.04
, DistFront, 57.60, DistDow, 58.03, DistUp, 7.04
, DistFront, 57.60, DistDow, 58.13, DistUp, 7.16
, DistFront, 44.05, DistDow, 58.13, DistUp, 7.16
, DistFront, 43.67, DistDow, 58.49, DistUp, 7.16
, DistFront, 43.61, DistDow, 58.49, DistUp, 7.13
, DistFront, 43.96, DistDow, 58.49, DistUp, 61.63
, DistFront, 44.32, DistDow, 58.10, DistUp, 7.04
, DistFront, 43.95, DistDow, 58.38, DistUp, 7.04
, DistFront, 44.30, DistDow, 58.81, DistUp, 7.04
, DistFront, 43.52, DistDow, 58.33, DistUp, 61.62
, DistFront, 43.45, DistDow, 58.33, DistUp, 61.63
, DistFront, 43.47, DistDow, 58.35, DistUp, 7.04
, DistFront, 43.45, DistDow, 58.35, DistUp, 7.16
, DistFront, 44.20, DistDow, 58.45, DistUp, 61.31
, DistFront, 44.30, DistDow, 58.33, DistUp, 7.13
, DistFront, 43.52, DistDow, 58.45, DistUp, 7.13
, DistFront, 43.91, DistDow, 57.99, DistUp, 7.16
, DistFront, 57.62, DistDow, 57.98, DistUp, 60.83
, DistFront, 43.96, DistDow, 58.84, DistUp, 7.16
, DistFrontMean, 57.60, DistDowMean, 57.98, DistUpMean, 61.24
, DistFront, 57.60, DistDow, 58.84, DistUp, 61.24
, DistFront, 58.03, DistDow, 58.40, DistUp, 7.16
, DistFront, 57.57, DistDow, 57.96, DistUp, 7.16
, DistFront, 45.17, DistDow, 58.40, DistUp, 7.16
, DistFront, 44.66, DistDow, 57.96, DistUp, 7.04
, DistFront, 44.66, DistDow, 58.23, DistUp, 60.63
, DistFront, 43.76, DistDow, 58.25, DistUp, 60.66
, DistFront, 44.25, DistDow, 57.84, DistUp, 7.16
, DistFront, 44.49, DistDow, 57.93, DistUp, 61.99
, DistFront, 43.20, DistDow, 57.96, DistUp, 61.56
, DistFront, 57.40, DistDow, 57.89, DistUp, 61.60
, DistFront, 57.41, DistDow, 57.89, DistUp, 61.56
, DistFront, 44.05, DistDow, 58.35, DistUp, 61.48
, DistFront, 57.41, DistDow, 58.35, DistUp, 61.48
, DistFront, 43.76, DistDow, 57.87, DistUp, 7.16
, DistFront, 43.47, DistDow, 58.35, DistUp, 7.16
, DistFront, 43.52, DistDow, 58.81, DistUp, 61.67
, DistFront, 58.03, DistDow, 58.40, DistUp, 7.13
, DistFront, 57.62, DistDow, 57.99, DistUp, 61.60
, DistFront, 43.96, DistDow, 58.04, DistUp, 7.04
, DistFrontMean, 57.64, DistDowMean, 58.04, DistUpMean, 7.04
, DistFront, 57.70, DistDow, 58.49, DistUp, 62.57
, DistFront, 43.71, DistDow, 58.52, DistUp, 61.80
, DistFront, 57.38, DistDow, 58.55, DistUp, 62.24
, DistFront, 44.39, DistDow, 58.55, DistUp, 7.16
, DistFront, 44.13, DistDow, 58.23, DistUp, 7.16
, DistFront, 44.17, DistDow, 58.64, DistUp, 7.16
, DistFront, 44.61, DistDow, 58.23, DistUp, 7.16
, DistFront, 44.25, DistDow, 58.69, DistUp, 7.13
, DistFront, 44.25, DistDow, 58.27, DistUp, 7.16
, DistFront, 44.17, DistDow, 58.69, DistUp, 7.04
, DistFront, 44.54, DistDow, 58.33, DistUp, 7.04
, DistFront, 44.59, DistDow, 59.18, DistUp, 7.04
, DistFront, 43.88, DistDow, 58.74, DistUp, 7.04
, DistFront, 43.76, DistDow, 58.81, DistUp, 61.09
, DistFront, 44.76, DistDow, 58.38, DistUp, 61.55
, DistFront, 58.03, DistDow, 58.40, DistUp, 62.09
, DistFront, 44.81, DistDow, 58.45, DistUp, 7.13
, DistFront, 58.06, DistDow, 58.84, DistUp, 62.13
, DistFront, 45.02, DistDow, 59.20, DistUp, 62.48
, DistFront, 43.91, DistDow, 58.40, DistUp, 7.04
, DistFrontMean, 57.99, DistDowMean, 58.38, DistUpMean, 62.09
, DistFront, 58.10, DistDow, 58.47, DistUp, 7.16
, DistFront, 44.63, DistDow, 8.18, DistUp, 44.42
, DistFront, 44.17, DistDow, 58.49, DistUp, 7.16
, DistFront, 57.76, DistDow, 59.35, DistUp, 7.16
, DistFront, 58.16, DistDow, 58.49, DistUp, 7.16
, DistFront, 44.12, DistDow, 58.54, DistUp, 7.16
, DistFront, 44.12, DistDow, 58.54, DistUp, 7.13
, DistFront, 44.12, DistDow, 58.55, DistUp, 7.13
, DistFront, 43.71, DistDow, 58.95, DistUp, 7.13
, DistFront, 44.52, DistDow, 58.54, DistUp, 7.16
, DistFront, 44.91, DistDow, 58.95, DistUp, 7.13
, DistFront, 44.06, DistDow, 58.89, DistUp, 61.80
, DistFront, 58.11, DistDow, 58.88, DistUp, 7.13
, DistFront, 44.05, DistDow, 59.34, DistUp, 63.03
, DistFront, 44.23, DistDow, 59.23, DistUp, 7.16
, DistFront, 43.78, DistDow, 58.88, DistUp, 7.13
, DistFront, 57.99, DistDow, 58.89, DistUp, 61.62
, DistFront, 44.69, DistDow, 58.38, DistUp, 7.04
, DistFront, 44.30, DistDow, 58.38, DistUp, 7.04
, DistFront, 43.89, DistDow, 58.38, DistUp, 7.13
, DistFrontMean, 57.99, DistDowMean, 58.76, DistUpMean, 62.02
, DistFront, 58.10, DistDow, 58.88, DistUp, 7.04
, DistFront, 43.98, DistDow, 58.47, DistUp, 61.55
, DistFront, 45.19, DistDow, 58.33, DistUp, 61.56
, DistFront, 43.89, DistDow, 58.33, DistUp, 7.04
, DistFront, 43.89, DistDow, 58.33, DistUp, 7.04
, DistFront, 44.30, DistDow, 58.84, DistUp, 7.04
, DistFront, 43.61, DistDow, 58.83, DistUp, 7.04
, DistFront, 44.00, DistDow, 59.25, DistUp, 62.09
, DistFront, 44.40, DistDow, 58.38, DistUp, 7.16
, DistFront, 43.96, DistDow, 58.40, DistUp, 7.13
, DistFront, 58.03, DistDow, 58.81, DistUp, 62.09
, DistFront, 44.25, DistDow, 58.28, DistUp, 7.16
, DistFront, 57.52, DistDow, 59.20, DistUp, 61.12
, DistFront, 45.10, DistDow, 58.69, DistUp, 7.04
, DistFront, 43.84, DistDow, 58.28, DistUp, 7.16
, DistFront, 57.53, DistDow, 58.81, DistUp, 61.97
, DistFront, 57.91, DistDow, 58.69, DistUp, 61.56
, DistFront, 57.99, DistDow, 58.28, DistUp, 62.02
, DistFront, 44.78, DistDow, 58.83, DistUp, 7.13
, DistFront, 58.49, DistDow, 58.42, DistUp, 7.04
, DistFrontMean, 58.10, DistDowMean, 58.88, DistUpMean, 61.77
, DistFront, 58.11, DistDow, 59.32, DistUp, 7.13
, DistFront, 58.13, DistDow, 58.49, DistUp, 62.64
, DistFront, 58.06, DistDow, 58.54, DistUp, 62.98
, DistFront, 58.11, DistDow, 58.89, DistUp, 63.03
, DistFront, 45.05, DistDow, 59.05, DistUp, 7.16
, DistFront, 44.20, DistDow, 58.64, DistUp, 7.13
, DistFront, 44.71, DistDow, 58.69, DistUp, 7.16
, DistFront, 45.10, DistDow, 59.12, DistUp, 7.16
, DistFront, 44.25, DistDow, 58.74, DistUp, 7.13
, DistFront, 44.32, DistDow, 59.13, DistUp, 62.45
, DistFront, 44.66, DistDow, 58.69, DistUp, 7.16
, DistFront, 58.32, DistDow, 58.69, DistUp, 7.16
, DistFront, 58.35, DistDow, 59.17, DistUp, 7.04
, DistFront, 44.74, DistDow, 59.61, DistUp, 7.04
, DistFront, 58.42, DistDow, 59.61, DistUp, 7.04
, DistFront, 44.74, DistDow, 59.32, DistUp, 7.04
, DistFront, 58.59, DistDow, 58.89, DistUp, 62.62
, DistFront, 58.61, DistDow, 59.35, DistUp, 7.13
, DistFront, 44.27, DistDow, 59.39, DistUp, 7.16
, DistFront, 58.49, DistDow, 58.83, DistUp, 7.13
, DistFrontMean, 58.91, DistDowMean, 59.27, DistUpMean, 62.57
, DistFront, 58.64, DistDow, 59.42, DistUp, 7.16
, DistFront, 58.67, DistDow, 58.98, DistUp, 62.74
, DistFront, 58.55, DistDow, 59.34, DistUp, 7.04
, DistFront, 44.54, DistDow, 59.78, DistUp, 7.04
, DistFront, 44.95, DistDow, 59.34, DistUp, 62.62
, DistFront, 45.05, DistDow, 59.06, DistUp, 7.16
, DistFront, 58.71, DistDow, 59.06, DistUp, 62.77
, DistFront, 44.61, DistDow, 59.91, DistUp, 62.81
, DistFront, 58.61, DistDow, 59.35, DistUp, 63.10
, DistFront, 58.67, DistDow, 59.35, DistUp, 62.24
, DistFront, 44.68, DistDow, 59.52, DistUp, 63.18
, DistFront, 58.20, DistDow, 59.81, DistUp, 7.13
, DistFront, 44.49, DistDow, 58.95, DistUp, 7.04
, DistFront, 58.55, DistDow, 59.34, DistUp, 7.04
, DistFront, 44.49, DistDow, 59.78, DistUp, 7.02
, DistFront, 44.47, DistDow, 59.03, DistUp, 7.02
, DistFront, 43.64, DistDow, 59.85, DistUp, 7.13
, DistFront, 44.97, DistDow, 59.00, DistUp, 7.13
, DistFront, 44.12, DistDow, 59.40, DistUp, 7.16
, DistFront, 45.31, DistDow, 59.34, DistUp, 63.49
, DistFrontMean, 58.45, DistDowMean, 59.23, DistUpMean, 63.78
, DistFront, 58.54, DistDow, 59.34, DistUp, 62.93
, DistFront, 44.88, DistDow, 59.63, DistUp, 7.02
, DistFront, 44.85, DistDow, 59.20, DistUp, 7.04
, DistFront, 58.47, DistDow, 58.84, DistUp, 7.16
, DistFront, 58.06, DistDow, 59.25, DistUp, 63.40
, DistFront, 44.00, DistDow, 8.62, DistUp, 44.06
, DistFront, 44.30, DistDow, 59.13, DistUp, 7.04
, DistFront, 57.98, DistDow, 59.13, DistUp, 7.04
, DistFront, 58.33, DistDow, 58.67, DistUp, 62.87
, DistFront, 58.45, DistDow, 58.78, DistUp, 62.09
, DistFront, 44.39, DistDow, 59.23, DistUp, 7.16
, DistFront, 44.39, DistDow, 59.25, DistUp, 62.53
, DistFront, 58.33, DistDow, 58.67, DistUp, 61.99
, DistFront, 45.14, DistDow, 58.83, DistUp, 7.04
, DistFront, 58.45, DistDow, 58.83, DistUp, 7.04
, DistFront, 58.45, DistDow, 58.81, DistUp, 7.16
, DistFront, 58.89, DistDow, 58.83, DistUp, 62.55
, DistFront, 44.20, DistDow, 59.68, DistUp, 7.16
, DistFront, 44.18, DistDow, 59.59, DistUp, 7.16
, DistFront, 58.40, DistDow, 59.13, DistUp, 62.47
, DistFrontMean, 58.49, DistDowMean, 59.56, DistUpMean, 63.32
, DistFront, 58.38, DistDow, 58.83, DistUp, 62.91
, DistFront, 58.38, DistDow, 58.69, DistUp, 62.91
, DistFront, 58.49, DistDow, 59.23, DistUp, 62.60
, DistFront, 43.89, DistDow, 58.83, DistUp, 7.16
, DistFront, 58.35, DistDow, 59.54, DistUp, 62.47
, DistFront, 58.89, DistDow, 59.12, DistUp, 7.04
, DistFront, 58.45, DistDow, 59.20, DistUp, 62.47
, DistFront, 58.47, DistDow, 59.20, DistUp, 62.13
, DistFront, 58.32, DistDow, 59.10, DistUp, 64.13
, DistFront, 58.42, DistDow, 59.18, DistUp, 62.84
, DistFront, 44.74, DistDow, 59.18, DistUp, 7.13
, DistFront, 44.03, DistDow, 59.18, DistUp, 62.76
, DistFront, 43.81, DistDow, 59.05, DistUp, 61.92
, DistFront, 44.25, DistDow, 58.74, DistUp, 7.04
, DistFront, 58.32, DistDow, 58.69, DistUp, 7.16
, DistFront, 57.93, DistDow, 59.10, DistUp, 7.13
, DistFront, 57.91, DistDow, 59.12, DistUp, 7.16
, DistFront, 44.61, DistDow, 58.64, DistUp, 7.16
, DistFront, 44.12, DistDow, 59.05, DistUp, 7.16
, DistFront, 58.20, DistDow, 58.61, DistUp, 7.16
, DistFrontMean, 58.64, DistDowMean, 59.03, DistUpMean, 7.16
, DistFront, 58.10, DistDow, 58.89, DistUp, 61.73
, DistFront, 58.61, DistDow, 59.30, DistUp, 7.04
, DistFront, 58.18, DistDow, 58.84, DistUp, 61.68
, DistFront, 44.49, DistDow, 58.49, DistUp, 7.04
, DistFront, 57.70, DistDow, 59.32, DistUp, 62.04
, DistFront, 58.06, DistDow, 58.84, DistUp, 62.53
, DistFront, 57.64, DistDow, 58.78, DistUp, 62.48
, DistFront, 58.40, DistDow, 59.20, DistUp, 61.53
, DistFront, 57.47, DistDow, 58.18, DistUp, 62.33
, DistFront, 57.41, DistDow, 58.13, DistUp, 62.74
, DistFront, 44.17, DistDow, 58.54, DistUp, 61.89
, DistFront, 57.87, DistDow, 58.64, DistUp, 7.13
, DistFront, 43.81, DistDow, 58.64, DistUp, 7.04
, DistFront, 57.87, DistDow, 58.10, DistUp, 62.74
, DistFront, 57.87, DistDow, 58.20, DistUp, 62.45
, DistFront, 57.89, DistDow, 58.20, DistUp, 62.02
, DistFront, 57.91, DistDow, 58.62, DistUp, 62.02
, DistFront, 57.81, DistDow, 58.67, DistUp, 61.50
, DistFront, 57.84, DistDow, 58.71, DistUp, 7.13
, DistFront, 57.84, DistDow, 58.74, DistUp, 61.97
, DistFrontMean, 57.87, DistDowMean, 58.67, DistUpMean, 61.55
, DistFront, 58.42, DistDow, 58.35, DistUp, 62.11
, DistFront, 44.49, DistDow, 8.59, DistUp, 43.81
, DistFront, 57.96, DistDow, 59.13, DistUp, 7.16
, DistFront, 43.95, DistDow, 58.35, DistUp, 7.16
, DistFront, 57.99, DistDow, 59.18, DistUp, 62.53
, DistFront, 43.95, DistDow, 58.81, DistUp, 62.55
, DistFront, 58.61, DistDow, 58.91, DistUp, 62.26
, DistFront, 44.17, DistDow, 58.59, DistUp, 7.16
, DistFront, 44.17, DistDow, 59.05, DistUp, 7.16
, DistFront, 44.20, DistDow, 58.64, DistUp, 7.16
, DistFront, 45.05, DistDow, 58.62, DistUp, 61.92
, DistFront, 58.20, DistDow, 58.54, DistUp, 7.16
, DistFront, 44.54, DistDow, 58.59, DistUp, 7.16
, DistFront, 58.25, DistDow, 59.42, DistUp, 61.90
, DistFront, 58.76, DistDow, 58.71, DistUp, 7.02
, DistFront, 58.78, DistDow, 59.12, DistUp, 62.45
, DistFront, 44.30, DistDow, 59.56, DistUp, 62.04
, DistFront, 58.27, DistDow, 59.05, DistUp, 61.92
, DistFront, 58.38, DistDow, 59.05, DistUp, 61.48
, DistFront, 58.35, DistDow, 59.17, DistUp, 61.99
, DistFrontMean, 58.67, DistDowMean, 59.54, DistUpMean, 62.28
, DistFront, 58.32, DistDow, 59.10, DistUp, 61.45
, DistFront, 58.32, DistDow, 59.10, DistUp, 61.55
, DistFront, 58.55, DistDow, 58.64, DistUp, 61.89
, DistFront, 58.16, DistDow, 58.96, DistUp, 61.80
, DistFront, 58.23, DistDow, 59.34, DistUp, 62.19
, DistFront, 58.62, DistDow, 59.00, DistUp, 60.99
, DistFront, 58.18, DistDow, 58.95, DistUp, 61.39
, DistFront, 44.47, DistDow, 58.89, DistUp, 61.75
, DistFront, 57.98, DistDow, 59.20, DistUp, 61.60
, DistFront, 57.93, DistDow, 59.13, DistUp, 61.14
, DistFront, 58.03, DistDow, 58.69, DistUp, 61.55
, DistFront, 57.98, DistDow, 58.76, DistUp, 61.96
, DistFront, 58.38, DistDow, 58.71, DistUp, 62.45
, DistFront, 57.93, DistDow, 58.71, DistUp, 7.13
, DistFront, 57.87, DistDow, 58.25, DistUp, 61.14
, DistFront, 57.82, DistDow, 58.10, DistUp, 61.84
, DistFront, 57.82, DistDow, 58.61, DistUp, 61.80
, DistFront, 57.77, DistDow, 58.16, DistUp, 7.16
, DistFront, 44.12, DistDow, 58.16, DistUp, 7.13
, DistFront, 43.64, DistDow, 58.13, DistUp, 62.57
, DistFrontMean, 57.76, DistDowMean, 58.59, DistUpMean, 7.55
, DistFront, 57.76, DistDow, 58.42, DistUp, 61.68
, DistFront, 57.70, DistDow, 58.52, DistUp, 61.24
, DistFront, 57.64, DistDow, 58.45, DistUp, 61.26
, DistFront, 43.16, DistDow, 58.40, DistUp, 7.16
, DistFront, 43.61, DistDow, 58.38, DistUp, 62.35
, DistFront, 43.16, DistDow, 57.96, DistUp, 7.13
, DistFront, 57.55, DistDow, 57.81, DistUp, 61.11
, DistFront, 43.38, DistDow, 58.67, DistUp, 7.02
, DistFront, 57.96, DistDow, 58.23, DistUp, 7.04
, DistFront, 57.40, DistDow, 58.20, DistUp, 61.09
, DistFront, 57.81, DistDow, 58.59, DistUp, 61.09
, DistFront, 57.41, DistDow, 58.69, DistUp, 7.16
, DistFront, 43.35, DistDow, 57.89, DistUp, 7.16
, DistFront, 57.52, DistDow, 58.28, DistUp, 61.19
, DistFront, 43.83, DistDow, 58.32, DistUp, 60.75
, DistFront, 57.47, DistDow, 57.84, DistUp, 7.16
, DistFront, 43.40, DistDow, 58.25, DistUp, 61.89
, DistFront, 43.40, DistDow, 57.84, DistUp, 7.13
, DistFront, 42.87, DistDow, 58.16, DistUp, 61.45
, DistFront, 57.47, DistDow, 58.13, DistUp, 7.04
, DistFrontMean, 57.45, DistDowMean, 58.13, DistUpMean, 7.04
, DistFront, 57.45, DistDow, 58.25, DistUp, 7.04
, DistFront, 57.87, DistDow, 58.54, DistUp, 60.99
, DistFront, 57.87, DistDow, 58.11, DistUp, 60.97
, DistFront, 57.76, DistDow, 57.69, DistUp, 60.56
, DistFront, 43.71, DistDow, 57.69, DistUp, 61.45
, DistFront, 43.71, DistDow, 58.55, DistUp, 61.41
, DistFront, 57.38, DistDow, 58.13, DistUp, 7.04
, DistFront, 57.38, DistDow, 58.25, DistUp, 7.16
, DistFront, 57.47, DistDow, 58.69, DistUp, 61.99
, DistFront, 42.87, DistDow, 58.59, DistUp, 61.48
, DistFront, 42.91, DistDow, 58.20, DistUp, 60.63
, DistFront, 57.40, DistDow, 58.28, DistUp, 7.13
, DistFront, 43.67, DistDow, 58.76, DistUp, 7.53
, DistFront, 57.98, DistDow, 58.35, DistUp, 7.13
, DistFront, 57.55, DistDow, 58.33, DistUp, 61.19
, DistFront, 57.57, DistDow, 57.93, DistUp, 7.16
, DistFront, 43.89, DistDow, 57.93, DistUp, 7.16
, DistFront, 43.91, DistDow, 57.93, DistUp, 7.04
, DistFront, 43.81, DistDow, 58.81, DistUp, 7.04
, DistFront, 57.55, DistDow, 58.25, DistUp, 61.53
, DistFrontMean, 57.60, DistDowMean, 58.38, DistUpMean, 61.63
, DistFront, 57.57, DistDow, 58.83, DistUp, 61.24
, DistFront, 57.52, DistDow, 58.84, DistUp, 60.85
, DistFront, 57.69, DistDow, 58.10, DistUp, 7.16
, DistFront, 57.67, DistDow, 58.49, DistUp, 7.13
, DistFront, 57.70, DistDow, 58.55, DistUp, 7.16
, DistFront, 58.16, DistDow, 58.54, DistUp, 61.77
, DistFront, 57.77, DistDow, 58.20, DistUp, 7.16
, DistFront, 57.84, DistDow, 58.64, DistUp, 61.38
, DistFront, 57.82, DistDow, 58.64, DistUp, 61.02
, DistFront, 57.87, DistDow, 58.71, DistUp, 61.45
, DistFront, 57.87, DistDow, 59.13, DistUp, 7.13
, DistFront, 57.91, DistDow, 58.33, DistUp, 61.48
, DistFront, 43.69, DistDow, 59.10, DistUp, 7.13
, DistFront, 44.42, DistDow, 58.38, DistUp, 61.09
, DistFront, 44.10, DistDow, 58.28, DistUp, 7.13
, DistFront, 43.76, DistDow, 58.69, DistUp, 61.45
, DistFront, 43.76, DistDow, 58.27, DistUp, 61.85
, DistFront, 43.74, DistDow, 58.27, DistUp, 7.16
, DistFront, 44.20, DistDow, 58.27, DistUp, 7.04
, DistFront, 57.87, DistDow, 58.25, DistUp, 7.04
, DistFrontMean, 57.87, DistDowMean, 58.67, DistUpMean, 7.02
, DistFront, 57.98, DistDow, 58.67, DistUp, 7.04
, DistFront, 44.74, DistDow, 58.25, DistUp, 7.02
, DistFront, 43.95, DistDow, 58.27, DistUp, 7.04
, DistFront, 43.38, DistDow, 58.27, DistUp, 7.16
, DistFront, 44.27, DistDow, 58.64, DistUp, 7.13
, DistFront, 44.23, DistDow, 58.27, DistUp, 7.13
, DistFront, 43.74, DistDow, 59.20, DistUp, 7.13
, DistFront, 57.91, DistDow, 58.38, DistUp, 7.16
, DistFront, 57.99, DistDow, 58.38, DistUp, 7.16
, DistFront, 57.99, DistDow, 58.83, DistUp, 7.16
, DistFront, 43.95, DistDow, 58.42, DistUp, 7.13
, DistFront, 44.39, DistDow, 58.47, DistUp, 61.24
, DistFront, 58.04, DistDow, 59.32, DistUp, 7.13
, DistFront, 43.42, DistDow, 58.47, DistUp, 7.13
, DistFront, 58.47, DistDow, 58.88, DistUp, 7.13
, DistFront, 44.13, DistDow, 58.88, DistUp, 61.14
, DistFront, 44.30, DistDow, 58.78, DistUp, 61.53
, DistFront, 44.23, DistDow, 58.76, DistUp, 7.04
, DistFront, 43.83, DistDow, 58.88, DistUp, 7.02
, DistFront, 43.81, DistDow, 58.83, DistUp, 7.04
, DistFrontMean, 57.99, DistDowMean, 58.84, DistUpMean, 7.16
, DistFront, 57.98, DistDow, 59.25, DistUp, 7.16
, DistFront, 57.96, DistDow, 58.81, DistUp, 7.16
, DistFront, 57.55, DistDow, 59.20, DistUp, 62.38
, DistFront, 43.64, DistDow, 58.32, DistUp, 7.13
, DistFront, 58.33, DistDow, 58.76, DistUp, 61.50
, DistFront, 44.12, DistDow, 58.18, DistUp, 61.39
, DistFront, 43.71, DistDow, 58.18, DistUp, 61.80
, DistFront, 44.23, DistDow, 59.10, DistUp, 7.16
, DistFront, 44.61, DistDow, 59.10, DistUp, 7.13
, DistFront, 58.28, DistDow, 58.64, DistUp, 61.45
, DistFront, 44.56, DistDow, 59.12, DistUp, 7.13
, DistFront, 44.17, DistDow, 58.28, DistUp, 7.13
, DistFront, 57.87, DistDow, 58.71, DistUp, 61.90
, DistFront, 58.32, DistDow, 58.33, DistUp, 7.16
, DistFront, 57.91, DistDow, 58.76, DistUp, 62.35
, DistFront, 57.84, DistDow, 58.78, DistUp, 61.85
, DistFront, 57.84, DistDow, 58.27, DistUp, 7.02
, DistFront, 57.91, DistDow, 58.74, DistUp, 61.90
, DistFront, 58.06, DistDow, 58.78, DistUp, 61.53
, DistFront, 44.35, DistDow, 58.89, DistUp, 7.13
, DistFrontMean, 58.10, DistDowMean, 58.95, DistUpMean, 61.68
, DistFront, 58.03, DistDow, 58.84, DistUp, 7.16
, DistFront, 44.05, DistDow, 58.47, DistUp, 7.04
, DistFront, 44.46, DistDow, 58.52, DistUp, 7.04
, DistFront, 44.05, DistDow, 58.47, DistUp, 62.09
, DistFront, 44.47, DistDow, 58.62, DistUp, 7.04
, DistFront, 57.84, DistDow, 59.49, DistUp, 61.38
, DistFront, 44.13, DistDow, 59.10, DistUp, 7.13
, DistFront, 58.25, DistDow, 58.67, DistUp, 7.16
, DistFront, 44.59, DistDow, 58.69, DistUp, 7.16
, DistFront, 43.96, DistDow, 59.06, DistUp, 61.75
, DistFront, 44.49, DistDow, 59.00, DistUp, 60.92
, DistFront, 44.10, DistDow, 59.13, DistUp, 7.04
, DistFront, 44.25, DistDow, 58.74, DistUp, 62.26
, DistFront, 58.35, DistDow, 59.18, DistUp, 7.13
, DistFront, 44.59, DistDow, 59.12, DistUp, 7.04
, DistFront, 43.78, DistDow, 58.71, DistUp, 7.04
, DistFront, 44.23, DistDow, 58.76, DistUp, 7.04
, DistFront, 44.69, DistDow, 58.89, DistUp, 7.04
, DistFront, 44.40, DistDow, 58.95, DistUp, 62.09
, DistFront, 58.95, DistDow, 59.78, DistUp, 61.56
, DistFrontMean, 58.45, DistDowMean, 59.27, DistUpMean, 7.04
, DistFront, 59.00, DistDow, 59.39, DistUp, 62.13
, DistFront, 59.00, DistDow, 59.83, DistUp, 61.62
, DistFront, 43.98, DistDow, 58.95, DistUp, 7.04
, DistFront, 44.40, DistDow, 59.35, DistUp, 61.63
, DistFront, 43.71, DistDow, 59.05, DistUp, 61.75
, DistFront, 58.52, DistDow, 59.46, DistUp, 61.24
, DistFront, 44.40, DistDow, 58.95, DistUp, 7.04
, DistFront, 58.27, DistDow, 59.90, DistUp, 62.09
, DistFront, 44.61, DistDow, 59.90, DistUp, 7.16
, DistFront, 58.54, DistDow, 59.05, DistUp, 62.09
, DistFront, 44.46, DistDow, 59.78, DistUp, 62.11
, DistFront, 44.52, DistDow, 59.46, DistUp, 7.13
, DistFront, 58.61, DistDow, 59.46, DistUp, 7.16
, DistFront, 44.68, DistDow, 58.95, DistUp, 7.13
, DistFront, 44.39, DistDow, 59.34, DistUp, 7.04
, DistFront, 44.39, DistDow, 58.91, DistUp, 7.02
, DistFront, 44.34, DistDow, 58.98, DistUp, 7.04
, DistFront, 58.16, DistDow, 59.81, DistUp, 62.55
, DistFront, 58.42, DistDow, 59.76, DistUp, 61.53
, DistFront, 43.81, DistDow, 58.78, DistUp, 7.04
, DistFrontMean, 58.45, DistDowMean, 59.61, DistUpMean, 62.33
, DistFront, 58.40, DistDow, 59.23, DistUp, 62.38
, DistFront, 58.27, DistDow, 59.10, DistUp, 61.39
, DistFront, 44.17, DistDow, 58.71, DistUp, 60.90
, DistFront, 58.20, DistDow, 59.05, DistUp, 61.73
, DistFront, 58.06, DistDow, 58.61, DistUp, 60.83
, DistFront, 57.99, DistDow, 58.45, DistUp, 61.53
, DistFront, 57.96, DistDow, 58.40, DistUp, 61.96
, DistFront, 58.03, DistDow, 58.33, DistUp, 61.48
, DistFront, 57.87, DistDow, 58.28, DistUp, 61.85
, DistFront, 44.17, DistDow, 58.69, DistUp, 7.04
, DistFront, 44.12, DistDow, 58.23, DistUp, 6.19
, DistFront, 57.93, DistDow, 58.74, DistUp, 7.04
, DistFront, 44.23, DistDow, 59.17, DistUp, 7.16
, DistFront, 44.25, DistDow, 58.74, DistUp, 7.13
, DistFront, 44.27, DistDow, 58.35, DistUp, 7.13
, DistFront, 44.69, DistDow, 58.71, DistUp, 7.13
, DistFront, 44.46, DistDow, 58.33, DistUp, 61.09
, DistFront, 57.82, DistDow, 58.62, DistUp, 7.04
, DistFront, 57.84, DistDow, 59.10, DistUp, 61.53
, DistFront, 44.20, DistDow, 58.69, DistUp, 62.82
, DistFrontMean, 58.45, DistDowMean, 59.23, DistUpMean, 7.13
, DistFront, 57.93, DistDow, 58.83, DistUp, 61.56
, DistFront, 57.91, DistDow, 58.64, DistUp, 7.04
, DistFront, 57.87, DistDow, 58.18, DistUp, 61.55
, DistFront, 43.76, DistDow, 58.13, DistUp, 62.74
, DistFront, 44.63, DistDow, 58.55, DistUp, 61.96
, DistFront, 57.77, DistDow, 58.10, DistUp, 61.45
, DistFront, 44.06, DistDow, 58.04, DistUp, 61.39
, DistFront, 44.47, DistDow, 58.40, DistUp, 62.93
, DistFront, 57.48, DistDow, 58.35, DistUp, 7.55
, DistFront, 57.57, DistDow, 58.74, DistUp, 62.19
, DistFront, 57.91, DistDow, 58.25, DistUp, 62.09
, DistFront, 57.52, DistDow, 58.23, DistUp, 62.98
, DistFront, 57.62, DistDow, 57.84, DistUp, 61.73
, DistFront, 58.06, DistDow, 57.96, DistUp, 62.18
, DistFront, 57.67, DistDow, 57.98, DistUp, 62.33
, DistFront, 57.74, DistDow, 58.04, DistUp, 62.77
, DistFront, 57.77, DistDow, 58.49, DistUp, 63.28
, DistFront, 57.76, DistDow, 58.18, DistUp, 7.16
, DistFront, 57.84, DistDow, 59.10, DistUp, 62.09
, DistFront, 57.91, DistDow, 58.64, DistUp, 62.13
, DistFrontMean, 58.06, DistDowMean, 58.33, DistUpMean, 62.24
, DistFront, 57.96, DistDow, 58.33, DistUp, 62.57
, DistFront, 57.96, DistDow, 58.25, DistUp, 62.60
, DistFront, 58.03, DistDow, 58.28, DistUp, 62.13
, DistFront, 57.96, DistDow, 58.25, DistUp, 63.04
, DistFront, 57.82, DistDow, 58.18, DistUp, 63.69
, DistFront, 57.87, DistDow, 58.49, DistUp, 63.25
, DistFront, 57.91, DistDow, 58.20, DistUp, 63.28
, DistFront, 57.98, DistDow, 58.25, DistUp, 63.06
, DistFront, 57.91, DistDow, 58.28, DistUp, 62.60
, DistFront, 57.98, DistDow, 59.10, DistUp, 62.64
, DistFront, 58.11, DistDow, 58.81, DistUp, 62.81
, DistFront, 58.45, DistDow, 59.25, DistUp, 63.61
, DistFront, 58.18, DistDow, 58.84, DistUp, 63.18
, DistFront, 58.23, DistDow, 58.89, DistUp, 62.55
, DistFront, 58.23, DistDow, 58.45, DistUp, 3395.03
, DistFront, 48.49, DistDow, 59.30, DistUp, 63.49
, DistFront, 58.84, DistDow, 59.47, DistUp, 63.61
, DistFront, 58.89, DistDow, 59.59, DistUp, 63.98
, DistFront, 58.96, DistDow, 59.23, DistUp, 63.69
, DistFront, 59.00, DistDow, 59.27, DistUp, 197.45
, DistFrontMean, 59.18, DistDowMean, 59.47, DistUpMean, 64.25
, DistFront, 59.13, DistDow, 59.83, DistUp, 64.63
, DistFront, 59.25, DistDow, 59.61, DistUp, 7.13
, DistFront, 59.47, DistDow, 59.66, DistUp, 63.13
, DistFront, 45.88, DistDow, 60.19, DistUp, 64.91
, DistFront, 59.98, DistDow, 59.98, DistUp, 7.16
, DistFront, 59.81, DistDow, 60.49, DistUp, 64.83
, DistFront, 59.78, DistDow, 60.14, DistUp, 63.98
, DistFront, 59.90, DistDow, 60.26, DistUp, 64.05
, DistFront, 46.26, DistDow, 60.37, DistUp, 64.10
, DistFront, 59.81, DistDow, 60.85, DistUp, 7.13
, DistFront, 60.66, DistDow, 60.56, DistUp, 64.74
, DistFront, 60.27, DistDow, 60.61, DistUp, 64.40
, DistFront, 60.32, DistDow, 60.66, DistUp, 64.88
, DistFront, 60.39, DistDow, 60.27, DistUp, 64.06
, DistFront, 60.41, DistDow, 61.17, DistUp, 63.69
, DistFront, 60.41, DistDow, 60.77, DistUp, 64.54
, DistFront, 60.46, DistDow, 60.82, DistUp, 64.61
, DistFront, 60.46, DistDow, 61.21, DistUp, 63.78
, DistFront, 47.18, DistDow, 60.88, DistUp, 64.25
, DistFront, 60.54, DistDow, 60.90, DistUp, 64.74
, DistFrontMean, 60.88, DistDowMean, 61.21, DistUpMean, 65.05
, DistFront, 60.48, DistDow, 61.21, DistUp, 64.66
, DistFront, 60.49, DistDow, 60.41, DistUp, 65.10
, DistFront, 60.60, DistDow, 60.92, DistUp, 64.81
, DistFront, 60.61, DistDow, 60.53, DistUp, 66.11
, DistFront, 61.05, DistDow, 61.24, DistUp, 64.74
, DistFront, 60.95, DistDow, 60.82, DistUp, 65.60
, DistFront, 60.97, DistDow, 60.82, DistUp, 65.60
, DistFront, 60.49, DistDow, 61.21, DistUp, 65.19
, DistFront, 60.61, DistDow, 61.34, DistUp, 66.17
, DistFront, 60.61, DistDow, 60.88, DistUp, 66.05
, DistFront, 60.49, DistDow, 60.77, DistUp, 174.52
, DistFront, 60.61, DistDow, 60.88, DistUp, 65.75
, DistFront, 60.61, DistDow, 61.28, DistUp, 65.24
, DistFront, 60.61, DistDow, 60.83, DistUp, 66.21
, DistFront, 60.97, DistDow, 61.17, DistUp, 65.66
, DistFront, 60.34, DistDow, 60.56, DistUp, 173.20
, DistFront, 60.41, DistDow, 61.02, DistUp, 65.95
, DistFront, 60.26, DistDow, 60.43, DistUp, 194.34
, DistFront, 60.31, DistDow, 60.46, DistUp, 174.18
, DistFront, 60.24, DistDow, 61.14, DistUp, 170.82
, DistFrontMean, 60.19, DistDowMean, 60.82, DistUpMean, 170.82
, DistFront, 60.12, DistDow, 60.66, DistUp, 194.35
, DistFront, 60.03, DistDow, 60.26, DistUp, 171.55
, DistFront, 59.95, DistDow, 60.14, DistUp, 170.68
, DistFront, 59.85, DistDow, 60.46, DistUp, 169.83
, DistFront, 59.74, DistDow, 60.34, DistUp, 168.95
, DistFront, 60.05, DistDow, 59.78, DistUp, 171.05
, DistFront, 59.40, DistDow, 59.59, DistUp, 168.95
, DistFront, 59.23, DistDow, 59.47, DistUp, 172.31
, DistFront, 59.13, DistDow, 59.35, DistUp, 63.89
, DistFront, 59.42, DistDow, 59.27, DistUp, 63.35
, DistFront, 59.05, DistDow, 59.30, DistUp, 64.95
, DistFront, 58.95, DistDow, 59.61, DistUp, 64.12
, DistFront, 58.78, DistDow, 59.42, DistUp, 168.98
, DistFront, 59.18, DistDow, 59.42, DistUp, 63.38
, DistFront, 58.64, DistDow, 58.89, DistUp, 195.85
, DistFront, 58.55, DistDow, 58.81, DistUp, 64.98
, DistFront, 58.40, DistDow, 59.05, DistUp, 194.66
, DistFront, 58.40, DistDow, 58.69, DistUp, 195.03
, DistFront, 58.25, DistDow, 58.98, DistUp, 194.17
, DistFront, 58.16, DistDow, 58.84, DistUp, 193.32
, DistFrontMean, 57.74, DistDowMean, 58.38, DistUpMean, 195.43
, DistFront, 58.20, DistDow, 58.33, DistUp, 194.54
, DistFront, 58.18, DistDow, 58.42, DistUp, 64.06
, DistFront, 58.04, DistDow, 58.71, DistUp, 63.23
, DistFront, 58.13, DistDow, 58.38, DistUp, 193.81
, DistFront, 58.18, DistDow, 58.81, DistUp, 168.23
, DistFront, 58.13, DistDow, 58.33, DistUp, 194.30
, DistFront, 58.03, DistDow, 58.25, DistUp, 64.46
, DistFront, 58.11, DistDow, 58.81, DistUp, 62.89
, DistFront, 58.04, DistDow, 58.28, DistUp, 194.32
, DistFront, 58.16, DistDow, 58.38, DistUp, 193.49
, DistFront, 58.23, DistDow, 58.33, DistUp, 193.54
, DistFront, 58.20, DistDow, 58.49, DistUp, 64.63
, DistFront, 58.13, DistDow, 58.40, DistUp, 64.12
, DistFront, 58.25, DistDow, 58.96, DistUp, 63.38
, DistFront, 58.27, DistDow, 58.96, DistUp, 63.84
, DistFront, 58.20, DistDow, 59.30, DistUp, 63.38
, DistFront, 58.38, DistDow, 59.00, DistUp, 63.10
, DistFront, 58.71, DistDow, 58.95, DistUp, 62.98
, DistFront, 58.42, DistDow, 59.10, DistUp, 63.98
, DistFront, 58.33, DistDow, 59.05, DistUp, 194.13
, DistFrontMean, 58.38, DistDowMean, 59.06, DistUpMean, 64.35
, DistFront, 58.95, DistDow, 58.76, DistUp, 63.98
, DistFront, 58.55, DistDow, 58.83, DistUp, 63.13
, DistFront, 58.52, DistDow, 58.88, DistUp, 63.61
, DistFront, 59.10, DistDow, 59.39, DistUp, 64.91
, DistFront, 58.61, DistDow, 59.32, DistUp, 64.12
, DistFront, 58.74, DistDow, 59.88, DistUp, 62.89
, DistFront, 58.74, DistDow, 59.05, DistUp, 64.12
, DistFront, 44.76, DistDow, 59.49, DistUp, 7.16
, DistFront, 58.64, DistDow, 58.95, DistUp, 64.52
, DistFront, 58.74, DistDow, 59.05, DistUp, 64.18
, DistFront, 58.64, DistDow, 59.39, DistUp, 7.04
, DistFront, 58.76, DistDow, 59.10, DistUp, 7.04
, DistFront, 58.76, DistDow, 59.52, DistUp, 63.32
, DistFront, 58.67, DistDow, 59.03, DistUp, 7.02
, DistFront, 59.20, DistDow, 59.49, DistUp, 63.78
, DistFront, 58.67, DistDow, 59.00, DistUp, 63.69
, DistFront, 58.76, DistDow, 59.10, DistUp, 63.81
, DistFront, 58.64, DistDow, 59.00, DistUp, 63.69
, DistFront, 58.81, DistDow, 59.12, DistUp, 63.38
, DistFront, 58.69, DistDow, 59.00, DistUp, 62.89
, DistFrontMean, 58.81, DistDowMean, 59.54, DistUpMean, 63.42
, DistFront, 58.74, DistDow, 59.42, DistUp, 63.78
, DistFront, 58.83, DistDow, 59.54, DistUp, 63.83
, DistFront, 58.84, DistDow, 59.13, DistUp, 66.04
, DistFront, 58.83, DistDow, 59.47, DistUp, 64.25
, DistFront, 59.20, DistDow, 59.47, DistUp, 63.40
, DistFront, 58.49, DistDow, 59.61, DistUp, 62.67
, DistFront, 59.30, DistDow, 59.13, DistUp, 64.27
, DistFront, 58.78, DistDow, 59.06, DistUp, 63.81
, DistFront, 58.84, DistDow, 59.13, DistUp, 63.52
, DistFront, 58.84, DistDow, 59.05, DistUp, 63.38
, DistFront, 58.81, DistDow, 59.54, DistUp, 62.91
, DistFront, 58.83, DistDow, 59.10, DistUp, 64.30
, DistFront, 59.12, DistDow, 58.98, DistUp, 64.18
, DistFront, 58.78, DistDow, 59.06, DistUp, 63.42
, DistFront, 59.12, DistDow, 59.00, DistUp, 64.18
, DistFront, 58.83, DistDow, 59.10, DistUp, 63.78
, DistFront, 58.83, DistDow, 59.52, DistUp, 63.49
, DistFront, 58.71, DistDow, 59.40, DistUp, 62.99
, DistFront, 58.88, DistDow, 59.97, DistUp, 63.54
, DistFront, 59.32, DistDow, 59.17, DistUp, 171.11
, DistFrontMean, 58.84, DistDowMean, 59.49, DistUpMean, 63.54
, DistFront, 58.88, DistDow, 59.66, DistUp, 63.98
, DistFront, 59.05, DistDow, 59.69, DistUp, 63.71
, DistFront, 58.71, DistDow, 59.30, DistUp, 63.23
, DistFront, 58.64, DistDow, 59.71, DistUp, 64.97
, DistFront, 59.18, DistDow, 59.88, DistUp, 64.61
, DistFront, 59.20, DistDow, 59.90, DistUp, 65.17
, DistFront, 59.25, DistDow, 60.26, DistUp, 63.83
, DistFront, 59.13, DistDow, 59.85, DistUp, 63.83
, DistFront, 59.13, DistDow, 59.54, DistUp, 63.42
, DistFront, 59.30, DistDow, 60.41, DistUp, 65.12
, DistFront, 59.30, DistDow, 60.02, DistUp, 63.98
, DistFront, 59.20, DistDow, 59.49, DistUp, 63.89
, DistFront, 59.20, DistDow, 59.91, DistUp, 65.14
, DistFront, 59.32, DistDow, 59.63, DistUp, 63.89
, DistFront, 59.71, DistDow, 59.97, DistUp, 63.96
, DistFront, 59.20, DistDow, 59.47, DistUp, 64.66
, DistFront, 59.03, DistDow, 59.25, DistUp, 63.28
, DistFront, 59.03, DistDow, 59.25, DistUp, 65.39
, DistFront, 58.96, DistDow, 59.61, DistUp, 63.55
, DistFront, 58.91, DistDow, 59.56, DistUp, 64.46
, DistFrontMean, 58.84, DistDowMean, 59.54, DistUpMean, 63.98
, DistFront, 58.84, DistDow, 59.10, DistUp, 63.89
, DistFront, 58.88, DistDow, 59.42, DistUp, 63.04
, DistFront, 59.17, DistDow, 59.12, DistUp, 62.57
, DistFront, 58.76, DistDow, 59.40, DistUp, 64.30
, DistFront, 58.88, DistDow, 59.10, DistUp, 64.00
, DistFront, 58.91, DistDow, 59.17, DistUp, 196.63
, DistFront, 58.95, DistDow, 59.61, DistUp, 66.11
, DistFront, 59.35, DistDow, 59.63, DistUp, 64.10
, DistFront, 58.91, DistDow, 59.56, DistUp, 65.24
, DistFront, 58.91, DistDow, 59.17, DistUp, 194.13
, DistFront, 58.91, DistDow, 59.05, DistUp, 194.47
, DistFront, 58.76, DistDow, 58.98, DistUp, 169.23
, DistFront, 59.20, DistDow, 59.12, DistUp, 64.34
, DistFront, 58.69, DistDow, 59.35, DistUp, 193.74
, DistFront, 58.71, DistDow, 58.96, DistUp, 64.30
, DistFront, 58.76, DistDow, 59.00, DistUp, 63.42
, DistFront, 59.17, DistDow, 59.40, DistUp, 64.63
, DistFront, 58.71, DistDow, 58.95, DistUp, 63.45
, DistFront, 58.55, DistDow, 58.84, DistUp, 64.98
, DistFront, 58.96, DistDow, 58.89, DistUp, 63.69
, DistFrontMean, 58.64, DistDowMean, 59.30, DistUpMean, 194.17
, DistFront, 59.05, DistDow, 59.32, DistUp, 64.59
, DistFront, 58.61, DistDow, 59.18, DistUp, 64.49
, DistFront, 58.20, DistDow, 59.30, DistUp, 62.77
, DistFront, 58.59, DistDow, 58.76, DistUp, 64.88
, DistFront, 58.49, DistDow, 58.88, DistUp, 6.73
, DistFront, 58.47, DistDow, 59.13, DistUp, 63.13
, DistFront, 58.61, DistDow, 59.71, DistUp, 63.62
, DistFront, 58.47, DistDow, 58.78, DistUp, 63.52
, DistFront, 58.55, DistDow, 59.30, DistUp, 63.23
, DistFront, 58.49, DistDow, 58.78, DistUp, 62.67
, DistFront, 58.55, DistDow, 58.88, DistUp, 63.62
, DistFront, 58.47, DistDow, 59.20, DistUp, 63.04
, DistFront, 58.55, DistDow, 58.88, DistUp, 64.32
, DistFront, 45.53, DistDow, 59.18, DistUp, 6.75
, DistFront, 58.88, DistDow, 59.18, DistUp, 63.03
, DistFront, 58.52, DistDow, 58.84, DistUp, 62.28
, DistFront, 58.45, DistDow, 58.76, DistUp, 63.03
, DistFront, 58.96, DistDow, 58.84, DistUp, 62.62
, DistFront, 45.61, DistDow, 59.25, DistUp, 62.21
, DistFront, 58.55, DistDow, 58.76, DistUp, 62.67
, DistFrontMean, 58.98, DistDowMean, 58.88, DistUpMean, 62.76
, DistFront, 58.52, DistDow, 59.18, DistUp, 63.49
, DistFront, 58.52, DistDow, 58.83, DistUp, 64.34
, DistFront, 58.52, DistDow, 58.74, DistUp, 64.76
, DistFront, 58.52, DistDow, 58.84, DistUp, 63.52
, DistFront, 58.52, DistDow, 58.74, DistUp, 63.52
, DistFront, 58.59, DistDow, 58.84, DistUp, 62.67
, DistFront, 58.55, DistDow, 59.59, DistUp, 63.96
, DistFront, 44.91, DistDow, 7.77, DistUp, 44.68
, DistFront, 58.61, DistDow, 58.78, DistUp, 63.55
, DistFront, 44.95, DistDow, 8.11, DistUp, 44.81
, DistFront, 59.06, DistDow, 59.74, DistUp, 195.14
, DistFront, 58.67, DistDow, 58.95, DistUp, 194.42
, DistFront, 58.64, DistDow, 58.96, DistUp, 62.84
, DistFront, 58.64, DistDow, 58.95, DistUp, 64.12
, DistFront, 58.61, DistDow, 59.30, DistUp, 63.71
, DistFront, 58.71, DistDow, 58.98, DistUp, 63.42
, DistFront, 58.64, DistDow, 58.95, DistUp, 194.61
, DistFront, 58.81, DistDow, 59.10, DistUp, 63.83
, DistFront, 58.71, DistDow, 59.46, DistUp, 62.96
, DistFront, 58.88, DistDow, 59.13, DistUp, 63.06
, DistFrontMean, 58.78, DistDowMean, 59.06, DistUpMean, 63.42
, DistFront, 58.89, DistDow, 59.20, DistUp, 63.42
, DistFront, 58.91, DistDow, 59.66, DistUp, 64.35
, DistFront, 58.81, DistDow, 59.13, DistUp, 63.42
, DistFront, 58.91, DistDow, 59.25, DistUp, 63.91
, DistFront, 58.81, DistDow, 59.13, DistUp, 62.98
, DistFront, 58.91, DistDow, 58.84, DistUp, 7.16
, DistFront, 44.71, DistDow, 59.27, DistUp, 7.13
, DistFront, 58.81, DistDow, 59.10, DistUp, 62.98
, DistFront, 59.32, DistDow, 59.18, DistUp, 63.47
, DistFront, 58.88, DistDow, 59.06, DistUp, 63.38
, DistFront, 58.76, DistDow, 59.18, DistUp, 7.13
, DistFront, 58.76, DistDow, 59.10, DistUp, 62.96
, DistFront, 58.88, DistDow, 59.61, DistUp, 63.10
, DistFront, 58.78, DistDow, 59.12, DistUp, 63.83
, DistFront, 58.89, DistDow, 59.23, DistUp, 7.13
, DistFront, 59.25, DistDow, 59.54, DistUp, 64.74
, DistFront, 58.84, DistDow, 59.63, DistUp, 63.52
, DistFront, 58.96, DistDow, 59.27, DistUp, 63.20
, DistFront, 58.84, DistDow, 59.59, DistUp, 63.96
, DistFront, 59.40, DistDow, 59.30, DistUp, 63.96
, DistFrontMean, 58.98, DistDowMean, 59.23, DistUpMean, 63.95
, DistFront, 58.88, DistDow, 59.13, DistUp, 63.91
, DistFront, 58.96, DistDow, 59.69, DistUp, 64.88
, DistFront, 58.96, DistDow, 59.68, DistUp, 63.91
, DistFront, 58.83, DistDow, 59.13, DistUp, 64.30
, DistFront, 58.95, DistDow, 59.23, DistUp, 194.42
, DistFront, 45.24, DistDow, 59.23, DistUp, 7.13
, DistFront, 58.47, DistDow, 59.13, DistUp, 195.60
, DistFront, 58.95, DistDow, 59.30, DistUp, 66.55
, DistFront, 59.00, DistDow, 59.17, DistUp, 64.81
, DistFront, 44.81, DistDow, 59.30, DistUp, 7.13
, DistFront, 58.91, DistDow, 59.18, DistUp, 63.98
, DistFront, 59.00, DistDow, 59.76, DistUp, 7.13
, DistFront, 58.95, DistDow, 59.23, DistUp, 63.13
, DistFront, 59.03, DistDow, 59.32, DistUp, 65.70
, DistFront, 59.05, DistDow, 59.34, DistUp, 64.10
, DistFront, 58.95, DistDow, 59.23, DistUp, 64.00
, DistFront, 44.97, DistDow, 59.81, DistUp, 7.13
, DistFront, 58.98, DistDow, 59.25, DistUp, 63.13
, DistFront, 59.39, DistDow, 59.35, DistUp, 6.73
, DistFront, 58.96, DistDow, 59.30, DistUp, 63.54
, DistFrontMean, 59.10, DistDowMean, 60.24, DistUpMean, 7.13
, DistFront, 58.96, DistDow, 59.71, DistUp, 63.54
, DistFront, 59.05, DistDow, 59.81, DistUp, 7.13
, DistFront, 58.95, DistDow, 59.69, DistUp, 62.67
, DistFront, 45.48, DistDow, 59.39, DistUp, 63.91
, DistFront, 59.00, DistDow, 59.34, DistUp, 63.06
, DistFront, 44.81, DistDow, 59.34, DistUp, 63.06
, DistFront, 59.00, DistDow, 59.32, DistUp, 62.74
, DistFront, 58.88, DistDow, 59.20, DistUp, 7.04
, DistFront, 58.96, DistDow, 59.20, DistUp, 7.02
, DistFront, 58.98, DistDow, 59.71, DistUp, 62.67
, DistFront, 58.95, DistDow, 59.27, DistUp, 63.06
, DistFront, 58.95, DistDow, 59.54, DistUp, 62.98
, DistFront, 59.23, DistDow, 59.54, DistUp, 63.78
, DistFront, 58.88, DistDow, 59.20, DistUp, 63.78
, DistFront, 58.78, DistDow, 59.12, DistUp, 62.93
, DistFront, 58.88, DistDow, 59.20, DistUp, 7.13
, DistFront, 58.76, DistDow, 59.05, DistUp, 62.47
, DistFront, 59.27, DistDow, 59.17, DistUp, 63.83
, DistFront, 59.27, DistDow, 58.76, DistUp, 62.47
, DistFront, 59.13, DistDow, 59.05, DistUp, 63.32
, DistFrontMean, 58.83, DistDowMean, 59.12, DistUpMean, 63.40
, DistFront, 58.71, DistDow, 59.00, DistUp, 63.71
, DistFront, 58.81, DistDow, 59.56, DistUp, 64.13
, DistFront, 59.23, DistDow, 59.10, DistUp, 64.61
, DistFront, 58.28, DistDow, 59.00, DistUp, 65.37
, DistFront, 59.20, DistDow, 59.54, DistUp, 63.27
, DistFront, 58.76, DistDow, 59.10, DistUp, 63.27
, DistFront, 44.52, DistDow, 59.10, DistUp, 7.13
, DistFront, 58.67, DistDow, 59.00, DistUp, 64.52
, DistFront, 58.78, DistDow, 59.54, DistUp, 64.12
, DistFront, 58.78, DistDow, 59.49, DistUp, 63.38
, DistFront, 58.67, DistDow, 59.00, DistUp, 64.13
, DistFront, 59.23, DistDow, 59.97, DistUp, 64.13
, DistFront, 58.83, DistDow, 59.56, DistUp, 63.83
, DistFront, 58.71, DistDow, 59.46, DistUp, 63.71
, DistFront, 58.81, DistDow, 59.13, DistUp, 62.98
, DistFront, 58.83, DistDow, 59.46, DistUp, 63.33
, DistFront, 45.02, DistDow, 59.54, DistUp, 7.13
, DistFront, 58.71, DistDow, 59.52, DistUp, 7.04
, DistFront, 44.69, DistDow, 60.02, DistUp, 62.57
, DistFront, 59.27, DistDow, 59.56, DistUp, 7.13
, DistFrontMean, 58.74, DistDowMean, 59.46, DistUpMean, 62.47
, DistFront, 59.25, DistDow, 59.13, DistUp, 62.57
, DistFront, 58.81, DistDow, 59.03, DistUp, 62.87
, DistFront, 58.83, DistDow, 59.56, DistUp, 7.13
, DistFront, 58.71, DistDow, 59.46, DistUp, 63.74
, DistFront, 58.83, DistDow, 59.56, DistUp, 62.98
, DistFront, 58.81, DistDow, 59.47, DistUp, 62.87
, DistFront, 45.05, DistDow, 59.54, DistUp, 7.16
, DistFront, 58.71, DistDow, 58.98, DistUp, 63.74
, DistFront, 58.83, DistDow, 59.10, DistUp, 62.99
, DistFront, 58.64, DistDow, 59.00, DistUp, 63.71
, DistFront, 59.20, DistDow, 59.12, DistUp, 63.28
, DistFront, 59.23, DistDow, 59.40, DistUp, 62.89
, DistFront, 59.10, DistDow, 59.40, DistUp, 62.87
, DistFront, 58.76, DistDow, 58.67, DistUp, 62.98
, DistFront, 58.64, DistDow, 59.39, DistUp, 63.71
, DistFront, 58.78, DistDow, 59.52, DistUp, 62.99
, DistFront, 58.67, DistDow, 59.40, DistUp, 62.89
, DistFront, 58.76, DistDow, 59.52, DistUp, 62.89
, DistFront, 58.78, DistDow, 58.95, DistUp, 62.89
, DistFront, 59.23, DistDow, 59.12, DistUp, 63.33
, DistFrontMean, 58.81, DistDowMean, 59.00, DistUpMean, 63.33
, DistFront, 58.69, DistDow, 59.00, DistUp, 62.91
, DistFront, 58.81, DistDow, 59.12, DistUp, 63.04
, DistFront, 58.38, DistDow, 59.46, DistUp, 63.38
, DistFront, 58.88, DistDow, 59.17, DistUp, 64.25
, DistFront, 58.91, DistDow, 59.49, DistUp, 63.42
, DistFront, 45.10, DistDow, 59.54, DistUp, 63.42
, DistFront, 58.96, DistDow, 59.63, DistUp, 63.11
, DistFront, 58.84, DistDow, 59.17, DistUp, 62.60
, DistFront, 58.96, DistDow, 59.27, DistUp, 62.31
, DistFront, 59.30, DistDow, 59.63, DistUp, 63.04
, DistFront, 59.00, DistDow, 59.74, DistUp, 63.16
, DistFront, 58.89, DistDow, 59.23, DistUp, 63.06
, DistFront, 59.00, DistDow, 59.34, DistUp, 62.64
, DistFront, 59.00, DistDow, 59.23, DistUp, 63.06
, DistFront, 58.91, DistDow, 59.74, DistUp, 7.13
, DistFront, 58.91, DistDow, 59.25, DistUp, 63.06
, DistFront, 59.00, DistDow, 59.34, DistUp, 63.62
, DistFront, 58.91, DistDow, 59.25, DistUp, 63.06
, DistFront, 59.03, DistDow, 59.76, DistUp, 62.67
, DistFront, 59.03, DistDow, 59.32, DistUp, 63.10
, DistFrontMean, 58.89, DistDowMean, 59.74, DistUpMean, 7.16
, DistFront, 59.00, DistDow, 60.03, DistUp, 63.10
, DistFront, 45.82, DistDow, 7.67, DistUp, 46.04
, DistFront, 58.98, DistDow, 59.32, DistUp, 63.18
, DistFront, 58.88, DistDow, 59.20, DistUp, 63.10
, DistFront, 58.96, DistDow, 59.69, DistUp, 63.06
, DistFront, 45.73, DistDow, 8.20, DistUp, 45.56
, DistFront, 58.91, DistDow, 58.84, DistUp, 7.16
, DistFront, 58.81, DistDow, 59.17, DistUp, 63.88
, DistFront, 58.91, DistDow, 59.20, DistUp, 65.12
, DistFront, 58.91, DistDow, 59.20, DistUp, 63.91
, DistFront, 58.76, DistDow, 59.10, DistUp, 63.35
, DistFront, 58.88, DistDow, 59.59, DistUp, 63.76
, DistFront, 59.25, DistDow, 59.59, DistUp, 7.16
, DistFront, 58.81, DistDow, 59.12, DistUp, 63.69
, DistFront, 58.78, DistDow, 59.54, DistUp, 63.32
, DistFront, 45.31, DistDow, 59.00, DistUp, 7.13
, DistFront, 44.61, DistDow, 59.00, DistUp, 62.82
, DistFront, 58.74, DistDow, 59.10, DistUp, 62.47
, DistFront, 58.62, DistDow, 59.35, DistUp, 63.20
, DistFront, 58.71, DistDow, 59.42, DistUp, 62.89
, DistFrontMean, 58.71, DistDowMean, 58.95, DistUpMean, 62.35
, DistFront, 58.62, DistDow, 59.88, DistUp, 7.16
, DistFront, 58.61, DistDow, 58.95, DistUp, 63.16
, DistFront, 58.71, DistDow, 59.05, DistUp, 62.87
, DistFront, 45.41, DistDow, 59.34, DistUp, 62.31
, DistFront, 44.71, DistDow, 59.46, DistUp, 62.82
, DistFront, 58.55, DistDow, 59.30, DistUp, 63.11
, DistFront, 45.10, DistDow, 59.85, DistUp, 62.82
, DistFront, 44.52, DistDow, 58.89, DistUp, 62.69
, DistFront, 59.06, DistDow, 58.96, DistUp, 63.64
, DistFront, 58.96, DistDow, 58.84, DistUp, 62.69
, DistFront, 58.64, DistDow, 59.40, DistUp, 63.11
, DistFront, 59.06, DistDow, 58.95, DistUp, 62.28
, DistFront, 44.59, DistDow, 58.98, DistUp, 7.13
, DistFront, 58.54, DistDow, 58.88, DistUp, 7.04
, DistFront, 58.64, DistDow, 58.98, DistUp, 63.55
, DistFront, 58.54, DistDow, 58.98, DistUp, 7.16
, DistFront, 44.56, DistDow, 59.34, DistUp, 63.55
, DistFront, 58.69, DistDow, 59.03, DistUp, 63.69
, DistFront, 58.59, DistDow, 58.91, DistUp, 63.18
, DistFront, 58.69, DistDow, 59.05, DistUp, 62.89
, DistFrontMean, 58.74, DistDowMean, 58.96, DistUpMean, 63.20
, DistFront, 58.62, DistDow, 59.06, DistUp, 6.73
, DistFront, 58.59, DistDow, 58.98, DistUp, 63.64
, DistFront, 59.17, DistDow, 59.49, DistUp, 62.91
, DistFront, 59.17, DistDow, 58.98, DistUp, 62.41
, DistFront, 58.78, DistDow, 59.10, DistUp, 7.16
, DistFront, 58.64, DistDow, 58.98, DistUp, 62.41
, DistFront, 58.76, DistDow, 59.95, DistUp, 62.96
, DistFront, 59.10, DistDow, 59.03, DistUp, 62.84
, DistFront, 59.23, DistDow, 59.56, DistUp, 62.98
, DistFront, 58.83, DistDow, 59.05, DistUp, 63.32
, DistFront, 58.74, DistDow, 59.17, DistUp, 7.16
, DistFront, 58.76, DistDow, 59.91, DistUp, 62.53
, DistFront, 58.89, DistDow, 59.20, DistUp, 63.47
, DistFront, 58.88, DistDow, 59.20, DistUp, 63.83
, DistFront, 45.68, DistDow, 59.25, DistUp, 63.88
, DistFront, 58.96, DistDow, 59.25, DistUp, 64.83
, DistFront, 58.98, DistDow, 59.61, DistUp, 63.91
, DistFront, 58.91, DistDow, 59.20, DistUp, 63.54
, DistFront, 59.03, DistDow, 59.35, DistUp, 64.83
, DistFront, 59.06, DistDow, 59.35, DistUp, 64.54
, DistFrontMean, 58.98, DistDowMean, 59.30, DistUpMean, 64.88
, DistFront, 59.00, DistDow, 59.30, DistUp, 64.47
, DistFront, 59.13, DistDow, 59.05, DistUp, 63.78
, DistFront, 59.18, DistDow, 59.46, DistUp, 64.23
, DistFront, 59.52, DistDow, 59.40, DistUp, 63.74
, DistFront, 46.02, DistDow, 59.46, DistUp, 65.88
, DistFront, 59.27, DistDow, 60.34, DistUp, 65.03
, DistFront, 59.27, DistDow, 60.03, DistUp, 7.16
, DistFront, 59.30, DistDow, 59.61, DistUp, 195.32
, DistFront, 59.66, DistDow, 59.68, DistUp, 7.13
, DistFront, 59.78, DistDow, 60.10, DistUp, 64.39
, DistFront, 59.30, DistDow, 59.59, DistUp, 63.89
, DistFront, 59.32, DistDow, 59.61, DistUp, 64.76
, DistFront, 45.61, DistDow, 60.48, DistUp, 63.52
, DistFront, 59.42, DistDow, 60.17, DistUp, 65.24
, DistFront, 59.88, DistDow, 59.76, DistUp, 64.95
, DistFront, 59.47, DistDow, 59.76, DistUp, 63.67
, DistFront, 59.35, DistDow, 59.69, DistUp, 64.42
, DistFront, 59.35, DistDow, 59.69, DistUp, 63.18
, DistFront, 59.40, DistDow, 59.78, DistUp, 7.13
, DistFront, 59.52, DistDow, 59.81, DistUp, 64.46
, DistFrontMean, 59.39, DistDowMean, 59.68, DistUpMean, 64.47
, DistFront, 59.39, DistDow, 59.78, DistUp, 7.13
, DistFront, 59.46, DistDow, 59.76, DistUp, 64.47
, DistFront, 59.46, DistDow, 59.76, DistUp, 65.82
, DistFront, 59.46, DistDow, 60.20, DistUp, 64.97
, DistFront, 59.46, DistDow, 60.20, DistUp, 64.97
, DistFront, 59.47, DistDow, 59.76, DistUp, 64.42
, DistFront, 59.35, DistDow, 59.66, DistUp, 63.59
, DistFront, 59.35, DistDow, 59.66, DistUp, 64.42
, DistFront, 45.68, DistDow, 59.66, DistUp, 64.83
, DistFront, 59.42, DistDow, 59.76, DistUp, 7.13
, DistFront, 59.47, DistDow, 59.76, DistUp, 64.54
, DistFront, 59.47, DistDow, 60.17, DistUp, 64.54
, DistFront, 59.47, DistDow, 60.12, DistUp, 64.42
, DistFront, 59.35, DistDow, 59.71, DistUp, 64.03
, DistFront, 46.21, DistDow, 59.69, DistUp, 64.03
, DistFront, 59.81, DistDow, 59.81, DistUp, 7.13
, DistFront, 59.91, DistDow, 59.81, DistUp, 64.98
, DistFront, 59.95, DistDow, 59.83, DistUp, 64.17
, DistFront, 59.47, DistDow, 59.71, DistUp, 64.42
, DistFront, 59.39, DistDow, 59.69, DistUp, 64.42
, DistFrontMean, 59.40, DistDowMean, 59.81, DistUpMean, 7.13
, DistFront, 59.90, DistDow, 59.81, DistUp, 63.98
, DistFront, 59.35, DistDow, 60.53, DistUp, 64.83
, DistFront, 59.35, DistDow, 59.68, DistUp, 65.24
, DistFront, 59.35, DistDow, 60.53, DistUp, 63.98
, DistFront, 46.12, DistDow, 60.07, DistUp, 63.98
, DistFront, 59.47, DistDow, 59.76, DistUp, 7.13
, DistFront, 59.49, DistDow, 60.24, DistUp, 64.98
, DistFront, 59.54, DistDow, 59.81, DistUp, 64.47
, DistFront, 59.42, DistDow, 59.71, DistUp, 63.62
, DistFront, 46.17, DistDow, 59.69, DistUp, 64.47
, DistFront, 59.42, DistDow, 60.17, DistUp, 64.06
, DistFront, 59.97, DistDow, 59.88, DistUp, 64.95
, DistFront, 59.59, DistDow, 59.88, DistUp, 64.54
, DistFront, 59.59, DistDow, 60.32, DistUp, 65.03
, DistFront, 59.59, DistDow, 60.32, DistUp, 65.48
, DistFront, 59.56, DistDow, 60.32, DistUp, 65.03
, DistFront, 59.59, DistDow, 59.88, DistUp, 64.06
, DistFront, 59.47, DistDow, 59.76, DistUp, 64.10
, DistFront, 59.47, DistDow, 59.76, DistUp, 64.10
, DistFront, 45.32, DistDow, 60.20, DistUp, 64.95
, DistFrontMean, 60.02, DistDowMean, 59.88, DistUpMean, 64.06
, DistFront, 59.56, DistDow, 60.32, DistUp, 64.18
, DistFront, 59.85, DistDow, 60.17, DistUp, 63.62
, DistFront, 59.42, DistDow, 60.17, DistUp, 64.03
, DistFront, 45.48, DistDow, 8.54, DistUp, 44.83
, DistFront, 59.46, DistDow, 59.78, DistUp, 63.71
, DistFront, 59.46, DistDow, 59.74, DistUp, 63.27
, DistFront, 59.74, DistDow, 60.03, DistUp, 63.98
, DistFront, 59.30, DistDow, 59.59, DistUp, 64.40
, DistFront, 59.30, DistDow, 59.59, DistUp, 64.35
, DistFront, 59.35, DistDow, 60.10, DistUp, 7.13
, DistFront, 59.76, DistDow, 60.05, DistUp, 65.70
, DistFront, 59.32, DistDow, 59.61, DistUp, 63.55
, DistFront, 59.18, DistDow, 59.49, DistUp, 64.30
, DistFront, 59.18, DistDow, 59.49, DistUp, 64.30
, DistFront, 59.18, DistDow, 59.47, DistUp, 64.30
, DistFront, 59.30, DistDow, 59.98, DistUp, 3484.40
, DistFront, 48.11, DistDow, 59.85, DistUp, 63.03
, DistFront, 59.27, DistDow, 59.97, DistUp, 63.42
, DistFront, 59.25, DistDow, 59.97, DistUp, 64.35
, DistFront, 59.27, DistDow, 59.52, DistUp, 63.54
, DistFrontMean, 59.13, DistDowMean, 59.85, DistUpMean, 64.68
, DistFront, 59.13, DistDow, 59.85, DistUp, 64.27
, DistFront, 59.25, DistDow, 59.97, DistUp, 64.30
, DistFront, 59.27, DistDow, 59.52, DistUp, 64.78
, DistFront, 59.27, DistDow, 59.97, DistUp, 64.78
, DistFront, 59.27, DistDow, 59.97, DistUp, 64.69
, DistFront, 59.17, DistDow, 59.46, DistUp, 65.53
, DistFront, 59.59, DistDow, 59.46, DistUp, 171.67
, DistFront, 59.18, DistDow, 59.90, DistUp, 197.18
, DistFront, 59.69, DistDow, 60.02, DistUp, 170.83
, DistFront, 59.25, DistDow, 59.54, DistUp, 65.92
, DistFront, 59.27, DistDow, 59.54, DistUp, 63.88
, DistFront, 59.20, DistDow, 59.49, DistUp, 64.18
, DistFront, 59.12, DistDow, 59.40, DistUp, 64.56
, DistFront, 59.49, DistDow, 59.49, DistUp, 62.87
, DistFront, 59.17, DistDow, 59.47, DistUp, 65.05
, DistFront, 59.17, DistDow, 59.46, DistUp, 63.81
, DistFront, 59.46, DistDow, 59.76, DistUp, 63.25
, DistFront, 59.00, DistDow, 59.76, DistUp, 63.25
, DistFront, 59.12, DistDow, 59.40, DistUp, 63.74
, DistFront, 59.54, DistDow, 59.40, DistUp, 64.88
, DistFrontMean, 58.98, DistDowMean, 59.30, DistUpMean, 63.18
, DistFront, 59.05, DistDow, 59.30, DistUp, 63.55
, DistFront, 45.34, DistDow, 59.25, DistUp, 63.11
, DistFront, 59.00, DistDow, 59.74, DistUp, 64.47
, DistFront, 58.84, DistDow, 59.18, DistUp, 64.69
, DistFront, 45.27, DistDow, 8.11, DistUp, 44.68
, DistFront, 58.89, DistDow, 59.20, DistUp, 62.53
, DistFront, 44.66, DistDow, 59.59, DistUp, 7.13
, DistFront, 58.69, DistDow, 59.03, DistUp, 62.45
, DistFront, 58.40, DistDow, 59.10, DistUp, 63.76
, DistFront, 59.17, DistDow, 59.78, DistUp, 63.25
, DistFront, 44.85, DistDow, 59.42, DistUp, 7.13
, DistFront, 58.55, DistDow, 58.89, DistUp, 64.00
, DistFront, 58.61, DistDow, 58.95, DistUp, 62.84
, DistFront, 58.62, DistDow, 59.23, DistUp, 62.26
, DistFront, 58.59, DistDow, 58.88, DistUp, 63.04
, DistFront, 58.55, DistDow, 59.25, DistUp, 63.06
, DistFront, 44.68, DistDow, 58.84, DistUp, 7.16
, DistFront, 58.42, DistDow, 58.74, DistUp, 62.62
, DistFront, 58.52, DistDow, 59.66, DistUp, 63.96
, DistFront, 58.40, DistDow, 58.74, DistUp, 62.99
, DistFrontMean, 58.49, DistDowMean, 59.25, DistUpMean, 63.11
, DistFront, 58.52, DistDow, 58.71, DistUp, 63.42
, DistFront, 44.98, DistDow, 58.81, DistUp, 63.42
, DistFront, 58.47, DistDow, 58.71, DistUp, 62.57
, DistFront, 58.47, DistDow, 59.68, DistUp, 63.04
, DistFront, 58.95, DistDow, 58.83, DistUp, 63.03
, DistFront, 58.81, DistDow, 58.69, DistUp, 62.64
, DistFront, 58.54, DistDow, 59.27, DistUp, 63.18
, DistFront, 58.88, DistDow, 58.76, DistUp, 63.54
, DistFront, 58.59, DistDow, 59.32, DistUp, 63.69
, DistFront, 58.62, DistDow, 59.76, DistUp, 63.18
, DistFront, 58.55, DistDow, 59.25, DistUp, 63.64
, DistFront, 58.69, DistDow, 59.03, DistUp, 63.81
, DistFront, 58.74, DistDow, 59.76, DistUp, 63.28
, DistFront, 46.33, DistDow, 59.35, DistUp, 63.74
, DistFront, 58.78, DistDow, 59.91, DistUp, 63.45
, DistFront, 58.78, DistDow, 59.12, DistUp, 63.33
, DistFront, 58.71, DistDow, 59.52, DistUp, 63.78
, DistFront, 58.83, DistDow, 59.52, DistUp, 64.34
, DistFront, 58.84, DistDow, 59.17, DistUp, 62.99
, DistFront, 58.78, DistDow, 59.46, DistUp, 63.42
, DistFrontMean, 58.89, DistDowMean, 59.20, DistUpMean, 63.98
, DistFront, 58.91, DistDow, 59.20, DistUp, 63.47
, DistFront, 58.81, DistDow, 59.52, DistUp, 197.62
, DistFront, 58.96, DistDow, 59.25, DistUp, 63.69
, DistFront, 59.32, DistDow, 60.02, DistUp, 64.42
, DistFront, 58.95, DistDow, 59.20, DistUp, 63.62
, DistFront, 59.03, DistDow, 60.17, DistUp, 64.47
, DistFront, 58.98, DistDow, 59.25, DistUp, 64.91
, DistFront, 59.06, DistDow, 59.32, DistUp, 64.49
, DistFront, 58.96, DistDow, 59.25, DistUp, 64.49
, DistFront, 58.96, DistDow, 59.66, DistUp, 63.62
, DistFront, 59.06, DistDow, 60.20, DistUp, 63.61
, DistFront, 59.05, DistDow, 59.34, DistUp, 63.71
, DistFront, 58.89, DistDow, 59.18, DistUp, 63.96
, DistFront, 44.91, DistDow, 8.18, DistUp, 7.13
, DistFront, 58.89, DistDow, 59.06, DistUp, 62.99
, DistFront, 58.81, DistDow, 59.47, DistUp, 64.61
, DistFront, 58.69, DistDow, 59.00, DistUp, 194.47
, DistFront, 58.59, DistDow, 59.30, DistUp, 62.67
, DistFront, 58.49, DistDow, 59.10, DistUp, 63.42
, DistFront, 44.83, DistDow, 58.69, DistUp, 64.17
, DistFrontMean, 58.35, DistDowMean, 58.64, DistUpMean, 63.27
, DistFront, 58.20, DistDow, 59.32, DistUp, 63.23
, DistFront, 57.82, DistDow, 58.95, DistUp, 61.90
, DistFront, 43.98, DistDow, 58.45, DistUp, 62.62
, DistFront, 57.91, DistDow, 58.25, DistUp, 62.47
, DistFront, 57.93, DistDow, 58.25, DistUp, 61.53
, DistFront, 44.69, DistDow, 58.13, DistUp, 61.55
, DistFront, 43.95, DistDow, 58.49, DistUp, 61.84
, DistFront, 57.53, DistDow, 57.89, DistUp, 62.48
, DistFront, 43.78, DistDow, 57.77, DistUp, 61.53
, DistFront, 57.41, DistDow, 58.20, DistUp, 7.02
, DistFront, 43.23, DistDow, 58.52, DistUp, 7.04
, DistFront, 43.13, DistDow, 57.96, DistUp, 7.02
, DistFront, 42.91, DistDow, 58.20, DistUp, 60.20
, DistFront, 57.41, DistDow, 57.28, DistUp, 7.02
, DistFront, 43.27, DistDow, 57.28, DistUp, 7.04
, DistFront, 43.06, DistDow, 57.16, DistUp, 7.02
, DistFront, 56.67, DistDow, 57.89, DistUp, 60.73
, DistFront, 56.62, DistDow, 57.40, DistUp, 7.13
, DistFront, 42.47, DistDow, 57.09, DistUp, 7.13
, DistFront, 56.68, DistDow, 57.89, DistUp, 60.73
, DistFrontMean, 56.99, DistDowMean, 57.48, DistUpMean, 61.19
, DistFront, 56.70, DistDow, 57.47, DistUp, 60.66
, DistFront, 56.73, DistDow, 57.02, DistUp, 59.88
, DistFront, 43.11, DistDow, 57.09, DistUp, 7.04
, DistFront, 43.59, DistDow, 57.13, DistUp, 7.04
, DistFront, 43.23, DistDow, 57.31, DistUp, 7.13
, DistFront, 43.23, DistDow, 57.35, DistUp, 61.99
, DistFront, 57.38, DistDow, 57.40, DistUp, 7.13
, DistFront, 57.53, DistDow, 58.32, DistUp, 61.68
, DistFront, 57.09, DistDow, 58.35, DistUp, 7.13
, DistFront, 44.32, DistDow, 58.32, DistUp, 61.68
, DistFront, 43.98, DistDow, 57.48, DistUp, 61.68
, DistFront, 57.24, DistDow, 57.41, DistUp, 62.18
, DistFront, 57.24, DistDow, 57.93, DistUp, 62.19
, DistFront, 57.21, DistDow, 57.99, DistUp, 61.84
, DistFront, 57.69, DistDow, 57.60, DistUp, 7.16
, DistFront, 57.21, DistDow, 57.53, DistUp, 62.21
, DistFront, 57.21, DistDow, 57.53, DistUp, 62.24
, DistFront, 43.04, DistDow, 57.60, DistUp, 7.13
, DistFront, 43.55, DistDow, 8.20, DistUp, 7.13
, DistFront, 43.42, DistDow, 57.57, DistUp, 7.13
, DistFrontMean, 57.09, DistDowMean, 57.55, DistUpMean, 7.16
, DistFront, 57.19, DistDow, 57.47, DistUp, 7.02
, DistFront, 43.98, DistDow, 57.48, DistUp, 7.04
, DistFront, 57.24, DistDow, 58.03, DistUp, 7.13
, DistFront, 57.28, DistDow, 57.64, DistUp, 7.13
, DistFront, 43.67, DistDow, 58.49, DistUp, 60.97
, DistFront, 43.27, DistDow, 9.03, DistUp, 42.62
, DistFront, 43.16, DistDow, 58.10, DistUp, 7.16
, DistFront, 57.21, DistDow, 57.69, DistUp, 61.84
, DistFront, 57.67, DistDow, 58.03, DistUp, 61.33
, DistFront, 57.26, DistDow, 57.64, DistUp, 7.02
, DistFront, 57.70, DistDow, 58.49, DistUp, 61.38
, DistFront, 57.28, DistDow, 57.64, DistUp, 60.95
, DistFront, 57.28, DistDow, 57.67, DistUp, 60.92
, DistFront, 57.38, DistDow, 57.64, DistUp, 60.53
, DistFront, 57.38, DistDow, 58.16, DistUp, 60.92
, DistFront, 43.69, DistDow, 57.76, DistUp, 7.16
, DistFront, 43.28, DistDow, 58.11, DistUp, 61.05
, DistFront, 57.35, DistDow, 58.11, DistUp, 7.13
, DistFront, 44.10, DistDow, 58.11, DistUp, 60.60
, DistFront, 57.69, DistDow, 57.64, DistUp, 60.99
, DistFrontMean, 57.62, DistDowMean, 57.64, DistUpMean, 7.13
, DistFront, 57.16, DistDow, 57.53, DistUp, 7.02
, DistFront, 43.59, DistDow, 57.64, DistUp, 7.16
, DistFront, 43.54, DistDow, 57.99, DistUp, 61.34
, DistFront, 57.13, DistDow, 57.60, DistUp, 7.13
, DistFront, 43.89, DistDow, 57.60, DistUp, 7.13
, DistFront, 57.24, DistDow, 57.55, DistUp, 61.75
, DistFront, 43.49, DistDow, 57.55, DistUp, 7.16
, DistFront, 43.54, DistDow, 57.96, DistUp, 60.90
, DistFront, 43.78, DistDow, 57.91, DistUp, 61.75
, DistFront, 43.42, DistDow, 57.52, DistUp, 7.13
, DistFront, 43.33, DistDow, 57.52, DistUp, 61.68
, DistFront, 43.38, DistDow, 57.89, DistUp, 7.16
, DistFront, 43.71, DistDow, 57.89, DistUp, 62.04
, DistFront, 43.38, DistDow, 57.74, DistUp, 61.55
, DistFront, 44.18, DistDow, 57.77, DistUp, 60.31
, DistFront, 43.83, DistDow, 58.20, DistUp, 61.55
, DistFront, 43.54, DistDow, 57.84, DistUp, 61.21
, DistFront, 43.47, DistDow, 57.45, DistUp, 60.39
, DistFront, 57.13, DistDow, 57.45, DistUp, 61.24
, DistFront, 57.53, DistDow, 57.47, DistUp, 7.13
, DistFrontMean, 57.11, DistDowMean, 58.28, DistUpMean, 61.67
, DistFront, 57.02, DistDow, 57.77, DistUp, 60.70
, DistFront, 57.09, DistDow, 57.33, DistUp, 7.04
, DistFront, 56.99, DistDow, 57.33, DistUp, 60.68
, DistFront, 56.97, DistDow, 57.45, DistUp, 61.19
, DistFront, 56.97, DistDow, 57.45, DistUp, 61.19
, DistFront, 56.97, DistDow, 57.84, DistUp, 60.75
, DistFront, 56.97, DistDow, 57.45, DistUp, 7.13
, DistFront, 42.91, DistDow, 57.82, DistUp, 61.17
, DistFront, 57.06, DistDow, 57.82, DistUp, 61.14
, DistFront, 57.06, DistDow, 57.82, DistUp, 61.56
, DistFront, 57.06, DistDow, 57.82, DistUp, 60.73
, DistFront, 57.06, DistDow, 57.82, DistUp, 60.70
, DistFront, 57.47, DistDow, 57.84, DistUp, 60.73
, DistFront, 57.06, DistDow, 57.82, DistUp, 61.55
, DistFront, 43.81, DistDow, 57.84, DistUp, 61.56
, DistFront, 57.04, DistDow, 57.81, DistUp, 7.16
, DistFront, 57.02, DistDow, 57.38, DistUp, 7.16
, DistFront, 57.45, DistDow, 57.38, DistUp, 60.19
, DistFront, 57.04, DistDow, 57.67, DistUp, 61.04
, DistFront, 57.47, DistDow, 57.24, DistUp, 61.04
, DistFrontMean, 57.04, DistDowMean, 58.20, DistUpMean, 61.14
, DistFront, 56.92, DistDow, 57.76, DistUp, 7.13
, DistFront, 57.02, DistDow, 58.20, DistUp, 61.99
, DistFront, 56.89, DistDow, 57.77, DistUp, 61.17
, DistFront, 57.02, DistDow, 57.77, DistUp, 7.16
, DistFront, 43.45, DistDow, 7.76, DistUp, 44.13
, DistFront, 57.38, DistDow, 57.35, DistUp, 61.99
, DistFront, 56.92, DistDow, 57.35, DistUp, 62.02
, DistFront, 56.92, DistDow, 57.35, DistUp, 61.62
, DistFront, 42.99, DistDow, 8.96, DistUp, 7.02
, DistFront, 43.45, DistDow, 57.87, DistUp, 7.13
, DistFront, 43.35, DistDow, 57.41, DistUp, 62.06
, DistFront, 57.02, DistDow, 57.45, DistUp, 7.16
, DistFront, 57.13, DistDow, 57.45, DistUp, 7.16
, DistFront, 57.11, DistDow, 57.89, DistUp, 60.82
, DistFront, 57.13, DistDow, 57.48, DistUp, 7.13
, DistFront, 57.16, DistDow, 57.93, DistUp, 7.13
, DistFront, 57.18, DistDow, 57.91, DistUp, 7.04
, DistFront, 43.59, DistDow, 57.53, DistUp, 61.21
, DistFront, 57.62, DistDow, 57.53, DistUp, 7.13
, DistFront, 43.18, DistDow, 57.99, DistUp, 60.37
, DistFrontMean, 57.67, DistDowMean, 57.57, DistUpMean, 7.13
, DistFront, 57.13, DistDow, 58.03, DistUp, 7.13
, DistFront, 43.23, DistDow, 9.35, DistUp, 42.26
, DistFront, 43.62, DistDow, 57.52, DistUp, 62.16
, DistFront, 43.23, DistDow, 58.40, DistUp, 7.04
, DistFront, 43.23, DistDow, 57.60, DistUp, 61.38
, DistFront, 44.06, DistDow, 58.11, DistUp, 60.99
, DistFront, 43.81, DistDow, 57.77, DistUp, 7.16
, DistFront, 44.27, DistDow, 57.81, DistUp, 62.45
, DistFront, 57.91, DistDow, 57.84, DistUp, 62.91
, DistFront, 57.87, DistDow, 57.81, DistUp, 61.56
, DistFront, 43.81, DistDow, 57.82, DistUp, 61.17
, DistFront, 57.62, DistDow, 58.35, DistUp, 7.04
, DistFront, 43.61, DistDow, 58.42, DistUp, 61.31
, DistFront, 57.69, DistDow, 58.45, DistUp, 7.16
, DistFront, 58.16, DistDow, 58.10, DistUp, 63.16
, DistFront, 58.10, DistDow, 58.42, DistUp, 62.26
, DistFront, 57.82, DistDow, 58.16, DistUp, 6.62
, DistFront, 58.27, DistDow, 58.20, DistUp, 7.16
, DistFront, 57.87, DistDow, 58.64, DistUp, 62.47
, DistFront, 44.00, DistDow, 58.25, DistUp, 62.04
, DistFrontMean, 58.35, DistDowMean, 58.55, DistUpMean, 7.04
, DistFront, 57.93, DistDow, 59.12, DistUp, 62.53
, DistFront, 57.87, DistDow, 58.62, DistUp, 7.02
, DistFront, 44.32, DistDow, 58.67, DistUp, 62.04
, DistFront, 58.04, DistDow, 58.35, DistUp, 62.57
, DistFront, 44.78, DistDow, 58.71, DistUp, 62.53
, DistFront, 58.10, DistDow, 58.42, DistUp, 63.10
, DistFront, 57.98, DistDow, 58.71, DistUp, 62.60
, DistFront, 58.11, DistDow, 58.45, DistUp, 62.18
, DistFront, 58.16, DistDow, 58.49, DistUp, 63.18
, DistFront, 58.16, DistDow, 58.78, DistUp, 62.67
, DistFront, 58.18, DistDow, 58.95, DistUp, 63.52
, DistFront, 58.20, DistDow, 58.83, DistUp, 62.70
, DistFront, 58.20, DistDow, 58.54, DistUp, 63.67
, DistFront, 58.25, DistDow, 58.47, DistUp, 63.13
, DistFront, 58.25, DistDow, 58.59, DistUp, 64.12
, DistFront, 58.28, DistDow, 58.54, DistUp, 62.76
, DistFront, 58.28, DistDow, 58.62, DistUp, 63.32
, DistFront, 58.25, DistDow, 58.98, DistUp, 7.04
, DistFront, 58.35, DistDow, 59.06, DistUp, 62.91
, DistFront, 44.06, DistDow, 58.69, DistUp, 7.13
, DistFrontMean, 58.27, DistDowMean, 58.61, DistUpMean, 7.04
, DistFront, 58.38, DistDow, 58.74, DistUp, 7.16
, DistFront, 58.81, DistDow, 59.13, DistUp, 62.82
, DistFront, 44.68, DistDow, 58.74, DistUp, 7.04
, DistFront, 44.74, DistDow, 58.74, DistUp, 63.76
, DistFront, 44.68, DistDow, 59.03, DistUp, 7.02
, DistFront, 44.63, DistDow, 59.05, DistUp, 62.35
, DistFront, 58.33, DistDow, 58.96, DistUp, 63.20
, DistFront, 58.74, DistDow, 59.06, DistUp, 7.16
, DistFront, 45.07, DistDow, 59.47, DistUp, 62.40
, DistFront, 58.69, DistDow, 58.52, DistUp, 7.04
, DistFront, 44.66, DistDow, 59.03, DistUp, 61.96
, DistFront, 44.54, DistDow, 58.88, DistUp, 62.24
, DistFront, 58.61, DistDow, 58.54, DistUp, 7.16
, DistFront, 44.56, DistDow, 58.54, DistUp, 61.48
, DistFront, 58.18, DistDow, 58.38, DistUp, 62.62
, DistFront, 58.13, DistDow, 58.47, DistUp, 63.13
, DistFront, 58.03, DistDow, 58.35, DistUp, 62.57
, DistFront, 58.11, DistDow, 58.42, DistUp, 61.70
, DistFront, 44.81, DistDow, 58.45, DistUp, 7.16
, DistFront, 57.98, DistDow, 58.40, DistUp, 7.13
, DistFrontMean, 57.98, DistDowMean, 58.32, DistUpMean, 62.93
, DistFront, 58.06, DistDow, 58.40, DistUp, 62.21
, DistFront, 44.88, DistDow, 7.64, DistUp, 44.63
, DistFront, 45.77, DistDow, 59.23, DistUp, 62.60
, DistFront, 44.42, DistDow, 59.12, DistUp, 62.48
, DistFront, 44.91, DistDow, 59.20, DistUp, 62.57
, DistFront, 43.88, DistDow, 59.20, DistUp, 7.13
, DistFront, 57.93, DistDow, 58.25, DistUp, 7.02
, DistFront, 58.03, DistDow, 58.25, DistUp, 7.04
, DistFront, 58.45, DistDow, 59.17, DistUp, 63.42
, DistFront, 58.32, DistDow, 59.05, DistUp, 62.91
, DistFront, 58.03, DistDow, 58.33, DistUp, 62.09
, DistFront, 44.39, DistDow, 58.78, DistUp, 63.06
, DistFront, 57.93, DistDow, 58.25, DistUp, 62.55
, DistFront, 58.49, DistDow, 58.83, DistUp, 63.11
, DistFront, 57.99, DistDow, 58.71, DistUp, 62.57
, DistFront, 58.10, DistDow, 58.28, DistUp, 63.04
, DistFront, 58.10, DistDow, 58.42, DistUp, 63.16
, DistFront, 58.54, DistDow, 58.32, DistUp, 63.10
, DistFront, 58.13, DistDow, 58.40, DistUp, 64.78
, DistFront, 58.49, DistDow, 58.47, DistUp, 7.13
, DistFrontMean, 58.06, DistDowMean, 58.81, DistUpMean, 63.13
, DistFront, 58.52, DistDow, 58.52, DistUp, 7.13
, DistFront, 58.54, DistDow, 58.40, DistUp, 62.76
, DistFront, 58.25, DistDow, 58.55, DistUp, 62.87
, DistFront, 58.55, DistDow, 58.47, DistUp, 63.18
, DistFront, 58.28, DistDow, 59.03, DistUp, 62.89
, DistFront, 58.18, DistDow, 58.62, DistUp, 7.16
, DistFront, 58.62, DistDow, 58.52, DistUp, 63.64
, DistFront, 58.71, DistDow, 59.06, DistUp, 62.48
, DistFront, 58.25, DistDow, 58.98, DistUp, 61.99
, DistFront, 58.33, DistDow, 59.06, DistUp, 62.52
, DistFront, 58.62, DistDow, 58.52, DistUp, 62.40
, DistFront, 58.28, DistDow, 58.61, DistUp, 62.89
, DistFront, 58.18, DistDow, 58.91, DistUp, 62.77
, DistFront, 58.23, DistDow, 58.55, DistUp, 62.84
, DistFront, 44.35, DistDow, 58.52, DistUp, 63.55
, DistFront, 58.61, DistDow, 58.91, DistUp, 63.20
, DistFront, 44.32, DistDow, 58.45, DistUp, 62.18
, DistFront, 58.10, DistDow, 58.81, DistUp, 7.02
, DistFront, 43.98, DistDow, 58.78, DistUp, 63.06
, DistFront, 58.32, DistDow, 59.03, DistUp, 62.47
, DistFrontMean, 57.99, DistDowMean, 58.33, DistUpMean, 62.57
, DistFront, 58.28, DistDow, 58.18, DistUp, 62.47
, DistFront, 57.91, DistDow, 58.20, DistUp, 63.67
, DistFront, 43.71, DistDow, 58.13, DistUp, 61.60
, DistFront, 58.06, DistDow, 57.99, DistUp, 60.92
, DistFront, 57.98, DistDow, 57.84, DistUp, 62.19
, DistFront, 57.82, DistDow, 57.77, DistUp, 194.88
, DistFront, 57.82, DistDow, 58.20, DistUp, 194.90
, DistFront, 57.82, DistDow, 58.20, DistUp, 195.34
, DistFront, 57.89, DistDow, 58.16, DistUp, 62.98
, DistFront, 57.47, DistDow, 58.71, DistUp, 7.13
, DistFront, 57.57, DistDow, 58.27, DistUp, 194.03
, DistFront, 57.98, DistDow, 58.23, DistUp, 63.06
, DistFront, 57.35, DistDow, 57.69, DistUp, 62.02
, DistFront, 57.31, DistDow, 57.62, DistUp, 62.77
, DistFront, 57.41, DistDow, 57.62, DistUp, 61.90
, DistFront, 43.83, DistDow, 57.74, DistUp, 62.87
, DistFront, 44.12, DistDow, 58.18, DistUp, 61.62
, DistFront, 57.31, DistDow, 58.04, DistUp, 62.33
, DistFront, 57.41, DistDow, 57.62, DistUp, 7.02
, DistFront, 57.33, DistDow, 58.03, DistUp, 61.45
, DistFrontMean, 57.40, DistDowMean, 57.70, DistUpMean, 62.31
, DistFront, 57.33, DistDow, 57.74, DistUp, 7.13
, DistFront, 57.33, DistDow, 58.20, DistUp, 62.74
, DistFront, 43.78, DistDow, 57.70, DistUp, 7.04
, DistFront, 43.33, DistDow, 58.16, DistUp, 7.04
, DistFront, 43.74, DistDow, 57.69, DistUp, 7.02
, DistFront, 43.23, DistDow, 57.69, DistUp, 7.04
, DistFront, 43.23, DistDow, 57.69, DistUp, 7.02
, DistFront, 44.03, DistDow, 58.06, DistUp, 7.02
, DistFront, 44.06, DistDow, 57.67, DistUp, 7.02
, DistFront, 44.03, DistDow, 58.52, DistUp, 7.02
, DistFront, 43.61, DistDow, 57.67, DistUp, 7.02
, DistFront, 43.13, DistDow, 57.67, DistUp, 7.04
, DistFront, 43.20, DistDow, 58.06, DistUp, 7.02
, DistFront, 43.61, DistDow, 57.67, DistUp, 7.02
, DistFront, 43.52, DistDow, 57.64, DistUp, 7.02
, DistFront, 43.95, DistDow, 57.60, DistUp, 7.04
, DistFront, 57.64, DistDow, 57.99, DistUp, 61.24
, DistFront, 42.81, DistDow, 57.55, DistUp, 7.04
, DistFront, 57.24, DistDow, 57.91, DistUp, 7.04
, DistFront, 42.99, DistDow, 58.32, DistUp, 7.04
, DistFrontMean, 57.18, DistDowMean, 57.55, DistUpMean, 7.04
, DistFront, 57.53, DistDow, 57.55, DistUp, 7.16
, DistFront, 43.61, DistDow, 57.52, DistUp, 60.34
, DistFront, 43.16, DistDow, 57.52, DistUp, 7.16
, DistFront, 43.10, DistDow, 57.52, DistUp, 7.13
, DistFront, 43.04, DistDow, 58.32, DistUp, 61.14
, DistFront, 57.48, DistDow, 57.87, DistUp, 7.13
, DistFront, 42.99, DistDow, 57.82, DistUp, 61.12
, DistFront, 57.02, DistDow, 57.77, DistUp, 7.13
, DistFront, 43.69, DistDow, 57.70, DistUp, 60.17
, DistFront, 57.35, DistDow, 57.74, DistUp, 7.13
, DistFront, 43.20, DistDow, 57.28, DistUp, 7.16
, DistFront, 42.76, DistDow, 57.62, DistUp, 7.04
, DistFront, 57.26, DistDow, 57.53, DistUp, 7.02
, DistFront, 56.70, DistDow, 57.57, DistUp, 59.97
, DistFront, 42.60, DistDow, 57.52, DistUp, 7.16
, DistFront, 43.25, DistDow, 57.53, DistUp, 7.16
, DistFront, 42.93, DistDow, 57.06, DistUp, 7.13
, DistFront, 43.45, DistDow, 57.09, DistUp, 7.13
, DistFront, 43.40, DistDow, 57.87, DistUp, 7.13
, DistFront, 42.55, DistDow, 57.41, DistUp, 7.16
, DistFrontMean, 56.63, DistDowMean, 57.87, DistUpMean, 7.13
, DistFront, 56.63, DistDow, 57.84, DistUp, 60.26
, DistFront, 42.60, DistDow, 57.40, DistUp, 60.70
, DistFront, 42.64, DistDow, 57.38, DistUp, 60.60
, DistFront, 42.53, DistDow, 57.40, DistUp, 7.02
, DistFront, 42.41, DistDow, 56.82, DistUp, 7.04
, DistFront, 56.84, DistDow, 57.19, DistUp, 60.19
, DistFront, 43.20, DistDow, 57.16, DistUp, 60.48
, DistFront, 42.35, DistDow, 57.67, DistUp, 7.13
, DistFront, 42.33, DistDow, 57.19, DistUp, 59.74
, DistFront, 42.41, DistDow, 57.19, DistUp, 60.60
, DistFront, 56.45, DistDow, 57.19, DistUp, 60.19
, DistFront, 56.45, DistDow, 57.60, DistUp, 60.49
, DistFront, 56.45, DistDow, 57.16, DistUp, 60.48
, DistFront, 56.46, DistDow, 57.52, DistUp, 60.49
, DistFront, 56.34, DistDow, 57.06, DistUp, 60.48
, DistFront, 56.73, DistDow, 57.13, DistUp, 60.54
, DistFront, 42.69, DistDow, 56.75, DistUp, 7.16
, DistFront, 56.38, DistDow, 56.73, DistUp, 7.16
, DistFront, 56.38, DistDow, 57.02, DistUp, 7.04
, DistFront, 42.53, DistDow, 56.68, DistUp, 7.13
, DistFrontMean, 56.19, DistDowMean, 56.68, DistUpMean, 7.16
, DistFront, 56.28, DistDow, 56.92, DistUp, 59.39
, DistFront, 42.16, DistDow, 57.02, DistUp, 59.85
, DistFront, 42.04, DistDow, 56.55, DistUp, 7.16
, DistFront, 42.48, DistDow, 56.48, DistUp, 7.16
, DistFront, 41.99, DistDow, 56.85, DistUp, 7.04
, DistFront, 42.21, DistDow, 56.68, DistUp, 7.04
, DistFront, 55.95, DistDow, 56.75, DistUp, 7.13
, DistFront, 41.85, DistDow, 56.26, DistUp, 7.04
, DistFront, 55.70, DistDow, 56.62, DistUp, 7.13
, DistFront, 55.77, DistDow, 56.97, DistUp, 59.25
, DistFront, 55.70, DistDow, 56.46, DistUp, 60.17
, DistFront, 55.68, DistDow, 56.46, DistUp, 59.32
, DistFront, 55.68, DistDow, 56.31, DistUp, 7.04
, DistFront, 42.31, DistDow, 56.02, DistUp, 7.13
, DistFront, 41.55, DistDow, 56.41, DistUp, 60.02
, DistFront, 41.96, DistDow, 56.73, DistUp, 7.04
, DistFront, 56.05, DistDow, 56.39, DistUp, 59.32
, DistFront, 55.68, DistDow, 56.02, DistUp, 60.49
, DistFront, 56.02, DistDow, 56.46, DistUp, 7.13
, DistFront, 55.73, DistDow, 56.50, DistUp, 7.16
, DistFrontMean, 55.75, DistDowMean, 56.11, DistUpMean, 60.70
, DistFront, 55.68, DistDow, 56.14, DistUp, 7.16
, DistFront, 56.26, DistDow, 56.60, DistUp, 60.82
, DistFront, 55.90, DistDow, 56.26, DistUp, 7.04
, DistFront, 55.85, DistDow, 56.31, DistUp, 7.13
, DistFront, 56.39, DistDow, 56.38, DistUp, 60.61
, DistFront, 56.11, DistDow, 56.46, DistUp, 60.14
, DistFront, 56.17, DistDow, 56.39, DistUp, 61.05
, DistFront, 56.63, DistDow, 56.90, DistUp, 7.04
, DistFront, 56.21, DistDow, 57.06, DistUp, 60.46
, DistFront, 56.39, DistDow, 56.75, DistUp, 7.13
, DistFront, 43.20, DistDow, 56.80, DistUp, 62.70
, DistFront, 42.87, DistDow, 56.90, DistUp, 60.66
, DistFront, 56.97, DistDow, 57.40, DistUp, 61.60
, DistFront, 43.03, DistDow, 57.04, DistUp, 61.24
, DistFront, 43.10, DistDow, 57.96, DistUp, 61.73
, DistFront, 43.10, DistDow, 57.21, DistUp, 60.54
, DistFront, 43.10, DistDow, 57.70, DistUp, 60.61
, DistFront, 43.38, DistDow, 57.40, DistUp, 7.16
, DistFront, 57.09, DistDow, 57.41, DistUp, 61.05
, DistFront, 43.10, DistDow, 57.53, DistUp, 61.96
, DistFrontMean, 57.18, DistDowMean, 57.96, DistUpMean, 7.16
, DistFront, 57.53, DistDow, 57.91, DistUp, 7.04
, DistFront, 44.05, DistDow, 57.52, DistUp, 7.04
, DistFront, 57.18, DistDow, 57.93, DistUp, 60.82
, DistFront, 43.18, DistDow, 57.57, DistUp, 7.02
, DistFront, 57.62, DistDow, 57.99, DistUp, 61.31
, DistFront, 57.35, DistDow, 58.03, DistUp, 7.04
, DistFront, 43.62, DistDow, 57.60, DistUp, 7.04
, DistFront, 57.19, DistDow, 57.57, DistUp, 62.13
, DistFront, 42.70, DistDow, 57.98, DistUp, 7.04
, DistFront, 57.26, DistDow, 57.93, DistUp, 61.24
, DistFront, 57.67, DistDow, 58.03, DistUp, 61.19
, DistFront, 43.10, DistDow, 57.96, DistUp, 7.16
, DistFront, 57.13, DistDow, 57.52, DistUp, 7.04
, DistFront, 42.93, DistDow, 57.47, DistUp, 7.04
, DistFront, 42.77, DistDow, 57.69, DistUp, 7.04
, DistFront, 56.84, DistDow, 57.60, DistUp, 60.37
, DistFront, 42.64, DistDow, 57.93, DistUp, 7.02
, DistFront, 42.98, DistDow, 57.53, DistUp, 7.16
, DistFront, 56.67, DistDow, 57.47, DistUp, 7.16
, DistFront, 42.47, DistDow, 56.97, DistUp, 7.06
, DistFrontMean, 56.53, DistDowMean, 56.90, DistUpMean, 60.12
, DistFront, 56.33, DistDow, 57.24, DistUp, 7.13
, DistFront, 56.34, DistDow, 57.16, DistUp, 60.43
, DistFront, 56.31, DistDow, 56.67, DistUp, 7.04
, DistFront, 42.04, DistDow, 56.50, DistUp, 7.16
, DistFront, 42.16, DistDow, 8.96, DistUp, 7.16
, DistFront, 42.40, DistDow, 56.92, DistUp, 7.16
, DistFront, 56.11, DistDow, 57.31, DistUp, 7.04
, DistFront, 55.99, DistDow, 56.46, DistUp, 59.25
, DistFront, 42.26, DistDow, 57.26, DistUp, 60.53
, DistFront, 41.50, DistDow, 56.82, DistUp, 7.16
, DistFront, 41.90, DistDow, 57.21, DistUp, 7.04
, DistFront, 55.83, DistDow, 57.16, DistUp, 7.16
, DistFront, 55.90, DistDow, 56.67, DistUp, 59.85
, DistFront, 55.85, DistDow, 56.50, DistUp, 59.81
, DistFront, 55.78, DistDow, 56.55, DistUp, 59.85
, DistFront, 55.75, DistDow, 56.50, DistUp, 7.04
, DistFront, 55.70, DistDow, 56.90, DistUp, 7.13
, DistFront, 56.12, DistDow, 56.34, DistUp, 7.04
, DistFront, 55.66, DistDow, 56.46, DistUp, 59.76
, DistFront, 41.99, DistDow, 56.46, DistUp, 7.16
, DistFrontMean, 56.11, DistDowMean, 56.45, DistUpMean, 59.30
, DistFront, 55.66, DistDow, 56.46, DistUp, 7.13
, DistFront, 41.28, DistDow, 56.04, DistUp, 7.04
, DistFront, 41.17, DistDow, 56.02, DistUp, 7.13
, DistFront, 55.63, DistDow, 56.04, DistUp, 58.74
, DistFront, 41.48, DistDow, 56.04, DistUp, 59.25
, DistFront, 55.60, DistDow, 56.39, DistUp, 59.54
, DistFront, 41.45, DistDow, 56.70, DistUp, 7.04
, DistFront, 55.97, DistDow, 56.34, DistUp, 7.13
, DistFront, 55.53, DistDow, 56.21, DistUp, 7.04
, DistFront, 55.49, DistDow, 55.88, DistUp, 7.13
, DistFront, 41.28, DistDow, 55.75, DistUp, 7.04
, DistFront, 55.46, DistDow, 56.24, DistUp, 59.10
, DistFront, 55.46, DistDow, 56.09, DistUp, 59.49
, DistFront, 55.85, DistDow, 56.21, DistUp, 7.13
, DistFront, 55.78, DistDow, 56.19, DistUp, 59.49
, DistFront, 41.77, DistDow, 55.83, DistUp, 7.04
, DistFront, 55.34, DistDow, 56.24, DistUp, 7.13
, DistFront, 41.80, DistDow, 55.85, DistUp, 7.16
, DistFront, 41.68, DistDow, 56.14, DistUp, 7.04
, DistFront, 55.53, DistDow, 56.31, DistUp, 59.56
, DistFrontMean, 55.95, DistDowMean, 56.31, DistUpMean, 59.17
, DistFront, 55.43, DistDow, 56.34, DistUp, 7.16
, DistFront, 41.56, DistDow, 55.97, DistUp, 7.02
, DistFront, 55.90, DistDow, 56.82, DistUp, 7.13
, DistFront, 42.02, DistDow, 55.99, DistUp, 7.04
, DistFront, 41.50, DistDow, 56.34, DistUp, 7.13
, DistFront, 56.11, DistDow, 56.90, DistUp, 59.30
, DistFront, 41.21, DistDow, 56.11, DistUp, 7.04
, DistFront, 42.47, DistDow, 56.46, DistUp, 7.16
, DistFront, 55.77, DistDow, 56.56, DistUp, 7.13
, DistFront, 41.70, DistDow, 56.50, DistUp, 7.02
, DistFront, 55.77, DistDow, 56.62, DistUp, 59.47
, DistFront, 55.85, DistDow, 56.67, DistUp, 7.04
, DistFront, 56.19, DistDow, 57.02, DistUp, 59.52
, DistFront, 56.31, DistDow, 56.31, DistUp, 7.13
, DistFront, 55.97, DistDow, 56.75, DistUp, 59.90
, DistFront, 56.31, DistDow, 56.75, DistUp, 59.20
, DistFront, 55.99, DistDow, 56.82, DistUp, 59.66
, DistFront, 56.46, DistDow, 56.85, DistUp, 60.41
, DistFront, 56.05, DistDow, 56.75, DistUp, 7.13
, DistFront, 41.84, DistDow, 56.92, DistUp, 7.13
, DistFrontMean, 56.45, DistDowMean, 57.35, DistUpMean, 60.17
, DistFront, 56.12, DistDow, 56.84, DistUp, 7.02
, DistFront, 56.05, DistDow, 56.97, DistUp, 59.81
, DistFront, 56.21, DistDow, 57.02, DistUp, 60.27
, DistFront, 42.16, DistDow, 57.02, DistUp, 7.02
, DistFront, 42.21, DistDow, 57.40, DistUp, 7.04
, DistFront, 56.17, DistDow, 57.09, DistUp, 60.34
, DistFront, 56.75, DistDow, 57.11, DistUp, 60.82
, DistFront, 42.19, DistDow, 57.57, DistUp, 60.39
, DistFront, 56.80, DistDow, 57.16, DistUp, 7.13
, DistFront, 56.39, DistDow, 57.21, DistUp, 7.02
, DistFront, 42.62, DistDow, 57.13, DistUp, 7.04
, DistFront, 42.70, DistDow, 56.73, DistUp, 7.04
, DistFront, 42.69, DistDow, 56.84, DistUp, 7.13
, DistFront, 41.85, DistDow, 57.70, DistUp, 7.16
, DistFront, 42.04, DistDow, 56.90, DistUp, 7.16
, DistFront, 42.04, DistDow, 56.92, DistUp, 7.02
, DistFront, 41.97, DistDow, 57.69, DistUp, 7.04
, DistFront, 42.89, DistDow, 57.28, DistUp, 7.04
, DistFront, 56.53, DistDow, 57.41, DistUp, 60.31
, DistFront, 57.09, DistDow, 57.47, DistUp, 7.16
, DistFrontMean, 56.62, DistDowMean, 57.52, DistUpMean, 60.82
, DistFront, 57.18, DistDow, 57.96, DistUp, 7.04
, DistFront, 43.25, DistDow, 7.77, DistUp, 7.04
, DistFront, 42.89, DistDow, 57.60, DistUp, 59.98
, DistFront, 43.33, DistDow, 58.11, DistUp, 61.75
, DistFront, 43.33, DistDow, 57.77, DistUp, 7.13
, DistFront, 43.40, DistDow, 58.23, DistUp, 61.53
, DistFront, 42.91, DistDow, 57.48, DistUp, 7.16
, DistFront, 57.16, DistDow, 57.93, DistUp, 61.67
, DistFront, 57.11, DistDow, 58.45, DistUp, 61.60
, DistFront, 57.60, DistDow, 57.98, DistUp, 61.26
, DistFront, 57.24, DistDow, 58.47, DistUp, 7.04
, DistFront, 57.40, DistDow, 58.62, DistUp, 7.02
, DistFront, 42.99, DistDow, 58.67, DistUp, 61.12
, DistFront, 43.84, DistDow, 58.74, DistUp, 7.16
, DistFront, 43.49, DistDow, 58.78, DistUp, 61.67
, DistFront, 57.96, DistDow, 58.33, DistUp, 61.62
, DistFront, 57.70, DistDow, 58.47, DistUp, 61.24
, DistFront, 57.76, DistDow, 58.54, DistUp, 7.13
, DistFront, 57.81, DistDow, 58.59, DistUp, 7.13
, DistFront, 43.54, DistDow, 58.64, DistUp, 61.82
, DistFrontMean, 58.28, DistDowMean, 58.62, DistUpMean, 7.04
, DistFront, 57.89, DistDow, 58.69, DistUp, 61.56
, DistFront, 58.25, DistDow, 58.62, DistUp, 7.04
, DistFront, 57.89, DistDow, 58.69, DistUp, 7.04
, DistFront, 43.88, DistDow, 58.67, DistUp, 62.02
, DistFront, 44.85, DistDow, 58.42, DistUp, 62.18
, DistFront, 58.10, DistDow, 58.78, DistUp, 7.04
, DistFront, 44.49, DistDow, 58.91, DistUp, 61.80
, DistFront, 58.49, DistDow, 58.54, DistUp, 7.13
, DistFront, 44.47, DistDow, 58.47, DistUp, 7.04
, DistFront, 44.98, DistDow, 58.62, DistUp, 7.13
, DistFront, 44.63, DistDow, 59.47, DistUp, 62.81
, DistFront, 44.13, DistDow, 58.55, DistUp, 7.04
, DistFront, 44.18, DistDow, 58.59, DistUp, 7.11
, DistFront, 44.18, DistDow, 58.61, DistUp, 7.02
, DistFront, 44.27, DistDow, 59.18, DistUp, 7.16
, DistFront, 58.71, DistDow, 59.52, DistUp, 62.81
, DistFront, 58.45, DistDow, 59.20, DistUp, 7.13
, DistFront, 58.35, DistDow, 59.13, DistUp, 7.04
, DistFront, 58.47, DistDow, 58.83, DistUp, 7.16
, DistFront, 58.40, DistDow, 59.18, DistUp, 61.99
, DistFrontMean, 58.49, DistDowMean, 59.30, DistUpMean, 62.57
, DistFront, 58.52, DistDow, 59.34, DistUp, 62.45
, DistFront, 44.32, DistDow, 59.20, DistUp, 7.16
, DistFront, 44.42, DistDow, 58.81, DistUp, 7.04
, DistFront, 45.32, DistDow, 59.32, DistUp, 7.16
, DistFront, 44.81, DistDow, 59.25, DistUp, 7.04
, DistFront, 44.83, DistDow, 58.91, DistUp, 7.02
, DistFront, 44.49, DistDow, 58.95, DistUp, 7.16
, DistFront, 44.34, DistDow, 58.83, DistUp, 7.13
, DistFront, 44.78, DistDow, 59.23, DistUp, 7.04
, DistFront, 44.90, DistDow, 58.91, DistUp, 7.16
, DistFront, 44.63, DistDow, 58.83, DistUp, 7.16
, DistFront, 58.42, DistDow, 59.20, DistUp, 7.02
, DistFront, 45.27, DistDow, 58.91, DistUp, 7.16
, DistFront, 58.55, DistDow, 59.34, DistUp, 7.16
, DistFront, 45.19, DistDow, 58.84, DistUp, 7.04
, DistFront, 45.34, DistDow, 59.39, DistUp, 7.13
, DistFront, 44.30, DistDow, 58.88, DistUp, 7.13
, DistFront, 59.05, DistDow, 59.30, DistUp, 62.60
, DistFront, 58.55, DistDow, 59.46, DistUp, 7.16
, DistFront, 44.90, DistDow, 59.34, DistUp, 62.26
, DistFrontMean, 58.55, DistDowMean, 59.90, DistUpMean, 7.13
, DistFront, 58.71, DistDow, 59.39, DistUp, 6.62
, DistFront, 58.71, DistDow, 59.52, DistUp, 62.82
, DistFront, 45.48, DistDow, 59.40, DistUp, 62.31
, DistFront, 45.37, DistDow, 59.47, DistUp, 7.13
, DistFront, 44.69, DistDow, 59.13, DistUp, 62.33
, DistFront, 45.03, DistDow, 59.91, DistUp, 61.96
, DistFront, 58.84, DistDow, 59.20, DistUp, 7.13
, DistFront, 45.14, DistDow, 59.54, DistUp, 62.87
, DistFront, 45.05, DistDow, 59.61, DistUp, 7.13
, DistFront, 58.91, DistDow, 59.18, DistUp, 7.04
, DistFront, 59.35, DistDow, 59.34, DistUp, 7.16
, DistFront, 45.26, DistDow, 59.71, DistUp, 7.02
, DistFront, 45.02, DistDow, 59.46, DistUp, 7.13
, DistFront, 45.20, DistDow, 59.81, DistUp, 7.02
, DistFront, 45.75, DistDow, 59.56, DistUp, 7.13
, DistFront, 59.10, DistDow, 59.91, DistUp, 7.13
, DistFront, 45.90, DistDow, 59.68, DistUp, 7.13
, DistFront, 45.85, DistDow, 60.02, DistUp, 62.84
, DistFront, 46.53, DistDow, 59.78, DistUp, 62.87
, DistFront, 46.12, DistDow, 59.81, DistUp, 7.13
, DistFrontMean, 59.78, DistDowMean, 59.74, DistUpMean, 7.04
, DistFront, 59.49, DistDow, 59.90, DistUp, 7.13
, DistFront, 45.97, DistDow, 59.88, DistUp, 62.69
, DistFront, 59.52, DistDow, 59.90, DistUp, 7.04
, DistFront, 46.02, DistDow, 60.07, DistUp, 7.13
, DistFront, 45.54, DistDow, 60.02, DistUp, 7.02
, DistFront, 45.73, DistDow, 60.17, DistUp, 7.16
, DistFront, 46.09, DistDow, 60.53, DistUp, 7.02
, DistFront, 60.17, DistDow, 60.56, DistUp, 7.04
, DistFront, 45.82, DistDow, 60.27, DistUp, 7.16
, DistFront, 45.31, DistDow, 60.20, DistUp, 7.04
, DistFront, 45.48, DistDow, 60.26, DistUp, 7.13
, DistFront, 46.34, DistDow, 60.43, DistUp, 7.16
, DistFront, 46.38, DistDow, 60.77, DistUp, 7.02
, DistFront, 60.46, DistDow, 60.82, DistUp, 63.67
, DistFront, 46.33, DistDow, 60.48, DistUp, 7.02
, DistFront, 46.99, DistDow, 61.45, DistUp, 7.13
, DistFront, 47.48, DistDow, 60.70, DistUp, 7.13
, DistFront, 46.55, DistDow, 61.14, DistUp, 7.13
, DistFront, 46.67, DistDow, 61.11, DistUp, 7.02
, DistFront, 46.70, DistDow, 60.70, DistUp, 7.02
, DistFrontMean, 60.48, DistDowMean, 61.26, DistUpMean, 7.13
, DistFront, 60.39, DistDow, 61.62, DistUp, 7.04
, DistFront, 47.24, DistDow, 61.67, DistUp, 7.04
, DistFront, 46.48, DistDow, 61.28, DistUp, 7.02
, DistFront, 46.62, DistDow, 61.45, DistUp, 7.13
, DistFront, 46.67, DistDow, 61.04, DistUp, 7.16
, DistFront, 61.12, DistDow, 61.48, DistUp, 7.13
, DistFront, 60.70, DistDow, 61.55, DistUp, 7.13
, DistFront, 61.17, DistDow, 61.53, DistUp, 7.13
, DistFront, 60.77, DistDow, 61.55, DistUp, 64.83
, DistFront, 60.77, DistDow, 61.45, DistUp, 64.32
, DistFront, 60.66, DistDow, 61.41, DistUp, 64.34
, DistFront, 60.77, DistDow, 61.14, DistUp, 7.16
, DistFront, 61.17, DistDow, 61.53, DistUp, 64.83
, DistFront, 47.48, DistDow, 61.09, DistUp, 7.13
, DistFront, 60.70, DistDow, 61.90, DistUp, 65.07
, DistFront, 47.47, DistDow, 60.90, DistUp, 7.13
, DistFront, 61.05, DistDow, 61.33, DistUp, 7.13
, DistFront, 60.61, DistDow, 60.97, DistUp, 64.17
, DistFront, 60.46, DistDow, 60.82, DistUp, 7.04
, DistFront, 46.39, DistDow, 61.26, DistUp, 7.13
, DistFrontMean, 60.88, DistDowMean, 61.26, DistUpMean, 64.52
, DistFront, 60.39, DistDow, 61.17, DistUp, 64.03
, DistFront, 60.32, DistDow, 61.12, DistUp, 7.13
, DistFront, 46.14, DistDow, 61.48, DistUp, 7.13
, DistFront, 47.26, DistDow, 60.41, DistUp, 7.04
, DistFront, 46.21, DistDow, 61.17, DistUp, 7.02
, DistFront, 46.38, DistDow, 60.78, DistUp, 7.13
, DistFront, 59.91, DistDow, 60.68, DistUp, 7.13
, DistFront, 45.95, DistDow, 60.48, DistUp, 7.02
, DistFront, 46.09, DistDow, 60.05, DistUp, 7.16
, DistFront, 59.91, DistDow, 59.88, DistUp, 7.04
, DistFront, 59.35, DistDow, 60.17, DistUp, 7.16
, DistFront, 45.61, DistDow, 59.76, DistUp, 7.16
, DistFront, 59.17, DistDow, 60.37, DistUp, 7.04
, DistFront, 45.53, DistDow, 59.56, DistUp, 7.13
, DistFront, 45.37, DistDow, 59.35, DistUp, 7.04
, DistFront, 45.37, DistDow, 59.76, DistUp, 62.64
, DistFront, 58.76, DistDow, 59.52, DistUp, 63.27
, DistFront, 44.91, DistDow, 59.12, DistUp, 7.13
, DistFront, 58.59, DistDow, 58.91, DistUp, 7.02
, DistFront, 44.91, DistDow, 58.89, DistUp, 63.95
, DistFrontMean, 58.40, DistDowMean, 58.74, DistUpMean, 7.04
, DistFront, 58.84, DistDow, 59.20, DistUp, 7.13
, DistFront, 58.20, DistDow, 58.61, DistUp, 7.04
, DistFront, 58.27, DistDow, 58.89, DistUp, 62.67
, DistFront, 44.85, DistDow, 59.34, DistUp, 7.13
, DistFront, 57.96, DistDow, 58.74, DistUp, 7.04
, DistFront, 44.27, DistDow, 58.33, DistUp, 7.04
, DistFront, 45.10, DistDow, 58.23, DistUp, 61.55
, DistFront, 58.10, DistDow, 58.54, DistUp, 7.13
, DistFront, 57.55, DistDow, 58.32, DistUp, 61.63
, DistFront, 44.39, DistDow, 58.74, DistUp, 62.09
, DistFront, 43.28, DistDow, 58.18, DistUp, 61.53
, DistFront, 57.21, DistDow, 57.98, DistUp, 7.04
, DistFront, 57.19, DistDow, 57.89, DistUp, 7.02
, DistFront, 57.02, DistDow, 57.76, DistUp, 61.53
, DistFront, 56.99, DistDow, 57.24, DistUp, 61.45
, DistFront, 56.90, DistDow, 57.67, DistUp, 61.34
, DistFront, 56.82, DistDow, 57.57, DistUp, 60.39
, DistFront, 43.11, DistDow, 57.53, DistUp, 7.02
, DistFront, 56.68, DistDow, 57.31, DistUp, 60.66
, DistFront, 56.62, DistDow, 57.28, DistUp, 60.61
, DistFrontMean, 56.55, DistDowMean, 57.77, DistUpMean, 60.66
, DistFront, 56.45, DistDow, 57.33, DistUp, 7.13
, DistFront, 56.48, DistDow, 57.28, DistUp, 7.13
, DistFront, 56.85, DistDow, 57.21, DistUp, 60.10
, DistFront, 42.38, DistDow, 57.18, DistUp, 7.13
, DistFront, 42.33, DistDow, 57.18, DistUp, 7.04
, DistFront, 42.28, DistDow, 57.13, DistUp, 59.88
, DistFront, 42.60, DistDow, 56.60, DistUp, 7.02
, DistFront, 42.16, DistDow, 56.68, DistUp, 6.73
, DistFront, 42.52, DistDow, 56.67, DistUp, 7.13
, DistFront, 43.03, DistDow, 57.04, DistUp, 7.13
, DistFront, 42.57, DistDow, 56.62, DistUp, 7.04
, DistFront, 42.13, DistDow, 56.90, DistUp, 7.02
, DistFront, 56.05, DistDow, 56.97, DistUp, 59.81
, DistFront, 56.17, DistDow, 57.38, DistUp, 60.20
, DistFront, 56.55, DistDow, 56.90, DistUp, 7.13
, DistFront, 56.53, DistDow, 56.80, DistUp, 7.02
, DistFront, 56.09, DistDow, 57.28, DistUp, 59.74
, DistFront, 56.48, DistDow, 56.84, DistUp, 7.13
, DistFront, 42.33, DistDow, 57.24, DistUp, 59.59
, DistFront, 56.39, DistDow, 56.67, DistUp, 59.97
, DistFrontMean, 56.41, DistDowMean, 56.28, DistUpMean, 7.02
, DistFront, 55.97, DistDow, 57.06, DistUp, 7.04
, DistFront, 41.92, DistDow, 56.33, DistUp, 6.67
, DistFront, 42.69, DistDow, 57.02, DistUp, 7.04
, DistFront, 41.77, DistDow, 56.28, DistUp, 7.16
, DistFront, 42.53, DistDow, 56.63, DistUp, 59.49
, DistFront, 55.73, DistDow, 56.63, DistUp, 7.13
, DistFront, 55.78, DistDow, 56.19, DistUp, 59.83
, DistFront, 55.75, DistDow, 56.53, DistUp, 60.53
, DistFront, 55.68, DistDow, 56.38, DistUp, 60.07
, DistFront, 42.33, DistDow, 56.09, DistUp, 7.16
, DistFront, 42.28, DistDow, 56.04, DistUp, 7.13
, DistFront, 42.77, DistDow, 55.97, DistUp, 59.13
, DistFront, 42.28, DistDow, 56.38, DistUp, 7.04
, DistFront, 42.19, DistDow, 55.90, DistUp, 7.13
, DistFront, 42.18, DistDow, 55.90, DistUp, 7.13
, DistFront, 42.62, DistDow, 56.68, DistUp, 7.02
, DistFront, 42.09, DistDow, 55.70, DistUp, 7.04
, DistFront, 55.37, DistDow, 56.14, DistUp, 59.03
, DistFront, 41.68, DistDow, 56.05, DistUp, 7.04
, DistFront, 41.12, DistDow, 56.11, DistUp, 7.13
, DistFrontMean, 55.20, DistDowMean, 56.11, DistUpMean, 59.81
, DistFront, 55.31, DistDow, 55.60, DistUp, 7.02
, DistFront, 42.19, DistDow, 56.12, DistUp, 7.16
, DistFront, 41.73, DistDow, 56.12, DistUp, 7.02
, DistFront, 55.24, DistDow, 56.53, DistUp, 58.98
, DistFront, 55.32, DistDow, 56.02, DistUp, 59.32
, DistFront, 55.34, DistDow, 56.56, DistUp, 59.03
, DistFront, 55.39, DistDow, 56.19, DistUp, 58.96
, DistFront, 55.32, DistDow, 56.21, DistUp, 59.52
, DistFront, 55.46, DistDow, 56.28, DistUp, 59.47
, DistFront, 42.21, DistDow, 56.21, DistUp, 7.04
, DistFront, 41.82, DistDow, 55.97, DistUp, 7.16
, DistFront, 41.56, DistDow, 56.02, DistUp, 7.02
, DistFront, 55.60, DistDow, 56.48, DistUp, 7.13
, DistFront, 41.97, DistDow, 56.53, DistUp, 60.27
, DistFront, 42.18, DistDow, 56.24, DistUp, 7.02
, DistFront, 42.55, DistDow, 56.56, DistUp, 59.91
, DistFront, 55.88, DistDow, 56.77, DistUp, 7.16
, DistFront, 56.09, DistDow, 56.84, DistUp, 61.09
, DistFront, 42.47, DistDow, 56.92, DistUp, 60.73
, DistFront, 56.24, DistDow, 56.56, DistUp, 60.43
, DistFrontMean, 56.31, DistDowMean, 57.06, DistUpMean, 60.53
, DistFront, 56.38, DistDow, 57.02, DistUp, 60.90
, DistFront, 56.48, DistDow, 56.67, DistUp, 61.02
, DistFront, 56.56, DistDow, 56.77, DistUp, 61.12
, DistFront, 56.56, DistDow, 56.85, DistUp, 60.83
, DistFront, 56.67, DistDow, 57.38, DistUp, 61.77
, DistFront, 56.89, DistDow, 57.48, DistUp, 61.02
, DistFront, 56.97, DistDow, 57.18, DistUp, 61.53
, DistFront, 57.09, DistDow, 58.25, DistUp, 61.62
, DistFront, 57.18, DistDow, 57.48, DistUp, 61.80
, DistFront, 57.69, DistDow, 57.98, DistUp, 61.45
, DistFront, 57.21, DistDow, 57.69, DistUp, 61.09
, DistFront, 57.31, DistDow, 58.10, DistUp, 61.89
, DistFront, 43.88, DistDow, 57.89, DistUp, 7.04
, DistFront, 43.95, DistDow, 58.40, DistUp, 7.13
, DistFront, 57.64, DistDow, 58.84, DistUp, 61.73
, DistFront, 43.83, DistDow, 58.49, DistUp, 62.06
, DistFront, 57.74, DistDow, 58.83, DistUp, 60.82
, DistFront, 57.77, DistDow, 58.61, DistUp, 7.04
, DistFront, 57.77, DistDow, 58.20, DistUp, 7.13
, DistFront, 57.82, DistDow, 58.64, DistUp, 7.16
, DistFrontMean, 57.69, DistDowMean, 58.98, DistUpMean, 61.28
, DistFront, 58.25, DistDow, 59.10, DistUp, 7.13
, DistFront, 43.71, DistDow, 58.69, DistUp, 61.26
, DistFront, 44.17, DistDow, 58.59, DistUp, 7.04
, DistFront, 44.61, DistDow, 58.28, DistUp, 7.04
, DistFront, 43.76, DistDow, 58.28, DistUp, 7.13
, DistFront, 58.27, DistDow, 58.27, DistUp, 7.13
, DistFront, 43.55, DistDow, 58.13, DistUp, 7.13
, DistFront, 43.59, DistDow, 58.13, DistUp, 61.63
, DistFront, 43.67, DistDow, 58.23, DistUp, 7.04
, DistFront, 44.05, DistDow, 58.64, DistUp, 7.13
, DistFront, 57.76, DistDow, 58.18, DistUp, 7.13
, DistFront, 44.27, DistDow, 58.18, DistUp, 61.14
, DistFront, 44.32, DistDow, 58.03, DistUp, 7.04
, DistFront, 44.30, DistDow, 58.11, DistUp, 7.02
, DistFront, 44.35, DistDow, 58.47, DistUp, 7.13
, DistFront, 43.49, DistDow, 57.98, DistUp, 7.13
, DistFront, 57.53, DistDow, 58.33, DistUp, 7.13
, DistFront, 43.55, DistDow, 57.89, DistUp, 7.16
, DistFront, 43.67, DistDow, 57.84, DistUp, 61.04
, DistFront, 57.74, DistDow, 58.06, DistUp, 7.04
, DistFrontMean, 57.82, DistDowMean, 58.18, DistUpMean, 61.31
, DistFront, 57.24, DistDow, 57.74, DistUp, 61.31
, DistFront, 57.24, DistDow, 57.60, DistUp, 7.02
, DistFront, 57.21, DistDow, 57.57, DistUp, 7.04
, DistFront, 57.24, DistDow, 58.45, DistUp, 60.88
, DistFront, 57.33, DistDow, 58.55, DistUp, 61.28
, DistFront, 43.23, DistDow, 58.13, DistUp, 7.13
, DistFront, 43.28, DistDow, 58.55, DistUp, 7.13
, DistFront, 57.33, DistDow, 58.54, DistUp, 7.13
, DistFront, 43.10, DistDow, 58.10, DistUp, 7.13
, DistFront, 43.42, DistDow, 57.69, DistUp, 7.13
, DistFront, 43.54, DistDow, 57.69, DistUp, 7.13
, DistFront, 43.91, DistDow, 57.69, DistUp, 60.88
, DistFront, 43.13, DistDow, 57.60, DistUp, 7.04
, DistFront, 43.11, DistDow, 57.57, DistUp, 7.04
, DistFront, 43.06, DistDow, 57.98, DistUp, 7.04
, DistFront, 43.11, DistDow, 57.99, DistUp, 7.04
, DistFront, 57.33, DistDow, 57.57, DistUp, 7.04
, DistFront, 43.62, DistDow, 58.16, DistUp, 7.04
, DistFront, 43.23, DistDow, 58.13, DistUp, 7.16
, DistFront, 57.77, DistDow, 57.74, DistUp, 7.16
, DistFrontMean, 57.40, DistDowMean, 58.20, DistUpMean, 7.16
, DistFront, 57.28, DistDow, 58.06, DistUp, 7.02
, DistFront, 43.35, DistDow, 58.10, DistUp, 7.02
, DistFront, 43.76, DistDow, 57.70, DistUp, 7.02
, DistFront, 43.47, DistDow, 58.27, DistUp, 7.04
, DistFront, 57.48, DistDow, 57.89, DistUp, 7.11
, DistFront, 44.30, DistDow, 57.89, DistUp, 7.13
, DistFront, 57.55, DistDow, 57.91, DistUp, 7.13
, DistFront, 43.71, DistDow, 57.98, DistUp, 7.13
, DistFront, 43.88, DistDow, 57.91, DistUp, 7.13
, DistFront, 57.52, DistDow, 57.91, DistUp, 7.04
, DistFront, 44.32, DistDow, 57.96, DistUp, 7.02
, DistFront, 44.46, DistDow, 58.11, DistUp, 7.02
, DistFront, 44.05, DistDow, 58.13, DistUp, 7.16
, DistFront, 43.96, DistDow, 58.06, DistUp, 7.04
, DistFront, 44.06, DistDow, 58.18, DistUp, 7.13
, DistFront, 57.81, DistDow, 58.20, DistUp, 7.13
, DistFront, 58.13, DistDow, 58.20, DistUp, 7.13
, DistFront, 44.06, DistDow, 58.11, DistUp, 7.02
, DistFront, 57.87, DistDow, 58.11, DistUp, 7.04
, DistFront, 44.20, DistDow, 58.27, DistUp, 7.13
, DistFrontMean, 58.32, DistDowMean, 58.69, DistUpMean, 62.40
, DistFront, 58.32, DistDow, 58.27, DistUp, 7.02
, DistFront, 45.27, DistDow, 58.33, DistUp, 7.16
, DistFront, 57.87, DistDow, 58.33, DistUp, 7.16
, DistFront, 44.32, DistDow, 58.28, DistUp, 7.04
, DistFront, 44.76, DistDow, 58.84, DistUp, 7.04
, DistFront, 44.46, DistDow, 58.88, DistUp, 6.73
, DistFront, 43.88, DistDow, 58.95, DistUp, 62.04
, DistFront, 44.88, DistDow, 58.55, DistUp, 7.04
, DistFront, 44.97, DistDow, 58.61, DistUp, 7.13
, DistFront, 44.35, DistDow, 58.96, DistUp, 7.13
, DistFront, 44.52, DistDow, 59.40, DistUp, 7.02
, DistFront, 44.23, DistDow, 58.69, DistUp, 7.13
, DistFront, 44.06, DistDow, 59.17, DistUp, 7.16
, DistFront, 44.63, DistDow, 58.64, DistUp, 7.04
, DistFront, 44.32, DistDow, 59.20, DistUp, 7.13
, DistFront, 58.71, DistDow, 59.23, DistUp, 62.33
, DistFront, 44.78, DistDow, 59.25, DistUp, 7.16
, DistFront, 58.42, DistDow, 58.84, DistUp, 7.13
, DistFront, 44.27, DistDow, 59.59, DistUp, 7.02
, DistFront, 44.42, DistDow, 59.30, DistUp, 7.16
, DistFrontMean, 58.38, DistDowMean, 58.88, DistUpMean, 7.13
, DistFront, 58.49, DistDow, 58.89, DistUp, 7.02
, DistFront, 44.52, DistDow, 58.91, DistUp, 7.13
, DistFront, 45.26, DistDow, 59.25, DistUp, 7.02
, DistFront, 44.88, DistDow, 59.39, DistUp, 6.73
, DistFront, 58.55, DistDow, 59.34, DistUp, 7.13
, DistFront, 44.42, DistDow, 59.25, DistUp, 7.04
, DistFront, 44.52, DistDow, 59.81, DistUp, 7.13
, DistFront, 45.20, DistDow, 59.69, DistUp, 7.02
, DistFront, 45.32, DistDow, 59.40, DistUp, 7.13
, DistFront, 44.47, DistDow, 59.40, DistUp, 7.13
, DistFront, 45.17, DistDow, 58.84, DistUp, 7.02
, DistFront, 44.90, DistDow, 58.96, DistUp, 7.13
, DistFront, 58.42, DistDow, 59.34, DistUp, 7.13
, DistFront, 44.35, DistDow, 59.66, DistUp, 7.04
, DistFront, 45.24, DistDow, 58.91, DistUp, 7.13
, DistFront, 45.17, DistDow, 59.20, DistUp, 7.04
, DistFront, 44.66, DistDow, 59.25, DistUp, 7.02
, DistFront, 44.71, DistDow, 58.88, DistUp, 7.13
, DistFront, 44.63, DistDow, 59.10, DistUp, 62.33
, DistFront, 44.97, DistDow, 59.10, DistUp, 7.04
, DistFrontMean, 58.35, DistDowMean, 58.76, DistUpMean, 7.16
, DistFront, 58.35, DistDow, 59.05, DistUp, 7.02
, DistFront, 44.32, DistDow, 58.71, DistUp, 7.13
, DistFront, 44.59, DistDow, 59.00, DistUp, 7.02
, DistFront, 44.54, DistDow, 58.64, DistUp, 7.02
, DistFront, 44.98, DistDow, 59.47, DistUp, 7.13
, DistFront, 44.42, DistDow, 58.49, DistUp, 7.04
, DistFront, 44.95, DistDow, 58.55, DistUp, 7.13
, DistFront, 44.23, DistDow, 58.89, DistUp, 61.56
, DistFront, 43.95, DistDow, 58.45, DistUp, 7.04
, DistFront, 44.74, DistDow, 58.81, DistUp, 7.13
, DistFront, 44.20, DistDow, 58.32, DistUp, 7.13
, DistFront, 43.96, DistDow, 58.28, DistUp, 7.16
, DistFront, 44.00, DistDow, 58.49, DistUp, 7.02
, DistFront, 43.96, DistDow, 58.06, DistUp, 7.02
, DistFront, 44.05, DistDow, 58.11, DistUp, 7.04
, DistFront, 44.00, DistDow, 58.10, DistUp, 7.13
, DistFront, 44.39, DistDow, 58.42, DistUp, 7.13
, DistFront, 43.83, DistDow, 58.32, DistUp, 7.16
, DistFront, 44.17, DistDow, 58.23, DistUp, 7.16
, DistFront, 57.38, DistDow, 57.76, DistUp, 7.04
, DistFrontMean, 57.91, DistDowMean, 57.87, DistUpMean, 7.04
, DistFront, 57.89, DistDow, 57.87, DistUp, 7.13
, DistFront, 43.71, DistDow, 58.23, DistUp, 60.61
, DistFront, 43.74, DistDow, 58.13, DistUp, 7.02
, DistFront, 44.18, DistDow, 58.64, DistUp, 7.02
, DistFront, 43.78, DistDow, 58.20, DistUp, 7.13
, DistFront, 43.33, DistDow, 58.64, DistUp, 7.16
, DistFront, 57.40, DistDow, 57.77, DistUp, 7.13
, DistFront, 43.74, DistDow, 57.81, DistUp, 7.13
, DistFront, 43.95, DistDow, 57.81, DistUp, 7.13
, DistFront, 43.59, DistDow, 57.81, DistUp, 60.53
, DistFront, 43.55, DistDow, 58.10, DistUp, 7.04
, DistFront, 43.98, DistDow, 58.61, DistUp, 60.03
, DistFront, 57.33, DistDow, 57.76, DistUp, 7.02
, DistFront, 57.33, DistDow, 57.74, DistUp, 60.48
, DistFront, 43.69, DistDow, 58.61, DistUp, 7.13
, DistFront, 43.91, DistDow, 58.59, DistUp, 60.97
, DistFront, 44.00, DistDow, 58.06, DistUp, 7.04
, DistFront, 43.96, DistDow, 58.47, DistUp, 7.04
, DistFront, 44.06, DistDow, 58.13, DistUp, 7.02
, DistFront, 43.62, DistDow, 58.13, DistUp, 7.13
, DistFrontMean, 57.28, DistDowMean, 58.13, DistUpMean, 7.13
, DistFront, 57.31, DistDow, 58.03, DistUp, 7.04
, DistFront, 44.03, DistDow, 57.62, DistUp, 61.21
, DistFront, 43.71, DistDow, 57.74, DistUp, 7.13
, DistFront, 44.12, DistDow, 57.70, DistUp, 7.13
, DistFront, 57.28, DistDow, 57.69, DistUp, 7.13
, DistFront, 43.83, DistDow, 58.55, DistUp, 7.13
, DistFront, 43.96, DistDow, 58.10, DistUp, 60.34
, DistFront, 43.54, DistDow, 57.57, DistUp, 7.04
, DistFront, 43.13, DistDow, 57.57, DistUp, 7.02
, DistFront, 43.10, DistDow, 57.57, DistUp, 7.04
, DistFront, 43.06, DistDow, 57.60, DistUp, 60.73
, DistFront, 43.18, DistDow, 57.69, DistUp, 7.16
, DistFront, 57.69, DistDow, 58.06, DistUp, 7.13
, DistFront, 43.59, DistDow, 58.10, DistUp, 7.13
, DistFront, 57.69, DistDow, 58.11, DistUp, 60.88
, DistFront, 43.49, DistDow, 58.10, DistUp, 60.48
, DistFront, 57.19, DistDow, 57.98, DistUp, 61.24
, DistFront, 43.11, DistDow, 58.04, DistUp, 7.02
, DistFront, 44.10, DistDow, 58.20, DistUp, 7.13
, DistFront, 43.28, DistDow, 57.81, DistUp, 7.13
, DistFrontMean, 57.31, DistDowMean, 58.25, DistUpMean, 7.13
, DistFront, 57.41, DistDow, 58.13, DistUp, 60.99
, DistFront, 43.52, DistDow, 58.74, DistUp, 7.13
, DistFront, 57.96, DistDow, 57.93, DistUp, 7.13
, DistFront, 43.47, DistDow, 58.84, DistUp, 61.55
, DistFront, 43.47, DistDow, 57.98, DistUp, 7.04
, DistFront, 58.16, DistDow, 58.98, DistUp, 61.70
, DistFront, 43.52, DistDow, 58.25, DistUp, 7.13
, DistFront, 43.76, DistDow, 58.64, DistUp, 7.04
, DistFront, 43.95, DistDow, 58.81, DistUp, 61.63
, DistFront, 57.98, DistDow, 58.88, DistUp, 62.41
, DistFront, 44.06, DistDow, 58.55, DistUp, 7.09
, DistFront, 44.13, DistDow, 58.61, DistUp, 7.13
, DistFront, 44.06, DistDow, 58.95, DistUp, 61.38
, DistFront, 44.30, DistDow, 58.76, DistUp, 7.16
, DistFront, 44.34, DistDow, 59.20, DistUp, 7.13
, DistFront, 44.30, DistDow, 58.78, DistUp, 7.02
, DistFront, 44.35, DistDow, 58.95, DistUp, 7.04
, DistFront, 44.91, DistDow, 59.40, DistUp, 7.13
, DistFront, 44.40, DistDow, 59.34, DistUp, 7.02
, DistFront, 44.56, DistDow, 59.46, DistUp, 7.13
, DistFrontMean, 58.59, DistDowMean, 59.10, DistUpMean, 62.62
, DistFront, 58.69, DistDow, 59.95, DistUp, 7.16
, DistFront, 58.64, DistDow, 59.03, DistUp, 62.26
, DistFront, 45.17, DistDow, 59.61, DistUp, 61.89
, DistFront, 44.76, DistDow, 59.20, DistUp, 7.13
, DistFront, 58.71, DistDow, 59.25, DistUp, 62.38
, DistFront, 45.24, DistDow, 60.10, DistUp, 7.13
, DistFront, 45.07, DistDow, 59.59, DistUp, 7.02
, DistFront, 44.85, DistDow, 59.27, DistUp, 7.13
, DistFront, 44.69, DistDow, 59.18, DistUp, 7.02
, DistFront, 44.78, DistDow, 59.69, DistUp, 7.13
, DistFront, 44.71, DistDow, 60.02, DistUp, 63.23
, DistFront, 44.66, DistDow, 59.25, DistUp, 62.35
, DistFront, 44.71, DistDow, 59.66, DistUp, 7.13
, DistFront, 44.61, DistDow, 59.10, DistUp, 7.02
, DistFront, 44.20, DistDow, 59.13, DistUp, 7.16
, DistFront, 44.98, DistDow, 59.12, DistUp, 7.13
, DistFront, 44.42, DistDow, 59.35, DistUp, 7.04
, DistFront, 44.88, DistDow, 59.40, DistUp, 7.13
, DistFront, 43.91, DistDow, 59.71, DistUp, 62.45
, DistFront, 44.34, DistDow, 59.76, DistUp, 7.16
, DistFrontMean, 58.33, DistDowMean, 58.78, DistUpMean, 7.04
, DistFront, 58.40, DistDow, 59.25, DistUp, 7.13
, DistFront, 44.63, DistDow, 58.64, DistUp, 7.13
, DistFront, 44.17, DistDow, 58.55, DistUp, 7.02
, DistFront, 44.13, DistDow, 58.59, DistUp, 7.13
, DistFront, 44.03, DistDow, 58.49, DistUp, 7.16
, DistFront, 44.76, DistDow, 58.76, DistUp, 7.04
, DistFront, 43.83, DistDow, 58.25, DistUp, 7.02
, DistFront, 44.68, DistDow, 58.28, DistUp, 7.13
, DistFront, 57.82, DistDow, 58.64, DistUp, 7.13
, DistFront, 57.67, DistDow, 58.13, DistUp, 7.13
, DistFront, 57.60, DistDow, 57.98, DistUp, 60.82
, DistFront, 43.61, DistDow, 58.04, DistUp, 7.02
, DistFront, 57.57, DistDow, 58.78, DistUp, 61.21
, DistFront, 43.38, DistDow, 57.93, DistUp, 60.75
, DistFront, 57.40, DistDow, 58.20, DistUp, 61.45
, DistFront, 57.47, DistDow, 58.16, DistUp, 61.02
, DistFront, 57.41, DistDow, 58.23, DistUp, 60.68
, DistFront, 57.82, DistDow, 58.18, DistUp, 61.05
, DistFront, 57.26, DistDow, 58.06, DistUp, 60.49
, DistFront, 43.62, DistDow, 57.69, DistUp, 7.04
, DistFrontMean, 57.81, DistDowMean, 58.18, DistUpMean, 7.13
, DistFront, 57.24, DistDow, 58.04, DistUp, 60.92
, DistFront, 43.32, DistDow, 7.64, DistUp, 43.98
, DistFront, 43.45, DistDow, 7.76, DistUp, 44.49
, DistFront, 43.74, DistDow, 57.76, DistUp, 61.89
, DistFront, 43.28, DistDow, 57.62, DistUp, 62.21
, DistFront, 57.38, DistDow, 57.64, DistUp, 7.04
, DistFront, 43.78, DistDow, 57.76, DistUp, 61.82
, DistFront, 43.42, DistDow, 58.20, DistUp, 7.16
, DistFront, 43.98, DistDow, 57.77, DistUp, 7.13
, DistFront, 57.33, DistDow, 57.81, DistUp, 61.09
, DistFront, 44.06, DistDow, 58.11, DistUp, 62.21
, DistFront, 43.74, DistDow, 58.64, DistUp, 62.33
, DistFront, 44.06, DistDow, 58.54, DistUp, 61.38
, DistFront, 43.62, DistDow, 58.54, DistUp, 60.92
, DistFront, 57.82, DistDow, 57.81, DistUp, 7.13
, DistFront, 57.82, DistDow, 57.81, DistUp, 7.13
, DistFront, 57.38, DistDow, 57.77, DistUp, 7.13
, DistFront, 57.70, DistDow, 57.81, DistUp, 61.04
, DistFront, 43.67, DistDow, 58.52, DistUp, 60.49
, DistFront, 57.41, DistDow, 57.77, DistUp, 7.02
, DistFrontMean, 57.40, DistDowMean, 58.23, DistUpMean, 7.13
, DistFront, 57.28, DistDow, 57.67, DistUp, 7.02
, DistFront, 44.20, DistDow, 7.67, DistUp, 43.98
, DistFront, 43.88, DistDow, 8.23, DistUp, 43.62
, DistFront, 44.52, DistDow, 57.77, DistUp, 7.13
, DistFront, 44.52, DistDow, 57.64, DistUp, 61.77
, DistFront, 57.35, DistDow, 58.16, DistUp, 60.95
, DistFront, 43.78, DistDow, 58.13, DistUp, 61.09
, DistFront, 57.26, DistDow, 57.74, DistUp, 61.34
, DistFront, 43.67, DistDow, 57.62, DistUp, 61.38
, DistFront, 57.38, DistDow, 57.74, DistUp, 7.13
, DistFront, 57.38, DistDow, 58.13, DistUp, 62.33
, DistFront, 43.61, DistDow, 57.74, DistUp, 61.82
, DistFront, 57.77, DistDow, 58.54, DistUp, 61.38
, DistFront, 57.77, DistDow, 58.16, DistUp, 7.16
, DistFront, 44.47, DistDow, 57.69, DistUp, 7.13
, DistFront, 57.26, DistDow, 57.62, DistUp, 61.84
, DistFront, 57.38, DistDow, 58.20, DistUp, 7.13
, DistFront, 57.45, DistDow, 57.81, DistUp, 7.13
, DistFront, 43.52, DistDow, 57.81, DistUp, 7.16
, DistFront, 57.33, DistDow, 57.69, DistUp, 61.04
, DistFrontMean, 57.47, DistDowMean, 58.23, DistUpMean, 61.99
, DistFront, 57.45, DistDow, 57.74, DistUp, 7.02
, DistFront, 44.81, DistDow, 7.35, DistUp, 44.18
, DistFront, 43.76, DistDow, 57.84, DistUp, 61.63
, DistFront, 43.91, DistDow, 8.52, DistUp, 43.23
, DistFront, 57.98, DistDow, 57.87, DistUp, 7.13
, DistFront, 43.96, DistDow, 8.62, DistUp, 7.16
, DistFront, 57.48, DistDow, 57.81, DistUp, 61.21
, DistFront, 57.60, DistDow, 57.96, DistUp, 61.24
, DistFront, 57.62, DistDow, 58.40, DistUp, 61.80
, DistFront, 57.98, DistDow, 57.89, DistUp, 62.96
, DistFront, 58.10, DistDow, 58.03, DistUp, 62.67
, DistFront, 57.67, DistDow, 58.03, DistUp, 7.13
, DistFront, 58.03, DistDow, 58.03, DistUp, 61.73
, DistFront, 57.70, DistDow, 57.91, DistUp, 62.16
, DistFront, 57.69, DistDow, 58.47, DistUp, 61.41
, DistFront, 57.60, DistDow, 58.03, DistUp, 7.16
, DistFront, 57.99, DistDow, 57.91, DistUp, 62.98
, DistFront, 57.67, DistDow, 58.03, DistUp, 62.62
, DistFront, 57.55, DistDow, 58.33, DistUp, 62.52
, DistFront, 57.62, DistDow, 58.45, DistUp, 61.67
, DistFrontMean, 57.53, DistDowMean, 58.42, DistUpMean, 7.16
, DistFront, 57.64, DistDow, 57.87, DistUp, 62.09
, DistFront, 57.64, DistDow, 57.99, DistUp, 62.57
, DistFront, 57.52, DistDow, 57.89, DistUp, 61.24
, DistFront, 44.03, DistDow, 57.99, DistUp, 7.04
, DistFront, 44.85, DistDow, 57.99, DistUp, 7.16
, DistFront, 57.62, DistDow, 58.38, DistUp, 61.70
, DistFront, 57.52, DistDow, 58.28, DistUp, 61.24
, DistFront, 57.62, DistDow, 57.84, DistUp, 62.48
, DistFront, 57.67, DistDow, 57.96, DistUp, 62.62
, DistFront, 57.55, DistDow, 57.87, DistUp, 62.13
, DistFront, 43.52, DistDow, 58.45, DistUp, 62.98
, DistFront, 44.27, DistDow, 58.42, DistUp, 62.13
, DistFront, 44.35, DistDow, 57.93, DistUp, 63.42
, DistFront, 43.67, DistDow, 58.45, DistUp, 62.26
, DistFront, 58.13, DistDow, 57.96, DistUp, 63.45
, DistFront, 57.74, DistDow, 58.04, DistUp, 61.45
, DistFront, 57.62, DistDow, 57.93, DistUp, 61.77
, DistFront, 44.54, DistDow, 58.52, DistUp, 60.92
, DistFront, 44.52, DistDow, 58.10, DistUp, 61.89
, DistFront, 44.47, DistDow, 57.99, DistUp, 60.97
, DistFrontMean, 58.23, DistDowMean, 58.13, DistUpMean, 61.92
, DistFront, 57.82, DistDow, 58.13, DistUp, 62.69
, DistFront, 57.74, DistDow, 58.16, DistUp, 61.97
, DistFront, 57.47, DistDow, 58.10, DistUp, 61.89
, DistFront, 57.89, DistDow, 57.81, DistUp, 7.16
, DistFront, 57.76, DistDow, 58.64, DistUp, 7.13
, DistFront, 57.89, DistDow, 58.13, DistUp, 62.40
, DistFront, 57.93, DistDow, 58.25, DistUp, 62.48
, DistFront, 57.81, DistDow, 58.59, DistUp, 61.56
, DistFront, 57.96, DistDow, 58.28, DistUp, 62.13
, DistFront, 58.32, DistDow, 58.64, DistUp, 62.91
, DistFront, 57.99, DistDow, 58.33, DistUp, 62.67
, DistFront, 57.96, DistDow, 58.27, DistUp, 62.55
, DistFront, 58.49, DistDow, 58.38, DistUp, 62.64
, DistFront, 58.10, DistDow, 58.32, DistUp, 62.55
, DistFront, 58.54, DistDow, 58.84, DistUp, 63.83
, DistFront, 58.11, DistDow, 58.04, DistUp, 61.73
, DistFront, 58.03, DistDow, 58.45, DistUp, 7.16
, DistFront, 58.16, DistDow, 58.40, DistUp, 7.04
, DistFront, 58.18, DistDow, 58.49, DistUp, 63.18
, DistFront, 58.52, DistDow, 58.84, DistUp, 61.84
, DistFrontMean, 58.20, DistDowMean, 58.54, DistUpMean, 62.77
, DistFront, 58.64, DistDow, 59.00, DistUp, 7.04
, DistFront, 58.25, DistDow, 59.00, DistUp, 62.38
, DistFront, 57.89, DistDow, 58.49, DistUp, 61.89
, DistFront, 44.71, DistDow, 59.47, DistUp, 7.16
, DistFront, 58.28, DistDow, 58.96, DistUp, 63.18
, DistFront, 44.06, DistDow, 58.67, DistUp, 7.13
, DistFront, 58.20, DistDow, 58.55, DistUp, 7.04
, DistFront, 58.32, DistDow, 58.64, DistUp, 62.48
, DistFront, 45.05, DistDow, 58.98, DistUp, 61.97
, DistFront, 58.76, DistDow, 58.71, DistUp, 62.09
, DistFront, 44.23, DistDow, 58.61, DistUp, 61.99
, DistFront, 58.38, DistDow, 58.71, DistUp, 7.16
, DistFront, 58.25, DistDow, 58.59, DistUp, 61.97
, DistFront, 58.35, DistDow, 59.13, DistUp, 7.13
, DistFront, 45.03, DistDow, 58.61, DistUp, 62.38
, DistFront, 58.35, DistDow, 59.13, DistUp, 7.16
, DistFront, 58.27, DistDow, 58.59, DistUp, 61.97
, DistFront, 58.38, DistDow, 58.69, DistUp, 62.91
, DistFront, 58.27, DistDow, 58.59, DistUp, 62.82
, DistFront, 58.35, DistDow, 58.69, DistUp, 7.13
, DistFrontMean, 58.25, DistDowMean, 58.98, DistUpMean, 62.40
, DistFront, 58.25, DistDow, 59.10, DistUp, 7.16
, DistFront, 58.33, DistDow, 58.55, DistUp, 61.97
, DistFront, 44.39, DistDow, 59.12, DistUp, 62.40
, DistFront, 58.32, DistDow, 58.64, DistUp, 62.48
, DistFront, 58.20, DistDow, 58.54, DistUp, 62.40
, DistFront, 58.33, DistDow, 58.64, DistUp, 63.33
, DistFront, 58.33, DistDow, 58.54, DistUp, 62.77
, DistFront, 58.33, DistDow, 58.64, DistUp, 62.89
, DistFront, 58.32, DistDow, 58.64, DistUp, 62.77
, DistFront, 58.23, DistDow, 58.54, DistUp, 62.77
, DistFront, 58.33, DistDow, 58.67, DistUp, 62.48
, DistFront, 58.33, DistDow, 58.54, DistUp, 62.77
, DistFront, 44.18, DistDow, 59.52, DistUp, 7.16
, DistFront, 58.33, DistDow, 58.55, DistUp, 61.92
, DistFront, 44.23, DistDow, 58.67, DistUp, 62.41
, DistFront, 58.71, DistDow, 58.64, DistUp, 7.13
, DistFront, 58.25, DistDow, 59.03, DistUp, 62.84
, DistFront, 44.54, DistDow, 58.49, DistUp, 63.16
, DistFront, 58.13, DistDow, 58.47, DistUp, 7.16
, DistFront, 58.20, DistDow, 59.00, DistUp, 7.02
, DistFrontMean, 58.23, DistDowMean, 58.55, DistUpMean, 7.16
, DistFront, 58.64, DistDow, 58.45, DistUp, 7.04
, DistFront, 45.10, DistDow, 58.98, DistUp, 7.13
, DistFront, 44.56, DistDow, 8.52, DistUp, 43.96
, DistFront, 58.16, DistDow, 58.52, DistUp, 62.24
, DistFront, 58.04, DistDow, 58.42, DistUp, 7.04
, DistFront, 44.39, DistDow, 58.52, DistUp, 7.04
, DistFront, 44.52, DistDow, 58.89, DistUp, 61.82
, DistFront, 44.40, DistDow, 58.78, DistUp, 61.73
, DistFront, 58.11, DistDow, 58.49, DistUp, 7.13
, DistFront, 58.03, DistDow, 58.38, DistUp, 7.16
, DistFront, 44.32, DistDow, 58.38, DistUp, 7.04
, DistFront, 45.26, DistDow, 58.88, DistUp, 7.13
, DistFront, 57.96, DistDow, 58.33, DistUp, 7.02
, DistFront, 44.27, DistDow, 59.17, DistUp, 7.02
, DistFront, 44.34, DistDow, 58.81, DistUp, 7.13
, DistFront, 44.27, DistDow, 58.69, DistUp, 7.09
, DistFront, 44.61, DistDow, 59.10, DistUp, 61.92
, DistFront, 44.32, DistDow, 58.33, DistUp, 7.16
, DistFront, 44.12, DistDow, 58.59, DistUp, 62.33
, DistFront, 44.23, DistDow, 58.32, DistUp, 7.16
, DistFrontMean, 57.82, DistDowMean, 58.18, DistUpMean, 7.16
, DistFront, 58.28, DistDow, 58.69, DistUp, 7.16
, DistFront, 44.52, DistDow, 58.23, DistUp, 7.16
, DistFront, 44.18, DistDow, 58.54, DistUp, 7.04
, DistFront, 43.76, DistDow, 58.23, DistUp, 7.02
, DistFront, 43.76, DistDow, 59.03, DistUp, 7.13
, DistFront, 43.96, DistDow, 58.18, DistUp, 61.41
, DistFront, 43.61, DistDow, 58.10, DistUp, 7.04
, DistFront, 44.12, DistDow, 58.55, DistUp, 7.13
, DistFront, 43.74, DistDow, 58.54, DistUp, 7.16
, DistFront, 43.55, DistDow, 58.11, DistUp, 7.13
, DistFront, 43.96, DistDow, 58.83, DistUp, 7.04
, DistFront, 43.67, DistDow, 58.49, DistUp, 7.16
, DistFront, 43.62, DistDow, 58.49, DistUp, 7.13
, DistFront, 43.91, DistDow, 58.42, DistUp, 7.13
, DistFront, 44.32, DistDow, 58.33, DistUp, 7.04
, DistFront, 43.28, DistDow, 58.38, DistUp, 7.13
, DistFront, 43.38, DistDow, 57.82, DistUp, 7.04
, DistFront, 43.38, DistDow, 58.18, DistUp, 61.53
, DistFront, 57.53, DistDow, 57.89, DistUp, 7.13
, DistFront, 57.48, DistDow, 58.71, DistUp, 7.16
, DistFrontMean, 57.81, DistDowMean, 58.59, DistUpMean, 61.48
, DistFront, 57.45, DistDow, 57.84, DistUp, 7.13
, DistFront, 44.13, DistDow, 58.25, DistUp, 7.13
, DistFront, 57.33, DistDow, 57.69, DistUp, 7.04
, DistFront, 57.45, DistDow, 57.69, DistUp, 61.89
, DistFront, 43.83, DistDow, 58.18, DistUp, 61.60
, DistFront, 43.35, DistDow, 58.13, DistUp, 62.33
, DistFront, 57.48, DistDow, 58.69, DistUp, 7.13
, DistFront, 43.33, DistDow, 58.69, DistUp, 7.16
, DistFront, 43.83, DistDow, 57.81, DistUp, 7.02
, DistFront, 57.53, DistDow, 57.91, DistUp, 7.02
, DistFront, 57.55, DistDow, 58.32, DistUp, 62.96
, DistFront, 44.25, DistDow, 58.69, DistUp, 62.02
, DistFront, 44.81, DistDow, 57.98, DistUp, 7.13
, DistFront, 43.91, DistDow, 57.98, DistUp, 7.16
, DistFront, 44.35, DistDow, 57.91, DistUp, 7.02
, DistFront, 57.69, DistDow, 58.88, DistUp, 62.21
, DistFront, 43.89, DistDow, 58.06, DistUp, 7.16
, DistFront, 58.04, DistDow, 58.42, DistUp, 7.02
, DistFront, 57.76, DistDow, 57.99, DistUp, 7.04
, DistFront, 44.12, DistDow, 58.13, DistUp, 62.31
, DistFrontMean, 57.69, DistDowMean, 58.03, DistUpMean, 62.67
, DistFront, 57.69, DistDow, 58.59, DistUp, 7.13
, DistFront, 44.17, DistDow, 8.11, DistUp, 43.96
, DistFront, 43.88, DistDow, 58.59, DistUp, 62.35
, DistFront, 43.76, DistDow, 58.52, DistUp, 62.31
, DistFront, 43.88, DistDow, 58.23, DistUp, 7.13
, DistFront, 43.89, DistDow, 58.64, DistUp, 62.45
, DistFront, 57.93, DistDow, 58.13, DistUp, 62.77
, DistFront, 45.05, DistDow, 58.69, DistUp, 7.13
, DistFront, 58.27, DistDow, 58.18, DistUp, 7.04
, DistFront, 57.98, DistDow, 58.74, DistUp, 62.41
, DistFront, 57.91, DistDow, 58.25, DistUp, 62.47
, DistFront, 58.03, DistDow, 58.38, DistUp, 64.30
, DistFront, 44.40, DistDow, 58.32, DistUp, 62.11
, DistFront, 58.11, DistDow, 58.42, DistUp, 61.82
, DistFront, 57.99, DistDow, 58.81, DistUp, 62.55
, DistFront, 58.18, DistDow, 58.49, DistUp, 63.96
, DistFront, 44.05, DistDow, 58.42, DistUp, 7.02
, DistFront, 57.82, DistDow, 58.54, DistUp, 62.77
, DistFront, 58.11, DistDow, 58.88, DistUp, 62.26
, DistFront, 58.23, DistDow, 59.00, DistUp, 63.23
, DistFrontMean, 58.27, DistDowMean, 58.61, DistUpMean, 62.41
, DistFront, 58.69, DistDow, 58.49, DistUp, 62.33
, DistFront, 44.13, DistDow, 59.06, DistUp, 7.13
, DistFront, 58.62, DistDow, 58.95, DistUp, 62.77
, DistFront, 44.32, DistDow, 58.64, DistUp, 61.63
, DistFront, 58.32, DistDow, 58.64, DistUp, 63.25
, DistFront, 58.20, DistDow, 59.00, DistUp, 62.82
, DistFront, 44.34, DistDow, 58.69, DistUp, 61.68
, DistFront, 58.27, DistDow, 58.61, DistUp, 62.82
, DistFront, 44.39, DistDow, 59.56, DistUp, 63.27
, DistFront, 58.38, DistDow, 58.69, DistUp, 62.53
, DistFront, 58.38, DistDow, 58.61, DistUp, 62.89
, DistFront, 58.32, DistDow, 59.05, DistUp, 62.87
, DistFront, 58.42, DistDow, 59.13, DistUp, 62.47
, DistFront, 58.42, DistDow, 58.76, DistUp, 7.16
, DistFront, 58.32, DistDow, 59.52, DistUp, 62.91
, DistFront, 58.47, DistDow, 58.78, DistUp, 63.47
, DistFront, 58.47, DistDow, 58.81, DistUp, 63.06
, DistFront, 58.40, DistDow, 58.71, DistUp, 63.40
, DistFront, 44.46, DistDow, 58.89, DistUp, 63.40
, DistFront, 45.26, DistDow, 58.89, DistUp, 63.11
, DistFrontMean, 58.45, DistDowMean, 58.78, DistUpMean, 7.04
, DistFront, 58.96, DistDow, 59.32, DistUp, 62.99
, DistFront, 58.54, DistDow, 58.91, DistUp, 62.62
, DistFront, 45.73, DistDow, 58.83, DistUp, 7.04
, DistFront, 45.02, DistDow, 58.95, DistUp, 63.55
, DistFront, 44.91, DistDow, 59.69, DistUp, 62.21
, DistFront, 58.49, DistDow, 58.84, DistUp, 62.21
, DistFront, 58.61, DistDow, 58.95, DistUp, 62.76
, DistFront, 58.64, DistDow, 58.88, DistUp, 62.64
, DistFront, 58.52, DistDow, 58.84, DistUp, 63.06
, DistFront, 58.62, DistDow, 59.81, DistUp, 7.13
, DistFront, 59.06, DistDow, 58.96, DistUp, 62.67
, DistFront, 58.98, DistDow, 59.30, DistUp, 61.89
, DistFront, 58.67, DistDow, 59.40, DistUp, 62.84
, DistFront, 58.67, DistDow, 59.00, DistUp, 62.74
, DistFront, 58.55, DistDow, 58.89, DistUp, 63.55
, DistFront, 45.37, DistDow, 59.40, DistUp, 7.13
, DistFront, 58.67, DistDow, 59.00, DistUp, 63.18
, DistFront, 58.55, DistDow, 58.91, DistUp, 62.33
, DistFront, 45.24, DistDow, 59.34, DistUp, 63.18
, DistFront, 58.69, DistDow, 59.46, DistUp, 63.28
, DistFrontMean, 58.69, DistDowMean, 59.03, DistUpMean, 62.87
, DistFront, 58.61, DistDow, 59.34, DistUp, 62.76
, DistFront, 58.61, DistDow, 59.34, DistUp, 62.76
, DistFront, 58.32, DistDow, 59.05, DistUp, 62.87
, DistFront, 58.32, DistDow, 58.95, DistUp, 7.04
, DistFront, 58.71, DistDow, 59.46, DistUp, 7.13
, DistFront, 58.28, DistDow, 59.34, DistUp, 63.13
, DistFront, 58.55, DistDow, 58.89, DistUp, 63.59
, DistFront, 44.63, DistDow, 59.88, DistUp, 7.13
, DistFront, 58.67, DistDow, 59.00, DistUp, 7.04
, DistFront, 45.07, DistDow, 8.62, DistUp, 44.71
, DistFront, 58.67, DistDow, 59.00, DistUp, 63.23
, DistFront, 58.67, DistDow, 58.89, DistUp, 63.52
, DistFront, 58.59, DistDow, 58.91, DistUp, 62.67
, DistFront, 58.27, DistDow, 59.00, DistUp, 7.13
, DistFront, 44.47, DistDow, 58.89, DistUp, 62.67
, DistFront, 44.63, DistDow, 59.00, DistUp, 62.67
, DistFront, 58.62, DistDow, 59.81, DistUp, 62.31
, DistFront, 44.46, DistDow, 59.71, DistUp, 62.62
, DistFront, 58.52, DistDow, 58.84, DistUp, 63.03
, DistFront, 59.03, DistDow, 59.35, DistUp, 62.18
, DistFrontMean, 58.61, DistDowMean, 58.95, DistUpMean, 7.16
, DistFront, 58.89, DistDow, 59.23, DistUp, 62.18
, DistFront, 58.96, DistDow, 58.91, DistUp, 61.84
, DistFront, 58.52, DistDow, 59.30, DistUp, 7.02
, DistFront, 45.32, DistDow, 58.88, DistUp, 6.73
, DistFront, 58.89, DistDow, 58.74, DistUp, 7.02
, DistFront, 58.45, DistDow, 59.63, DistUp, 7.13
, DistFront, 44.74, DistDow, 59.06, DistUp, 63.28
, DistFront, 58.40, DistDow, 58.71, DistUp, 7.16
, DistFront, 58.35, DistDow, 58.59, DistUp, 7.04
, DistFront, 58.33, DistDow, 58.71, DistUp, 7.16
, DistFront, 44.91, DistDow, 58.69, DistUp, 7.13
, DistFront, 44.97, DistDow, 58.62, DistUp, 61.90
, DistFront, 44.46, DistDow, 59.10, DistUp, 7.13
, DistFront, 58.33, DistDow, 59.52, DistUp, 62.31
, DistFront, 45.37, DistDow, 59.40, DistUp, 63.59
, DistFront, 58.62, DistDow, 58.64, DistUp, 7.13
, DistFront, 44.52, DistDow, 58.55, DistUp, 7.04
, DistFront, 44.61, DistDow, 59.10, DistUp, 7.13
, DistFront, 58.16, DistDow, 58.54, DistUp, 7.16
, DistFront, 44.46, DistDow, 58.54, DistUp, 62.26
, DistFrontMean, 58.13, DistDowMean, 58.64, DistUpMean, 62.26
, DistFront, 58.25, DistDow, 59.03, DistUp, 7.13
, DistFront, 58.59, DistDow, 58.49, DistUp, 62.24
, DistFront, 58.67, DistDow, 58.59, DistUp, 62.35
, DistFront, 58.23, DistDow, 58.54, DistUp, 63.06
, DistFront, 58.13, DistDow, 58.45, DistUp, 62.21
, DistFront, 58.23, DistDow, 58.55, DistUp, 62.33
, DistFront, 58.23, DistDow, 58.42, DistUp, 63.06
, DistFront, 44.35, DistDow, 59.00, DistUp, 62.21
, DistFront, 58.23, DistDow, 58.54, DistUp, 62.67
, DistFront, 58.13, DistDow, 58.49, DistUp, 61.82
, DistFront, 58.67, DistDow, 59.00, DistUp, 62.77
, DistFront, 58.27, DistDow, 58.10, DistUp, 62.26
, DistFront, 45.05, DistDow, 58.64, DistUp, 61.97
, DistFront, 58.74, DistDow, 58.64, DistUp, 61.89
, DistFront, 58.23, DistDow, 58.64, DistUp, 7.13
, DistFront, 58.33, DistDow, 58.55, DistUp, 61.92
, DistFront, 58.20, DistDow, 58.61, DistUp, 7.16
, DistFront, 58.35, DistDow, 58.69, DistUp, 7.02
, DistFront, 58.38, DistDow, 58.69, DistUp, 7.13
, DistFront, 44.61, DistDow, 59.46, DistUp, 61.97
, DistFrontMean, 58.35, DistDowMean, 58.69, DistUpMean, 62.48
, DistFront, 58.33, DistDow, 59.13, DistUp, 62.47
, DistFront, 58.25, DistDow, 58.61, DistUp, 62.38
, DistFront, 45.07, DistDow, 59.17, DistUp, 61.50
, DistFront, 58.38, DistDow, 59.17, DistUp, 7.16
, DistFront, 58.67, DistDow, 58.69, DistUp, 7.13
, DistFront, 45.07, DistDow, 59.54, DistUp, 7.13
, DistFront, 45.05, DistDow, 58.69, DistUp, 7.16
, DistFront, 58.23, DistDow, 59.00, DistUp, 7.04
, DistFront, 58.33, DistDow, 58.64, DistUp, 7.13
, DistFront, 57.82, DistDow, 58.54, DistUp, 7.13
, DistFront, 44.17, DistDow, 58.96, DistUp, 62.33
, DistFront, 57.82, DistDow, 58.64, DistUp, 7.13
, DistFront, 58.33, DistDow, 58.55, DistUp, 7.04
, DistFront, 58.33, DistDow, 59.10, DistUp, 62.93
, DistFront, 58.78, DistDow, 58.71, DistUp, 7.04
, DistFront, 45.19, DistDow, 7.77, DistUp, 7.13
, DistFront, 58.42, DistDow, 58.62, DistUp, 62.93
, DistFront, 58.06, DistDow, 59.20, DistUp, 63.06
, DistFront, 58.49, DistDow, 58.81, DistUp, 63.45
, DistFront, 58.52, DistDow, 58.74, DistUp, 62.62
, DistFrontMean, 58.45, DistDowMean, 59.61, DistUpMean, 63.47
, DistFront, 58.45, DistDow, 59.18, DistUp, 63.06
, DistFront, 45.41, DistDow, 8.06, DistUp, 45.17
, DistFront, 59.03, DistDow, 58.96, DistUp, 63.13
, DistFront, 58.62, DistDow, 58.96, DistUp, 63.69
, DistFront, 58.64, DistDow, 59.00, DistUp, 64.13
, DistFront, 45.07, DistDow, 8.23, DistUp, 7.13
, DistFront, 58.78, DistDow, 59.12, DistUp, 64.12
, DistFront, 59.23, DistDow, 59.52, DistUp, 63.74
, DistFront, 58.71, DistDow, 59.05, DistUp, 63.32
, DistFront, 58.78, DistDow, 59.52, DistUp, 63.33
, DistFront, 44.71, DistDow, 60.07, DistUp, 62.93
, DistFront, 58.95, DistDow, 59.68, DistUp, 7.13
, DistFront, 58.91, DistDow, 59.27, DistUp, 62.98
, DistFront, 59.25, DistDow, 59.61, DistUp, 7.02
, DistFront, 58.96, DistDow, 60.17, DistUp, 7.13
, DistFront, 45.66, DistDow, 59.32, DistUp, 63.54
, DistFront, 58.88, DistDow, 59.20, DistUp, 63.42
, DistFront, 44.81, DistDow, 59.27, DistUp, 7.04
, DistFront, 59.00, DistDow, 59.76, DistUp, 63.52
, DistFront, 58.62, DistDow, 59.76, DistUp, 62.69
, DistFrontMean, 58.89, DistDowMean, 59.27, DistUpMean, 7.02
, DistFront, 58.89, DistDow, 59.35, DistUp, 7.13
, DistFront, 44.91, DistDow, 59.35, DistUp, 7.13
, DistFront, 59.32, DistDow, 59.66, DistUp, 7.04
, DistFront, 45.77, DistDow, 59.76, DistUp, 7.13
, DistFront, 58.84, DistDow, 59.20, DistUp, 7.02
, DistFront, 58.98, DistDow, 59.69, DistUp, 63.10
, DistFront, 44.91, DistDow, 59.30, DistUp, 62.62
, DistFront, 58.91, DistDow, 59.66, DistUp, 63.47
, DistFront, 58.78, DistDow, 59.54, DistUp, 63.78
, DistFront, 58.76, DistDow, 59.12, DistUp, 63.32
, DistFront, 58.71, DistDow, 59.05, DistUp, 62.47
, DistFront, 58.83, DistDow, 59.17, DistUp, 7.13
, DistFront, 58.78, DistDow, 59.52, DistUp, 63.38
, DistFront, 58.74, DistDow, 59.35, DistUp, 64.47
, DistFront, 59.00, DistDow, 58.89, DistUp, 62.77
, DistFront, 58.67, DistDow, 59.00, DistUp, 63.18
, DistFront, 58.62, DistDow, 58.96, DistUp, 62.41
, DistFront, 58.62, DistDow, 59.35, DistUp, 63.55
, DistFront, 58.52, DistDow, 59.66, DistUp, 63.54
, DistFront, 58.49, DistDow, 58.78, DistUp, 63.52
, DistFrontMean, 58.59, DistDowMean, 59.32, DistUpMean, 63.49
, DistFront, 58.98, DistDow, 58.88, DistUp, 62.77
, DistFront, 58.55, DistDow, 58.89, DistUp, 63.16
, DistFront, 44.46, DistDow, 58.78, DistUp, 62.19
, DistFront, 44.52, DistDow, 58.88, DistUp, 62.62
, DistFront, 58.55, DistDow, 58.84, DistUp, 64.39
, DistFront, 58.52, DistDow, 58.88, DistUp, 63.88
, DistFront, 58.40, DistDow, 58.76, DistUp, 64.30
, DistFront, 58.42, DistDow, 58.74, DistUp, 64.27
, DistFront, 44.47, DistDow, 8.55, DistUp, 44.68
, DistFront, 58.52, DistDow, 59.25, DistUp, 65.97
, DistFront, 58.54, DistDow, 59.25, DistUp, 63.91
, DistFront, 58.91, DistDow, 58.81, DistUp, 62.98
, DistFront, 58.83, DistDow, 59.13, DistUp, 62.57
, DistFront, 58.54, DistDow, 59.25, DistUp, 7.13
, DistFront, 58.54, DistDow, 58.74, DistUp, 62.99
, DistFront, 58.42, DistDow, 58.74, DistUp, 63.03
, DistFront, 58.52, DistDow, 59.71, DistUp, 63.03
, DistFront, 44.91, DistDow, 58.88, DistUp, 63.13
, DistFront, 58.54, DistDow, 58.74, DistUp, 7.04
, DistFront, 58.54, DistDow, 58.84, DistUp, 63.06
, DistFrontMean, 58.52, DistDowMean, 58.84, DistUpMean, 63.06
, DistFront, 58.49, DistDow, 58.74, DistUp, 7.04
, DistFront, 58.52, DistDow, 58.74, DistUp, 63.35
, DistFront, 44.81, DistDow, 58.74, DistUp, 62.09
, DistFront, 58.47, DistDow, 58.81, DistUp, 7.13
, DistFront, 58.32, DistDow, 58.64, DistUp, 7.06
, DistFront, 58.42, DistDow, 58.76, DistUp, 62.13
, DistFront, 58.71, DistDow, 58.61, DistUp, 61.56
, DistFront, 58.38, DistDow, 58.71, DistUp, 62.09
, DistFront, 44.68, DistDow, 58.69, DistUp, 62.84
, DistFront, 44.23, DistDow, 58.98, DistUp, 63.23
, DistFront, 58.32, DistDow, 59.06, DistUp, 62.89
, DistFront, 44.98, DistDow, 59.06, DistUp, 61.89
, DistFront, 58.59, DistDow, 58.49, DistUp, 7.13
, DistFront, 44.52, DistDow, 58.89, DistUp, 63.10
, DistFront, 44.32, DistDow, 58.84, DistUp, 61.77
, DistFront, 44.12, DistDow, 58.55, DistUp, 61.85
, DistFront, 44.00, DistDow, 58.45, DistUp, 7.04
, DistFront, 44.05, DistDow, 59.39, DistUp, 7.13
, DistFront, 43.98, DistDow, 58.95, DistUp, 62.16
, DistFront, 58.23, DistDow, 58.98, DistUp, 62.70
, DistFrontMean, 58.10, DistDowMean, 58.49, DistUpMean, 62.21
, DistFront, 58.54, DistDow, 58.49, DistUp, 62.64
, DistFront, 58.25, DistDow, 58.61, DistUp, 63.20
, DistFront, 58.28, DistDow, 58.49, DistUp, 62.70
, DistFront, 58.23, DistDow, 58.55, DistUp, 7.13
, DistFront, 58.38, DistDow, 58.71, DistUp, 61.97
, DistFront, 58.71, DistDow, 59.03, DistUp, 62.41
, DistFront, 58.42, DistDow, 58.74, DistUp, 62.57
, DistFront, 58.84, DistDow, 58.81, DistUp, 62.60
, DistFront, 58.40, DistDow, 59.13, DistUp, 62.48
, DistFront, 44.83, DistDow, 59.32, DistUp, 62.53
, DistFront, 45.32, DistDow, 58.95, DistUp, 7.16
, DistFront, 44.81, DistDow, 58.84, DistUp, 7.04
, DistFront, 58.62, DistDow, 59.81, DistUp, 62.26
, DistFront, 45.32, DistDow, 58.89, DistUp, 63.03
, DistFront, 58.98, DistDow, 59.76, DistUp, 63.03
, DistFront, 44.76, DistDow, 58.95, DistUp, 62.21
, DistFront, 59.12, DistDow, 59.05, DistUp, 62.33
, DistFront, 58.74, DistDow, 59.91, DistUp, 63.16
, DistFront, 58.71, DistDow, 59.91, DistUp, 62.24
, DistFront, 58.62, DistDow, 59.35, DistUp, 63.06
, DistFrontMean, 58.59, DistDowMean, 59.35, DistUpMean, 62.67
, DistFront, 58.61, DistDow, 59.05, DistUp, 63.06
, DistFront, 45.53, DistDow, 59.06, DistUp, 7.13
, DistFront, 44.56, DistDow, 58.96, DistUp, 7.04
, DistFront, 44.63, DistDow, 59.42, DistUp, 63.18
, DistFront, 58.67, DistDow, 59.42, DistUp, 7.13
, DistFront, 44.42, DistDow, 59.40, DistUp, 7.13
, DistFront, 44.52, DistDow, 59.03, DistUp, 7.04
, DistFront, 58.59, DistDow, 59.00, DistUp, 7.13
, DistFront, 58.67, DistDow, 59.00, DistUp, 7.13
, DistFront, 58.55, DistDow, 59.00, DistUp, 62.67
, DistFront, 44.66, DistDow, 59.46, DistUp, 7.16
, DistFront, 58.98, DistDow, 58.91, DistUp, 7.02
, DistFront, 45.02, DistDow, 59.46, DistUp, 62.31
, DistFront, 59.10, DistDow, 59.42, DistUp, 62.76
, DistFront, 58.52, DistDow, 59.32, DistUp, 63.06
, DistFront, 58.59, DistDow, 59.32, DistUp, 62.69
, DistFront, 58.67, DistDow, 59.00, DistUp, 64.06
, DistFront, 58.74, DistDow, 59.05, DistUp, 63.71
, DistFront, 58.89, DistDow, 60.02, DistUp, 63.03
, DistFront, 58.89, DistDow, 59.61, DistUp, 63.45
, DistFrontMean, 59.25, DistDowMean, 59.17, DistUpMean, 62.87
, DistFront, 59.10, DistDow, 58.98, DistUp, 63.62
, DistFront, 45.02, DistDow, 59.34, DistUp, 7.04
, DistFront, 59.10, DistDow, 59.40, DistUp, 62.77
, DistFront, 58.62, DistDow, 58.96, DistUp, 62.64
, DistFront, 44.81, DistDow, 59.66, DistUp, 62.57
, DistFront, 58.40, DistDow, 59.32, DistUp, 62.09
, DistFront, 58.89, DistDow, 58.81, DistUp, 62.13
, DistFront, 58.27, DistDow, 58.64, DistUp, 62.38
, DistFront, 44.18, DistDow, 58.71, DistUp, 61.56
, DistFront, 44.63, DistDow, 58.64, DistUp, 7.04
, DistFront, 58.23, DistDow, 59.00, DistUp, 61.48
, DistFront, 45.20, DistDow, 58.49, DistUp, 62.57
, DistFront, 43.95, DistDow, 58.74, DistUp, 61.21
, DistFront, 44.76, DistDow, 58.40, DistUp, 7.16
, DistFront, 44.13, DistDow, 58.64, DistUp, 61.09
, DistFront, 44.23, DistDow, 58.28, DistUp, 7.16
, DistFront, 44.20, DistDow, 59.05, DistUp, 7.13
, DistFront, 44.03, DistDow, 58.89, DistUp, 7.04
, DistFront, 43.62, DistDow, 58.49, DistUp, 62.21
, DistFront, 43.47, DistDow, 58.33, DistUp, 61.19
, DistFrontMean, 58.04, DistDowMean, 58.35, DistUpMean, 61.26
, DistFront, 57.99, DistDow, 58.23, DistUp, 7.04
, DistFront, 43.98, DistDow, 58.28, DistUp, 62.47
, DistFront, 43.81, DistDow, 57.70, DistUp, 7.13
, DistFront, 43.71, DistDow, 57.67, DistUp, 7.04
, DistFront, 43.81, DistDow, 58.18, DistUp, 60.95
, DistFront, 43.33, DistDow, 58.55, DistUp, 62.26
, DistFront, 44.03, DistDow, 57.60, DistUp, 7.02
, DistFront, 44.52, DistDow, 57.64, DistUp, 60.83
, DistFront, 57.69, DistDow, 58.04, DistUp, 61.34
, DistFront, 44.71, DistDow, 57.60, DistUp, 7.04
, DistFront, 57.64, DistDow, 57.99, DistUp, 7.13
, DistFront, 57.64, DistDow, 57.55, DistUp, 7.13
, DistFront, 43.88, DistDow, 57.48, DistUp, 7.13
, DistFront, 43.88, DistDow, 57.89, DistUp, 62.02
, DistFront, 44.83, DistDow, 57.60, DistUp, 7.13
, DistFront, 43.83, DistDow, 57.48, DistUp, 7.13
, DistFront, 44.27, DistDow, 57.98, DistUp, 7.02
, DistFront, 44.39, DistDow, 57.60, DistUp, 7.16
, DistFront, 44.18, DistDow, 57.60, DistUp, 7.13
, DistFront, 43.47, DistDow, 58.33, DistUp, 61.62
, DistFrontMean, 57.26, DistDowMean, 58.03, DistUpMean, 7.13
, DistFront, 57.26, DistDow, 57.93, DistUp, 7.04
, DistFront, 43.71, DistDow, 8.62, DistUp, 7.16
, DistFront, 57.69, DistDow, 57.60, DistUp, 7.13
, DistFront, 57.24, DistDow, 58.04, DistUp, 7.13
, DistFront, 44.34, DistDow, 58.04, DistUp, 61.24
, DistFront, 43.98, DistDow, 58.04, DistUp, 62.06
, DistFront, 57.64, DistDow, 57.62, DistUp, 7.13
, DistFront, 57.26, DistDow, 58.03, DistUp, 61.34
, DistFront, 57.60, DistDow, 57.98, DistUp, 60.83
, DistFront, 57.31, DistDow, 57.57, DistUp, 61.70
, DistFront, 57.31, DistDow, 57.67, DistUp, 60.95
, DistFront, 57.67, DistDow, 57.70, DistUp, 61.41
, DistFront, 57.77, DistDow, 58.04, DistUp, 7.04
, DistFront, 57.82, DistDow, 58.18, DistUp, 61.34
, DistFront, 57.84, DistDow, 57.69, DistUp, 61.39
, DistFront, 57.76, DistDow, 57.82, DistUp, 61.05
, DistFront, 57.77, DistDow, 57.76, DistUp, 61.39
, DistFront, 57.52, DistDow, 58.32, DistUp, 61.09
, DistFront, 57.53, DistDow, 58.33, DistUp, 61.50
, DistFront, 57.40, DistDow, 57.82, DistUp, 60.99
, DistFrontMean, 57.55, DistDowMean, 58.40, DistUpMean, 61.56
, DistFront, 57.55, DistDow, 58.27, DistUp, 61.46
, DistFront, 57.57, DistDow, 57.98, DistUp, 61.14
, DistFront, 57.87, DistDow, 57.87, DistUp, 61.04
, DistFront, 57.57, DistDow, 57.87, DistUp, 61.05
, DistFront, 58.03, DistDow, 57.98, DistUp, 61.17
, DistFront, 43.83, DistDow, 57.89, DistUp, 7.13
, DistFront, 44.23, DistDow, 58.28, DistUp, 61.12
, DistFront, 57.99, DistDow, 58.03, DistUp, 7.13
, DistFront, 45.02, DistDow, 58.38, DistUp, 61.11
, DistFront, 44.39, DistDow, 58.40, DistUp, 7.02
, DistFront, 44.76, DistDow, 58.40, DistUp, 60.82
, DistFront, 44.71, DistDow, 57.93, DistUp, 7.04
, DistFront, 44.83, DistDow, 58.04, DistUp, 7.13
, DistFront, 57.69, DistDow, 58.04, DistUp, 7.13
, DistFront, 45.12, DistDow, 58.33, DistUp, 7.04
, DistFront, 44.42, DistDow, 58.11, DistUp, 7.02
, DistFront, 44.88, DistDow, 58.10, DistUp, 62.18
, DistFront, 44.39, DistDow, 58.38, DistUp, 61.68
, DistFront, 57.74, DistDow, 58.10, DistUp, 7.16
, DistFront, 44.35, DistDow, 58.04, DistUp, 7.09
, DistFrontMean, 57.76, DistDowMean, 58.13, DistUpMean, 7.04
, DistFront, 57.67, DistDow, 58.04, DistUp, 7.13
, DistFront, 44.56, DistDow, 58.89, DistUp, 60.90
, DistFront, 57.81, DistDow, 58.18, DistUp, 7.13
, DistFront, 44.56, DistDow, 58.49, DistUp, 61.75
, DistFront, 44.61, DistDow, 59.05, DistUp, 7.13
, DistFront, 44.52, DistDow, 58.54, DistUp, 7.04
, DistFront, 44.97, DistDow, 58.64, DistUp, 7.04
, DistFront, 45.07, DistDow, 58.25, DistUp, 7.13
, DistFront, 45.37, DistDow, 58.11, DistUp, 7.04
, DistFront, 45.07, DistDow, 58.25, DistUp, 7.16
, DistFront, 57.89, DistDow, 58.25, DistUp, 61.53
, DistFront, 57.87, DistDow, 58.13, DistUp, 7.04
, DistFront, 58.28, DistDow, 58.25, DistUp, 7.13
, DistFront, 44.42, DistDow, 58.61, DistUp, 61.89
, DistFront, 57.93, DistDow, 58.25, DistUp, 7.13
, DistFront, 44.23, DistDow, 58.28, DistUp, 7.16
, DistFront, 57.82, DistDow, 58.18, DistUp, 61.09
, DistFront, 44.74, DistDow, 58.32, DistUp, 7.13
, DistFront, 43.74, DistDow, 58.32, DistUp, 62.41
, DistFront, 57.98, DistDow, 58.32, DistUp, 7.02
, DistFrontMean, 57.96, DistDowMean, 58.76, DistUpMean, 62.45
, DistFront, 57.96, DistDow, 58.35, DistUp, 62.45
, DistFront, 57.87, DistDow, 58.64, DistUp, 61.90
, DistFront, 44.83, DistDow, 58.35, DistUp, 62.89
, DistFront, 44.71, DistDow, 58.76, DistUp, 7.04
, DistFront, 57.99, DistDow, 58.35, DistUp, 7.16
, DistFront, 44.68, DistDow, 58.69, DistUp, 7.13
, DistFront, 44.27, DistDow, 58.81, DistUp, 7.02
, DistFront, 58.38, DistDow, 58.81, DistUp, 61.62
, DistFront, 44.20, DistDow, 59.20, DistUp, 7.02
, DistFront, 44.74, DistDow, 58.76, DistUp, 7.16
, DistFront, 57.87, DistDow, 58.25, DistUp, 7.04
, DistFront, 45.12, DistDow, 58.35, DistUp, 7.16
, DistFront, 44.23, DistDow, 58.64, DistUp, 7.13
, DistFront, 44.18, DistDow, 58.27, DistUp, 7.04
, DistFront, 44.32, DistDow, 58.33, DistUp, 6.73
, DistFront, 44.56, DistDow, 58.61, DistUp, 7.13
, DistFront, 44.23, DistDow, 58.33, DistUp, 62.35
, DistFront, 44.25, DistDow, 58.62, DistUp, 7.16
, DistFront, 44.63, DistDow, 58.78, DistUp, 7.02
, DistFront, 44.74, DistDow, 59.20, DistUp, 7.13
, DistFrontMean, 57.99, DistDowMean, 58.28, DistUpMean, 7.02
, DistFront, 57.99, DistDow, 58.40, DistUp, 7.13
, DistFront, 44.35, DistDow, 58.28, DistUp, 7.02
, DistFront, 44.47, DistDow, 58.40, DistUp, 7.13
, DistFront, 57.91, DistDow, 58.40, DistUp, 7.16
, DistFront, 44.39, DistDow, 59.17, DistUp, 7.04
, DistFront, 58.06, DistDow, 58.88, DistUp, 7.16
, DistFront, 44.76, DistDow, 58.33, DistUp, 7.13
, DistFront, 44.88, DistDow, 58.45, DistUp, 7.04
, DistFront, 44.83, DistDow, 58.45, DistUp, 7.16
, DistFront, 44.35, DistDow, 58.76, DistUp, 7.04
, DistFront, 58.13, DistDow, 58.45, DistUp, 62.64
, DistFront, 44.40, DistDow, 58.81, DistUp, 7.02
, DistFront, 45.32, DistDow, 58.89, DistUp, 7.13
, DistFront, 44.40, DistDow, 58.38, DistUp, 7.02
, DistFront, 58.59, DistDow, 58.89, DistUp, 62.24
, DistFront, 44.42, DistDow, 58.81, DistUp, 7.02
, DistFront, 58.11, DistDow, 58.89, DistUp, 62.64
, DistFront, 58.11, DistDow, 58.33, DistUp, 62.09
, DistFront, 44.47, DistDow, 58.45, DistUp, 7.16
, DistFront, 57.96, DistDow, 58.74, DistUp, 7.04
, DistFrontMean, 58.06, DistDowMean, 58.83, DistUpMean, 62.13
, DistFront, 58.45, DistDow, 58.40, DistUp, 7.13
, DistFront, 44.68, DistDow, 58.81, DistUp, 62.41
, DistFront, 45.24, DistDow, 58.76, DistUp, 61.63
, DistFront, 44.68, DistDow, 58.64, DistUp, 7.02
, DistFront, 44.76, DistDow, 58.28, DistUp, 7.16
, DistFront, 57.93, DistDow, 59.12, DistUp, 7.16
, DistFront, 44.59, DistDow, 58.13, DistUp, 7.04
, DistFront, 44.23, DistDow, 58.67, DistUp, 7.13
, DistFront, 43.98, DistDow, 58.20, DistUp, 61.89
, DistFront, 58.18, DistDow, 58.55, DistUp, 7.02
, DistFront, 44.91, DistDow, 58.55, DistUp, 60.53
, DistFront, 43.91, DistDow, 58.40, DistUp, 7.02
, DistFront, 58.04, DistDow, 58.04, DistUp, 7.02
, DistFront, 44.78, DistDow, 57.99, DistUp, 7.13
, DistFront, 57.53, DistDow, 58.35, DistUp, 7.16
, DistFront, 43.71, DistDow, 57.77, DistUp, 7.02
, DistFront, 57.82, DistDow, 57.74, DistUp, 7.04
, DistFront, 57.40, DistDow, 57.81, DistUp, 61.28
, DistFront, 43.04, DistDow, 58.10, DistUp, 60.92
, DistFront, 57.18, DistDow, 58.40, DistUp, 7.04
, DistFrontMean, 57.67, DistDowMean, 58.04, DistUpMean, 7.13
, DistFront, 57.11, DistDow, 57.89, DistUp, 7.04
, DistFront, 57.18, DistDow, 57.84, DistUp, 7.02
, DistFront, 42.98, DistDow, 57.38, DistUp, 7.04
, DistFront, 57.09, DistDow, 57.84, DistUp, 7.04
, DistFront, 43.03, DistDow, 57.84, DistUp, 7.13
, DistFront, 42.98, DistDow, 57.40, DistUp, 7.13
, DistFront, 57.41, DistDow, 57.77, DistUp, 7.13
, DistFront, 42.87, DistDow, 57.31, DistUp, 7.13
, DistFront, 42.76, DistDow, 57.28, DistUp, 7.16
, DistFront, 42.74, DistDow, 57.18, DistUp, 7.13
, DistFront, 42.70, DistDow, 57.57, DistUp, 7.02
, DistFront, 42.67, DistDow, 57.53, DistUp, 7.04
, DistFront, 43.23, DistDow, 57.21, DistUp, 7.02
, DistFront, 42.70, DistDow, 57.60, DistUp, 7.04
, DistFront, 43.13, DistDow, 57.60, DistUp, 7.02
, DistFront, 42.69, DistDow, 57.99, DistUp, 59.98
, DistFront, 43.38, DistDow, 57.53, DistUp, 59.98
, DistFront, 56.63, DistDow, 57.53, DistUp, 60.77
, DistFront, 56.62, DistDow, 57.93, DistUp, 60.34
, DistFront, 42.52, DistDow, 56.97, DistUp, 7.02
, DistFrontMean, 57.11, DistDowMean, 57.48, DistUpMean, 7.04
, DistFront, 56.55, DistDow, 57.48, DistUp, 7.16
, DistFront, 43.47, DistDow, 57.38, DistUp, 60.17
, DistFront, 57.09, DistDow, 57.45, DistUp, 60.27
, DistFront, 43.33, DistDow, 57.45, DistUp, 60.27
, DistFront, 57.06, DistDow, 56.92, DistUp, 7.02
, DistFront, 42.53, DistDow, 57.35, DistUp, 7.04
, DistFront, 43.42, DistDow, 57.04, DistUp, 7.02
, DistFront, 42.64, DistDow, 57.45, DistUp, 7.13
, DistFront, 56.63, DistDow, 57.45, DistUp, 7.13
, DistFront, 42.45, DistDow, 57.04, DistUp, 7.16
, DistFront, 42.87, DistDow, 57.45, DistUp, 7.16
, DistFront, 42.41, DistDow, 56.89, DistUp, 7.13
, DistFront, 56.89, DistDow, 57.69, DistUp, 7.13
, DistFront, 42.28, DistDow, 56.84, DistUp, 7.16
, DistFront, 42.33, DistDow, 57.64, DistUp, 7.04
, DistFront, 42.28, DistDow, 57.19, DistUp, 7.04
, DistFront, 43.06, DistDow, 57.13, DistUp, 59.97
, DistFront, 42.33, DistDow, 56.84, DistUp, 7.02
, DistFront, 42.74, DistDow, 56.77, DistUp, 7.04
, DistFront, 42.28, DistDow, 56.80, DistUp, 7.04
, DistFrontMean, 56.82, DistDowMean, 57.18, DistUpMean, 7.16
, DistFront, 56.34, DistDow, 57.48, DistUp, 7.04
, DistFront, 42.69, DistDow, 57.02, DistUp, 60.31
, DistFront, 56.77, DistDow, 57.04, DistUp, 7.02
, DistFront, 42.21, DistDow, 57.04, DistUp, 60.32
, DistFront, 42.28, DistDow, 57.02, DistUp, 60.73
, DistFront, 56.77, DistDow, 57.13, DistUp, 60.32
, DistFront, 42.28, DistDow, 57.60, DistUp, 61.28
, DistFront, 56.39, DistDow, 57.19, DistUp, 61.28
, DistFront, 56.82, DistDow, 57.18, DistUp, 7.13
, DistFront, 42.64, DistDow, 57.64, DistUp, 60.07
, DistFront, 42.69, DistDow, 56.82, DistUp, 60.10
, DistFront, 42.26, DistDow, 57.21, DistUp, 7.16
, DistFront, 42.31, DistDow, 57.16, DistUp, 60.05
, DistFront, 43.18, DistDow, 57.18, DistUp, 60.90
, DistFront, 43.27, DistDow, 57.74, DistUp, 59.78
, DistFront, 56.53, DistDow, 57.33, DistUp, 7.13
, DistFront, 42.89, DistDow, 57.35, DistUp, 60.20
, DistFront, 43.62, DistDow, 56.97, DistUp, 60.66
, DistFront, 43.20, DistDow, 57.26, DistUp, 61.39
, DistFront, 43.71, DistDow, 57.38, DistUp, 61.53
, DistFrontMean, 56.50, DistDowMean, 56.97, DistUpMean, 60.26
, DistFront, 56.60, DistDow, 57.38, DistUp, 60.61
, DistFront, 57.04, DistDow, 57.82, DistUp, 60.73
, DistFront, 43.27, DistDow, 57.82, DistUp, 60.75
, DistFront, 42.93, DistDow, 57.31, DistUp, 61.46
, DistFront, 43.42, DistDow, 57.84, DistUp, 60.75
, DistFront, 43.35, DistDow, 57.47, DistUp, 7.13
, DistFront, 43.33, DistDow, 57.04, DistUp, 60.31
, DistFront, 42.91, DistDow, 56.92, DistUp, 7.04
, DistFront, 42.52, DistDow, 56.92, DistUp, 7.02
, DistFront, 42.53, DistDow, 57.33, DistUp, 7.04
, DistFront, 43.32, DistDow, 57.81, DistUp, 7.04
, DistFront, 42.98, DistDow, 57.48, DistUp, 7.04
, DistFront, 42.98, DistDow, 57.48, DistUp, 7.13
, DistFront, 43.42, DistDow, 57.48, DistUp, 7.13
, DistFront, 56.68, DistDow, 57.09, DistUp, 7.13
, DistFront, 56.68, DistDow, 57.48, DistUp, 7.16
, DistFront, 43.42, DistDow, 57.52, DistUp, 7.13
, DistFront, 43.20, DistDow, 57.48, DistUp, 7.16
, DistFront, 42.82, DistDow, 57.48, DistUp, 7.16
, DistFront, 42.84, DistDow, 57.38, DistUp, 7.16
, DistFrontMean, 56.67, DistDowMean, 56.96, DistUpMean, 7.04
, DistFront, 56.67, DistDow, 57.48, DistUp, 7.13
, DistFront, 56.68, DistDow, 57.48, DistUp, 7.13
, DistFront, 56.67, DistDow, 57.48, DistUp, 7.13
, DistFront, 43.45, DistDow, 57.48, DistUp, 7.13
, DistFront, 56.68, DistDow, 57.48, DistUp, 60.27
, DistFront, 42.77, DistDow, 57.48, DistUp, 7.16
, DistFront, 42.89, DistDow, 57.45, DistUp, 7.13
, DistFront, 42.87, DistDow, 57.33, DistUp, 7.16
, DistFront, 42.48, DistDow, 57.35, DistUp, 7.02
, DistFront, 56.97, DistDow, 57.77, DistUp, 60.19
, DistFront, 57.04, DistDow, 57.38, DistUp, 61.04
, DistFront, 43.42, DistDow, 57.11, DistUp, 7.04
, DistFront, 42.57, DistDow, 57.09, DistUp, 7.06
, DistFront, 42.62, DistDow, 57.09, DistUp, 7.13
, DistFront, 43.47, DistDow, 57.53, DistUp, 7.13
, DistFront, 42.98, DistDow, 57.13, DistUp, 7.16
, DistFront, 42.91, DistDow, 57.55, DistUp, 59.91
, DistFront, 42.91, DistDow, 57.09, DistUp, 60.27
, DistFront, 56.80, DistDow, 57.09, DistUp, 7.04
, DistFront, 56.75, DistDow, 57.48, DistUp, 60.73
, DistFrontMean, 56.82, DistDowMean, 58.04, DistUpMean, 7.16
, DistFront, 56.70, DistDow, 57.11, DistUp, 7.09
, DistFront, 42.76, DistDow, 57.96, DistUp, 7.04
, DistFront, 56.82, DistDow, 57.53, DistUp, 7.04
, DistFront, 43.64, DistDow, 57.24, DistUp, 7.02
, DistFront, 43.23, DistDow, 57.24, DistUp, 7.02
, DistFront, 43.67, DistDow, 57.64, DistUp, 60.48
, DistFront, 56.89, DistDow, 57.24, DistUp, 60.92
, DistFront, 43.13, DistDow, 57.98, DistUp, 61.68
, DistFront, 43.67, DistDow, 58.11, DistUp, 7.04
, DistFront, 43.67, DistDow, 57.67, DistUp, 61.82
, DistFront, 43.55, DistDow, 57.57, DistUp, 61.70
, DistFront, 42.82, DistDow, 57.69, DistUp, 61.28
, DistFront, 57.31, DistDow, 57.69, DistUp, 7.16
, DistFront, 42.70, DistDow, 57.67, DistUp, 60.97
, DistFront, 42.69, DistDow, 57.62, DistUp, 7.02
, DistFront, 42.82, DistDow, 57.69, DistUp, 60.41
, DistFront, 57.33, DistDow, 57.69, DistUp, 7.13
, DistFront, 43.49, DistDow, 58.13, DistUp, 61.38
, DistFront, 42.74, DistDow, 57.64, DistUp, 61.26
, DistFront, 42.77, DistDow, 57.74, DistUp, 61.28
, DistFrontMean, 56.82, DistDowMean, 57.62, DistUpMean, 7.13
, DistFront, 56.90, DistDow, 57.74, DistUp, 7.13
, DistFront, 56.85, DistDow, 57.69, DistUp, 7.13
, DistFront, 42.62, DistDow, 57.69, DistUp, 61.33
, DistFront, 42.69, DistDow, 57.13, DistUp, 62.09
, DistFront, 43.23, DistDow, 57.57, DistUp, 62.19
, DistFront, 56.80, DistDow, 57.13, DistUp, 7.13
, DistFront, 56.73, DistDow, 57.52, DistUp, 60.90
, DistFront, 56.63, DistDow, 57.91, DistUp, 61.28
, DistFront, 56.68, DistDow, 56.92, DistUp, 7.04
, DistFront, 56.62, DistDow, 57.33, DistUp, 60.27
, DistFront, 42.93, DistDow, 56.92, DistUp, 60.27
, DistFront, 56.68, DistDow, 57.41, DistUp, 7.02
, DistFront, 56.68, DistDow, 57.04, DistUp, 60.70
, DistFront, 56.70, DistDow, 57.04, DistUp, 60.73
, DistFront, 42.64, DistDow, 57.89, DistUp, 60.83
, DistFront, 57.02, DistDow, 57.04, DistUp, 61.28
, DistFront, 56.63, DistDow, 57.38, DistUp, 61.62
, DistFront, 57.19, DistDow, 56.99, DistUp, 61.24
, DistFront, 56.80, DistDow, 57.09, DistUp, 60.83
, DistFront, 57.24, DistDow, 57.16, DistUp, 61.45
, DistFrontMean, 56.85, DistDowMean, 57.06, DistUpMean, 60.92
, DistFront, 56.85, DistDow, 57.62, DistUp, 61.48
, DistFront, 57.21, DistDow, 57.13, DistUp, 60.56
, DistFront, 57.40, DistDow, 57.18, DistUp, 61.89
, DistFront, 57.41, DistDow, 57.35, DistUp, 7.16
, DistFront, 57.04, DistDow, 57.38, DistUp, 7.16
, DistFront, 57.41, DistDow, 57.45, DistUp, 61.68
, DistFront, 57.13, DistDow, 57.40, DistUp, 7.04
, DistFront, 57.19, DistDow, 58.33, DistUp, 61.68
, DistFront, 43.89, DistDow, 57.53, DistUp, 60.99
, DistFront, 57.69, DistDow, 57.89, DistUp, 61.34
, DistFront, 57.26, DistDow, 57.98, DistUp, 61.89
, DistFront, 57.62, DistDow, 57.93, DistUp, 62.62
, DistFront, 45.39, DistDow, 57.64, DistUp, 63.13
, DistFront, 44.47, DistDow, 57.53, DistUp, 61.33
, DistFront, 57.74, DistDow, 58.04, DistUp, 61.84
, DistFront, 43.96, DistDow, 57.93, DistUp, 7.02
, DistFront, 57.62, DistDow, 57.98, DistUp, 60.88
, DistFront, 57.35, DistDow, 58.10, DistUp, 60.99
, DistFront, 57.24, DistDow, 58.10, DistUp, 7.13
, DistFront, 57.67, DistDow, 57.98, DistUp, 62.18
, DistFrontMean, 57.38, DistDowMean, 58.13, DistUpMean, 7.13
, DistFront, 57.35, DistDow, 57.74, DistUp, 61.33
, DistFront, 43.74, DistDow, 57.69, DistUp, 7.13
, DistFront, 57.21, DistDow, 57.98, DistUp, 61.73
, DistFront, 57.33, DistDow, 57.69, DistUp, 60.97
, DistFront, 43.62, DistDow, 57.69, DistUp, 61.73
, DistFront, 44.03, DistDow, 58.10, DistUp, 60.48
, DistFront, 57.38, DistDow, 57.74, DistUp, 7.13
, DistFront, 43.64, DistDow, 58.13, DistUp, 7.16
, DistFront, 57.38, DistDow, 58.10, DistUp, 61.39
, DistFront, 57.77, DistDow, 58.59, DistUp, 61.89
, DistFront, 57.26, DistDow, 58.04, DistUp, 61.34
, DistFront, 57.40, DistDow, 58.16, DistUp, 61.04
, DistFront, 57.26, DistDow, 58.13, DistUp, 61.45
, DistFront, 57.38, DistDow, 58.10, DistUp, 60.48
, DistFront, 57.40, DistDow, 57.81, DistUp, 60.60
, DistFront, 57.38, DistDow, 58.18, DistUp, 7.02
, DistFront, 57.38, DistDow, 58.20, DistUp, 60.56
, DistFront, 43.62, DistDow, 58.49, DistUp, 61.33
, DistFront, 44.03, DistDow, 58.10, DistUp, 61.33
, DistFront, 44.06, DistDow, 57.77, DistUp, 61.75
, DistFrontMean, 57.31, DistDowMean, 57.67, DistUpMean, 61.77
, DistFront, 57.31, DistDow, 57.77, DistUp, 7.13
, DistFront, 57.31, DistDow, 57.69, DistUp, 61.39
, DistFront, 45.12, DistDow, 57.82, DistUp, 7.13
, DistFront, 44.17, DistDow, 57.70, DistUp, 7.04
, DistFront, 44.71, DistDow, 58.28, DistUp, 7.02
, DistFront, 44.68, DistDow, 57.87, DistUp, 7.13
, DistFront, 44.20, DistDow, 57.77, DistUp, 7.13
, DistFront, 44.69, DistDow, 57.87, DistUp, 7.02
, DistFront, 44.35, DistDow, 57.89, DistUp, 62.47
, DistFront, 44.66, DistDow, 57.81, DistUp, 61.53
, DistFront, 57.53, DistDow, 57.91, DistUp, 7.13
, DistFront, 57.82, DistDow, 58.20, DistUp, 62.38
, DistFront, 43.91, DistDow, 58.76, DistUp, 60.83
, DistFront, 57.91, DistDow, 58.25, DistUp, 62.04
, DistFront, 58.06, DistDow, 58.40, DistUp, 61.34
, DistFront, 43.98, DistDow, 57.93, DistUp, 7.16
, DistFront, 43.91, DistDow, 58.91, DistUp, 62.57
, DistFront, 44.03, DistDow, 58.40, DistUp, 61.38
, DistFront, 57.77, DistDow, 58.16, DistUp, 61.96
, DistFront, 57.70, DistDow, 58.49, DistUp, 62.28
, DistFrontMean, 57.87, DistDowMean, 58.61, DistUpMean, 61.60
, DistFront, 57.87, DistDow, 58.62, DistUp, 61.19
, DistFront, 44.34, DistDow, 58.13, DistUp, 7.04
, DistFront, 57.89, DistDow, 58.25, DistUp, 61.60
, DistFront, 44.61, DistDow, 58.54, DistUp, 61.89
, DistFront, 57.87, DistDow, 58.59, DistUp, 61.97
, DistFront, 44.06, DistDow, 58.89, DistUp, 61.39
, DistFront, 58.20, DistDow, 58.98, DistUp, 61.05
, DistFront, 58.16, DistDow, 58.83, DistUp, 61.75
, DistFront, 58.03, DistDow, 58.89, DistUp, 7.13
, DistFront, 57.67, DistDow, 58.33, DistUp, 62.48
, DistFront, 43.81, DistDow, 57.99, DistUp, 7.13
, DistFront, 43.42, DistDow, 58.27, DistUp, 7.04
, DistFront, 57.57, DistDow, 57.98, DistUp, 62.06
, DistFront, 43.81, DistDow, 57.96, DistUp, 61.11
, DistFront, 44.32, DistDow, 58.38, DistUp, 7.13
, DistFront, 44.56, DistDow, 57.98, DistUp, 7.16
, DistFront, 44.68, DistDow, 58.33, DistUp, 61.62
, DistFront, 43.81, DistDow, 58.06, DistUp, 61.77
, DistFront, 44.06, DistDow, 58.13, DistUp, 7.04
, DistFront, 57.81, DistDow, 58.59, DistUp, 61.50
, DistFrontMean, 57.84, DistDowMean, 58.62, DistUpMean, 7.04
, DistFront, 57.81, DistDow, 58.55, DistUp, 7.04
, DistFront, 44.95, DistDow, 58.35, DistUp, 7.13
, DistFront, 44.39, DistDow, 58.47, DistUp, 63.49
, DistFront, 58.69, DistDow, 59.00, DistUp, 62.87
, DistFront, 58.83, DistDow, 59.56, DistUp, 62.64
, DistFront, 58.54, DistDow, 59.66, DistUp, 63.47
, DistFront, 58.59, DistDow, 58.81, DistUp, 63.59
, DistFront, 58.62, DistDow, 59.76, DistUp, 195.19
, DistFront, 58.59, DistDow, 58.84, DistUp, 62.87
, DistFront, 58.67, DistDow, 59.76, DistUp, 194.42
, DistFront, 58.59, DistDow, 59.25, DistUp, 64.59
, DistFront, 58.52, DistDow, 59.17, DistUp, 65.39
, DistFront, 58.49, DistDow, 59.12, DistUp, 64.10
, DistFront, 58.33, DistDow, 59.03, DistUp, 170.14
, DistFront, 58.27, DistDow, 58.61, DistUp, 62.98
, DistFront, 58.33, DistDow, 59.40, DistUp, 193.10
, DistFront, 58.28, DistDow, 58.96, DistUp, 63.69
, DistFront, 58.25, DistDow, 58.55, DistUp, 63.35
, DistFront, 58.28, DistDow, 59.40, DistUp, 63.25
, DistFront, 58.23, DistDow, 58.49, DistUp, 63.28
, DistFrontMean, 58.25, DistDowMean, 58.55, DistUpMean, 63.71
, DistFront, 58.71, DistDow, 59.00, DistUp, 62.93
, DistFront, 58.42, DistDow, 59.56, DistUp, 63.10
, DistFront, 58.45, DistDow, 58.74, DistUp, 64.39
, DistFront, 58.45, DistDow, 58.76, DistUp, 63.54
, DistFront, 58.42, DistDow, 59.13, DistUp, 63.84
, DistFront, 58.33, DistDow, 58.61, DistUp, 62.98
, DistFront, 58.33, DistDow, 59.05, DistUp, 62.53
, DistFront, 58.32, DistDow, 59.17, DistUp, 7.13
, DistFront, 58.38, DistDow, 59.12, DistUp, 63.27
, DistFront, 58.23, DistDow, 58.55, DistUp, 62.38
, DistFront, 58.16, DistDow, 58.61, DistUp, 7.13
, DistFront, 58.16, DistDow, 58.42, DistUp, 61.75
, DistFront, 57.60, DistDow, 58.88, DistUp, 7.13
, DistFront, 58.47, DistDow, 58.42, DistUp, 7.02
, DistFront, 58.03, DistDow, 58.78, DistUp, 7.16
, DistFront, 44.20, DistDow, 58.27, DistUp, 7.04
, DistFront, 43.88, DistDow, 58.76, DistUp, 7.13
, DistFront, 57.81, DistDow, 58.62, DistUp, 7.16
, DistFront, 57.87, DistDow, 58.28, DistUp, 7.04
, DistFront, 44.17, DistDow, 58.64, DistUp, 61.46
, DistFrontMean, 57.81, DistDowMean, 58.18, DistUpMean, 7.02
, DistFront, 57.64, DistDow, 58.11, DistUp, 7.13
, DistFront, 57.67, DistDow, 58.33, DistUp, 7.04
, DistFront, 44.52, DistDow, 57.99, DistUp, 7.13
, DistFront, 57.47, DistDow, 57.87, DistUp, 62.02
, DistFront, 57.53, DistDow, 58.25, DistUp, 61.56
, DistFront, 57.38, DistDow, 57.81, DistUp, 61.70
, DistFront, 57.48, DistDow, 57.81, DistUp, 61.19
, DistFront, 43.45, DistDow, 7.77, DistUp, 7.13
, DistFront, 57.53, DistDow, 57.69, DistUp, 63.78
, DistFront, 57.53, DistDow, 58.20, DistUp, 63.49
, DistFront, 57.53, DistDow, 58.10, DistUp, 194.49
, DistFront, 57.48, DistDow, 58.16, DistUp, 194.61
, DistFront, 57.45, DistDow, 58.10, DistUp, 62.11
, DistFront, 57.81, DistDow, 58.04, DistUp, 62.77
, DistFront, 57.24, DistDow, 57.99, DistUp, 62.35
, DistFront, 57.28, DistDow, 57.93, DistUp, 61.55
, DistFront, 57.13, DistDow, 57.52, DistUp, 62.24
, DistFront, 57.19, DistDow, 57.45, DistUp, 62.19
, DistFront, 57.16, DistDow, 57.45, DistUp, 63.10
, DistFront, 57.16, DistDow, 57.74, DistUp, 63.78
, DistFrontMean, 57.02, DistDowMean, 57.41, DistUpMean, 62.18
, DistFront, 57.18, DistDow, 57.89, DistUp, 62.19
, DistFront, 57.09, DistDow, 57.40, DistUp, 61.68
, DistFront, 57.24, DistDow, 57.99, DistUp, 61.73
, DistFront, 57.28, DistDow, 57.64, DistUp, 61.45
, DistFront, 57.28, DistDow, 57.55, DistUp, 61.77
, DistFront, 57.28, DistDow, 58.04, DistUp, 61.11
, DistFront, 57.62, DistDow, 57.96, DistUp, 61.45
, DistFront, 57.33, DistDow, 57.64, DistUp, 61.84
, DistFront, 57.19, DistDow, 58.04, DistUp, 61.84
, DistFront, 57.28, DistDow, 57.48, DistUp, 61.38
, DistFront, 57.28, DistDow, 57.60, DistUp, 62.62
, DistFront, 57.64, DistDow, 57.53, DistUp, 62.64
, DistFront, 44.13, DistDow, 58.10, DistUp, 61.48
, DistFront, 44.03, DistDow, 57.64, DistUp, 60.99
, DistFront, 44.18, DistDow, 57.81, DistUp, 7.16
, DistFront, 43.59, DistDow, 58.64, DistUp, 61.97
, DistFront, 57.48, DistDow, 58.13, DistUp, 62.77
, DistFront, 44.20, DistDow, 57.89, DistUp, 7.16
, DistFront, 43.38, DistDow, 57.82, DistUp, 7.02
, DistFront, 57.60, DistDow, 57.96, DistUp, 62.48
, DistFrontMean, 57.93, DistDowMean, 58.27, DistUpMean, 61.63
, DistFront, 57.53, DistDow, 58.03, DistUp, 7.13
, DistFront, 57.70, DistDow, 58.38, DistUp, 62.16
, DistFront, 44.06, DistDow, 58.10, DistUp, 62.74
, DistFront, 44.63, DistDow, 58.13, DistUp, 61.89
, DistFront, 58.16, DistDow, 58.06, DistUp, 62.76
, DistFront, 57.91, DistDow, 58.25, DistUp, 62.91
, DistFront, 57.96, DistDow, 58.27, DistUp, 62.91
, DistFront, 57.93, DistDow, 58.64, DistUp, 62.98
, DistFront, 58.10, DistDow, 58.81, DistUp, 62.74
, DistFront, 58.13, DistDow, 58.47, DistUp, 62.40
, DistFront, 58.20, DistDow, 58.81, DistUp, 62.74
, DistFront, 58.13, DistDow, 58.81, DistUp, 64.03
, DistFront, 58.18, DistDow, 58.88, DistUp, 62.45
, DistFront, 58.35, DistDow, 59.06, DistUp, 63.04
, DistFront, 58.42, DistDow, 58.71, DistUp, 63.54
, DistFront, 58.49, DistDow, 58.83, DistUp, 62.74
, DistFront, 58.54, DistDow, 59.17, DistUp, 62.24
, DistFront, 58.49, DistDow, 59.20, DistUp, 62.74
, DistFront, 58.95, DistDow, 58.81, DistUp, 63.61
, DistFront, 58.54, DistDow, 59.25, DistUp, 64.05
, DistFrontMean, 58.55, DistDowMean, 59.71, DistUpMean, 63.62
, DistFront, 59.00, DistDow, 59.30, DistUp, 63.25
, DistFront, 45.83, DistDow, 58.91, DistUp, 64.10
, DistFront, 58.62, DistDow, 59.35, DistUp, 64.54
, DistFront, 58.67, DistDow, 59.35, DistUp, 63.74
, DistFront, 58.67, DistDow, 59.00, DistUp, 63.74
, DistFront, 58.74, DistDow, 59.06, DistUp, 63.38
, DistFront, 58.88, DistDow, 59.61, DistUp, 63.10
, DistFront, 58.88, DistDow, 59.23, DistUp, 63.95
, DistFront, 58.88, DistDow, 59.20, DistUp, 63.49
, DistFront, 58.89, DistDow, 59.20, DistUp, 63.49
, DistFront, 45.27, DistDow, 59.61, DistUp, 63.89
, DistFront, 59.30, DistDow, 59.17, DistUp, 63.33
, DistFront, 58.84, DistDow, 59.17, DistUp, 62.87
, DistFront, 58.83, DistDow, 59.17, DistUp, 63.74
, DistFront, 59.23, DistDow, 59.12, DistUp, 62.87
, DistFront, 58.76, DistDow, 59.10, DistUp, 62.82
, DistFront, 58.78, DistDow, 59.06, DistUp, 63.33
, DistFront, 58.74, DistDow, 59.06, DistUp, 62.91
, DistFront, 58.74, DistDow, 59.05, DistUp, 64.17
, DistFront, 59.13, DistDow, 59.03, DistUp, 63.28
, DistFrontMean, 59.12, DistDowMean, 59.00, DistUpMean, 7.13
, DistFront, 58.64, DistDow, 58.91, DistUp, 7.04
, DistFront, 44.74, DistDow, 59.35, DistUp, 7.16
, DistFront, 45.02, DistDow, 8.62, DistUp, 44.42
, DistFront, 44.91, DistDow, 8.11, DistUp, 44.68
, DistFront, 58.83, DistDow, 58.76, DistUp, 7.04
, DistFront, 45.37, DistDow, 58.84, DistUp, 63.06
, DistFront, 44.35, DistDow, 58.78, DistUp, 63.76
, DistFront, 44.69, DistDow, 58.62, DistUp, 62.87
, DistFront, 44.54, DistDow, 58.69, DistUp, 62.84
, DistFront, 58.33, DistDow, 58.64, DistUp, 7.16
, DistFront, 44.59, DistDow, 58.96, DistUp, 63.16
, DistFront, 58.13, DistDow, 58.52, DistUp, 62.70
, DistFront, 58.25, DistDow, 58.55, DistUp, 63.64
, DistFront, 58.25, DistDow, 58.96, DistUp, 62.35
, DistFront, 58.10, DistDow, 57.98, DistUp, 62.24
, DistFront, 58.59, DistDow, 58.45, DistUp, 61.89
, DistFront, 58.13, DistDow, 58.47, DistUp, 62.64
, DistFront, 58.03, DistDow, 58.35, DistUp, 62.64
, DistFront, 58.13, DistDow, 58.45, DistUp, 63.16
, DistFront, 58.13, DistDow, 58.88, DistUp, 61.92
, DistFrontMean, 58.18, DistDowMean, 58.33, DistUpMean, 62.69
, DistFront, 58.04, DistDow, 58.35, DistUp, 62.28
, DistFront, 57.69, DistDow, 58.84, DistUp, 63.61
, DistFront, 58.20, DistDow, 58.45, DistUp, 63.71
, DistFront, 58.20, DistDow, 58.47, DistUp, 64.13
, DistFront, 58.20, DistDow, 58.35, DistUp, 63.62
, DistFront, 58.13, DistDow, 58.40, DistUp, 62.40
, DistFront, 58.28, DistDow, 58.54, DistUp, 62.93
, DistFront, 58.28, DistDow, 59.03, DistUp, 63.83
, DistFront, 58.33, DistDow, 58.62, DistUp, 62.09
, DistFront, 58.27, DistDow, 58.96, DistUp, 63.78
, DistFront, 58.27, DistDow, 58.55, DistUp, 64.68
, DistFront, 58.32, DistDow, 58.61, DistUp, 63.03
, DistFront, 58.49, DistDow, 58.76, DistUp, 64.34
, DistFront, 58.54, DistDow, 58.84, DistUp, 61.99
, DistFront, 58.62, DistDow, 59.30, DistUp, 63.76
, DistFront, 58.67, DistDow, 58.96, DistUp, 63.40
, DistFront, 58.74, DistDow, 59.03, DistUp, 64.18
, DistFront, 58.78, DistDow, 59.52, DistUp, 64.78
, DistFront, 58.89, DistDow, 59.17, DistUp, 64.46
, DistFront, 58.98, DistDow, 59.25, DistUp, 64.54
, DistFrontMean, 59.05, DistDowMean, 59.35, DistUpMean, 64.20
, DistFront, 59.56, DistDow, 59.40, DistUp, 64.98
, DistFront, 59.12, DistDow, 59.40, DistUp, 63.83
, DistFront, 45.56, DistDow, 59.52, DistUp, 64.74
, DistFront, 59.27, DistDow, 59.17, DistUp, 66.09
, DistFront, 59.47, DistDow, 59.35, DistUp, 65.83
, DistFront, 59.59, DistDow, 60.27, DistUp, 64.95
, DistFront, 44.98, DistDow, 60.66, DistUp, 64.61
, DistFront, 59.56, DistDow, 59.85, DistUp, 64.63
, DistFront, 59.39, DistDow, 60.48, DistUp, 64.39
, DistFront, 59.32, DistDow, 60.39, DistUp, 64.30
, DistFront, 60.14, DistDow, 60.03, DistUp, 64.30
, DistFront, 59.85, DistDow, 60.17, DistUp, 64.42
, DistFront, 59.88, DistDow, 60.61, DistUp, 7.16
, DistFront, 59.91, DistDow, 60.66, DistUp, 63.98
, DistFront, 46.31, DistDow, 8.52, DistUp, 45.68
, DistFront, 46.55, DistDow, 60.60, DistUp, 64.40
, DistFront, 46.21, DistDow, 60.61, DistUp, 63.59
, DistFront, 59.97, DistDow, 60.32, DistUp, 64.54
, DistFront, 59.88, DistDow, 60.24, DistUp, 64.42
, DistFront, 59.88, DistDow, 60.68, DistUp, 64.03
, DistFrontMean, 60.02, DistDowMean, 60.27, DistUpMean, 64.03
, DistFront, 60.02, DistDow, 60.37, DistUp, 64.17
, DistFront, 59.91, DistDow, 60.68, DistUp, 64.05
, DistFront, 59.91, DistDow, 60.68, DistUp, 63.62
, DistFront, 60.03, DistDow, 59.91, DistUp, 63.76
, DistFront, 59.88, DistDow, 60.20, DistUp, 64.03
, DistFront, 59.88, DistDow, 60.17, DistUp, 64.42
, DistFront, 59.95, DistDow, 60.68, DistUp, 64.54
, DistFront, 59.83, DistDow, 60.10, DistUp, 64.85
, DistFront, 59.83, DistDow, 60.10, DistUp, 64.83
, DistFront, 59.95, DistDow, 60.20, DistUp, 64.10
, DistFront, 60.24, DistDow, 60.10, DistUp, 63.98
, DistFront, 59.76, DistDow, 60.05, DistUp, 64.83
, DistFront, 59.88, DistDow, 60.17, DistUp, 64.10
, DistFront, 59.88, DistDow, 60.17, DistUp, 63.98
, DistFront, 46.04, DistDow, 60.05, DistUp, 64.39
, DistFront, 60.17, DistDow, 60.05, DistUp, 64.83
, DistFront, 59.88, DistDow, 60.56, DistUp, 64.39
, DistFront, 59.71, DistDow, 60.41, DistUp, 64.78
, DistFront, 59.81, DistDow, 60.12, DistUp, 64.88
, DistFront, 59.81, DistDow, 60.49, DistUp, 64.32
, DistFrontMean, 59.68, DistDowMean, 60.39, DistUpMean, 63.88
, DistFront, 59.66, DistDow, 59.95, DistUp, 65.53
, DistFront, 59.71, DistDow, 60.46, DistUp, 64.34
, DistFront, 59.71, DistDow, 60.02, DistUp, 63.76
, DistFront, 59.56, DistDow, 59.88, DistUp, 63.74
, DistFront, 59.95, DistDow, 59.85, DistUp, 64.97
, DistFront, 59.59, DistDow, 59.91, DistUp, 64.61
, DistFront, 59.56, DistDow, 59.88, DistUp, 63.28
, DistFront, 59.54, DistDow, 60.27, DistUp, 7.16
, DistFront, 59.49, DistDow, 60.20, DistUp, 64.35
, DistFront, 59.78, DistDow, 59.66, DistUp, 64.34
, DistFront, 59.32, DistDow, 59.63, DistUp, 63.47
, DistFront, 59.27, DistDow, 59.17, DistUp, 64.27
, DistFront, 59.34, DistDow, 59.68, DistUp, 64.34
, DistFront, 59.32, DistDow, 60.05, DistUp, 63.49
, DistFront, 59.30, DistDow, 60.02, DistUp, 63.33
, DistFront, 59.17, DistDow, 59.59, DistUp, 7.16
, DistFront, 59.25, DistDow, 59.98, DistUp, 64.18
, DistFront, 59.27, DistDow, 59.98, DistUp, 7.16
, DistFront, 59.23, DistDow, 59.54, DistUp, 62.98
, DistFront, 59.23, DistDow, 59.97, DistUp, 64.13
, DistFrontMean, 59.20, DistDowMean, 59.95, DistUpMean, 7.13
, DistFront, 59.20, DistDow, 59.95, DistUp, 63.78
, DistFront, 45.68, DistDow, 59.97, DistUp, 62.93
, DistFront, 59.18, DistDow, 59.52, DistUp, 63.74
, DistFront, 59.18, DistDow, 59.95, DistUp, 63.62
, DistFront, 59.18, DistDow, 59.91, DistUp, 7.16
, DistFront, 59.13, DistDow, 59.47, DistUp, 63.69
, DistFront, 59.12, DistDow, 59.46, DistUp, 63.62
, DistFront, 59.10, DistDow, 59.40, DistUp, 63.54
, DistFront, 59.06, DistDow, 59.40, DistUp, 63.54
, DistFront, 59.05, DistDow, 60.24, DistUp, 7.16
, DistFront, 59.03, DistDow, 59.35, DistUp, 63.20
, DistFront, 59.42, DistDow, 59.78, DistUp, 7.13
, DistFront, 45.20, DistDow, 59.68, DistUp, 63.03
, DistFront, 45.68, DistDow, 59.23, DistUp, 63.04
, DistFront, 58.88, DistDow, 59.20, DistUp, 63.45
, DistFront, 59.30, DistDow, 59.20, DistUp, 7.04
, DistFront, 45.61, DistDow, 59.32, DistUp, 7.13
, DistFront, 59.39, DistDow, 59.30, DistUp, 63.10
, DistFront, 58.95, DistDow, 59.32, DistUp, 63.10
, DistFront, 58.95, DistDow, 59.71, DistUp, 63.10
, DistFrontMean, 58.98, DistDowMean, 59.30, DistUpMean, 63.45
, DistFront, 58.96, DistDow, 59.18, DistUp, 63.42
, DistFront, 58.59, DistDow, 59.61, DistUp, 63.45
, DistFront, 44.88, DistDow, 59.20, DistUp, 7.04
, DistFront, 58.89, DistDow, 59.63, DistUp, 64.30
, DistFront, 45.27, DistDow, 59.32, DistUp, 62.19
, DistFront, 58.88, DistDow, 59.61, DistUp, 63.45
, DistFront, 45.12, DistDow, 59.32, DistUp, 7.13
, DistFront, 58.59, DistDow, 59.27, DistUp, 63.10
, DistFront, 58.95, DistDow, 58.84, DistUp, 63.95
, DistFront, 58.95, DistDow, 58.84, DistUp, 63.95
, DistFront, 58.95, DistDow, 59.27, DistUp, 63.95
, DistFront, 58.95, DistDow, 59.68, DistUp, 63.10
, DistFront, 58.95, DistDow, 58.81, DistUp, 63.10
, DistFront, 58.95, DistDow, 59.20, DistUp, 63.10
, DistFront, 58.95, DistDow, 59.20, DistUp, 63.95
, DistFront, 58.95, DistDow, 59.20, DistUp, 63.11
, DistFront, 58.95, DistDow, 59.20, DistUp, 63.10
, DistFront, 59.32, DistDow, 58.83, DistUp, 64.34
, DistFront, 59.34, DistDow, 58.81, DistUp, 63.10
, DistFront, 59.23, DistDow, 59.10, DistUp, 63.83
, DistFrontMean, 58.81, DistDowMean, 59.56, DistUpMean, 62.98
, DistFront, 58.81, DistDow, 59.10, DistUp, 63.38
, DistFront, 58.78, DistDow, 59.12, DistUp, 63.81
, DistFront, 58.88, DistDow, 59.12, DistUp, 62.96
, DistFront, 58.88, DistDow, 58.81, DistUp, 62.96
, DistFront, 58.84, DistDow, 58.78, DistUp, 63.35
, DistFront, 58.88, DistDow, 58.78, DistUp, 63.35
, DistFront, 59.32, DistDow, 58.78, DistUp, 63.84
, DistFront, 59.30, DistDow, 59.63, DistUp, 63.84
, DistFront, 58.88, DistDow, 58.81, DistUp, 63.03
, DistFront, 58.88, DistDow, 58.81, DistUp, 7.13
, DistFront, 58.76, DistDow, 58.69, DistUp, 63.32
, DistFront, 44.71, DistDow, 59.13, DistUp, 63.33
, DistFront, 59.20, DistDow, 59.13, DistUp, 7.02
, DistFront, 45.27, DistDow, 59.69, DistUp, 7.13
, DistFront, 45.56, DistDow, 60.12, DistUp, 63.03
, DistFront, 45.19, DistDow, 59.71, DistUp, 63.03
, DistFront, 45.19, DistDow, 59.32, DistUp, 63.03
, DistFront, 59.39, DistDow, 59.32, DistUp, 7.13
, DistFront, 58.88, DistDow, 59.18, DistUp, 63.38
, DistFront, 58.49, DistDow, 59.20, DistUp, 7.02
, DistFrontMean, 58.98, DistDowMean, 59.34, DistUpMean, 63.52
, DistFront, 59.00, DistDow, 59.78, DistUp, 62.18
, DistFront, 59.00, DistDow, 59.78, DistUp, 7.13
, DistFront, 59.00, DistDow, 59.32, DistUp, 63.55
, DistFront, 59.00, DistDow, 59.34, DistUp, 63.55
, DistFront, 45.02, DistDow, 59.78, DistUp, 63.13
, DistFront, 59.42, DistDow, 59.32, DistUp, 63.98
, DistFront, 59.03, DistDow, 59.35, DistUp, 63.47
, DistFront, 59.03, DistDow, 58.95, DistUp, 7.13
, DistFront, 59.03, DistDow, 59.34, DistUp, 63.59
, DistFront, 46.50, DistDow, 59.39, DistUp, 63.13
, DistFront, 58.69, DistDow, 59.40, DistUp, 63.13
, DistFront, 59.10, DistDow, 59.03, DistUp, 63.10
, DistFront, 59.06, DistDow, 59.00, DistUp, 63.54
, DistFront, 59.12, DistDow, 59.88, DistUp, 63.25
, DistFront, 59.13, DistDow, 59.47, DistUp, 64.54
, DistFront, 59.13, DistDow, 59.46, DistUp, 63.74
, DistFront, 59.18, DistDow, 59.47, DistUp, 64.59
, DistFront, 59.18, DistDow, 59.49, DistUp, 64.18
, DistFront, 59.63, DistDow, 59.49, DistUp, 63.69
, DistFront, 59.23, DistDow, 59.52, DistUp, 63.78
, DistFrontMean, 59.66, DistDowMean, 59.97, DistUpMean, 64.25
, DistFront, 59.25, DistDow, 60.41, DistUp, 63.84
, DistFront, 59.30, DistDow, 60.02, DistUp, 63.33
, DistFront, 59.27, DistDow, 60.48, DistUp, 7.16
, DistFront, 59.32, DistDow, 59.61, DistUp, 63.38
, DistFront, 59.23, DistDow, 59.56, DistUp, 63.83
, DistFront, 45.26, DistDow, 59.61, DistUp, 63.42
, DistFront, 59.27, DistDow, 59.63, DistUp, 63.91
, DistFront, 45.31, DistDow, 60.10, DistUp, 64.35
, DistFront, 59.47, DistDow, 59.78, DistUp, 63.96
, DistFront, 59.54, DistDow, 59.85, DistUp, 64.12
, DistFront, 59.52, DistDow, 59.85, DistUp, 64.47
, DistFront, 45.88, DistDow, 59.78, DistUp, 64.05
, DistFront, 59.12, DistDow, 60.24, DistUp, 63.25
, DistFront, 59.63, DistDow, 60.37, DistUp, 64.23
, DistFront, 59.63, DistDow, 60.43, DistUp, 64.56
, DistFront, 59.54, DistDow, 60.32, DistUp, 64.18
, DistFront, 59.59, DistDow, 59.95, DistUp, 63.76
, DistFront, 59.69, DistDow, 60.05, DistUp, 63.81
, DistFront, 59.76, DistDow, 60.10, DistUp, 65.53
, DistFront, 59.68, DistDow, 60.02, DistUp, 65.17
, DistFrontMean, 59.74, DistDowMean, 60.05, DistUpMean, 65.14
, DistFront, 59.46, DistDow, 60.17, DistUp, 64.32
, DistFront, 59.47, DistDow, 60.17, DistUp, 64.39
, DistFront, 59.76, DistDow, 60.10, DistUp, 63.96
, DistFront, 59.81, DistDow, 60.10, DistUp, 65.66
, DistFront, 59.91, DistDow, 60.26, DistUp, 64.88
, DistFront, 46.56, DistDow, 60.99, DistUp, 65.31
, DistFront, 59.98, DistDow, 60.27, DistUp, 64.59
, DistFront, 59.85, DistDow, 60.20, DistUp, 64.91
, DistFront, 60.02, DistDow, 60.34, DistUp, 65.49
, DistFront, 60.03, DistDow, 60.34, DistUp, 7.13
, DistFront, 59.95, DistDow, 61.11, DistUp, 64.54
, DistFront, 60.48, DistDow, 60.39, DistUp, 64.68
, DistFront, 60.10, DistDow, 60.39, DistUp, 7.16
, DistFront, 60.03, DistDow, 60.34, DistUp, 64.27
, DistFront, 60.53, DistDow, 60.41, DistUp, 65.17
, DistFront, 60.27, DistDow, 60.54, DistUp, 7.13
, DistFront, 60.20, DistDow, 61.38, DistUp, 65.66
, DistFront, 60.37, DistDow, 61.05, DistUp, 64.88
, DistFront, 60.31, DistDow, 61.04, DistUp, 64.49
, DistFront, 60.48, DistDow, 61.62, DistUp, 64.97
, DistFrontMean, 60.82, DistDowMean, 60.73, DistUpMean, 7.13
, DistFront, 60.41, DistDow, 61.12, DistUp, 64.59
, DistFront, 60.54, DistDow, 61.28, DistUp, 65.14
, DistFront, 60.41, DistDow, 60.77, DistUp, 64.20
, DistFront, 60.53, DistDow, 61.28, DistUp, 64.59
, DistFront, 60.41, DistDow, 60.73, DistUp, 64.13
, DistFront, 60.48, DistDow, 60.83, DistUp, 7.13
, DistFront, 60.48, DistDow, 61.24, DistUp, 7.13
, DistFront, 46.89, DistDow, 61.24, DistUp, 64.47
, DistFront, 60.34, DistDow, 61.09, DistUp, 64.42
, DistFront, 60.39, DistDow, 60.32, DistUp, 63.98
, DistFront, 60.24, DistDow, 60.17, DistUp, 64.78
, DistFront, 60.27, DistDow, 60.24, DistUp, 7.16
, DistFront, 47.47, DistDow, 61.02, DistUp, 64.25
, DistFront, 47.31, DistDow, 60.46, DistUp, 7.04
, DistFront, 46.02, DistDow, 60.53, DistUp, 7.13
, DistFront, 46.77, DistDow, 60.34, DistUp, 64.06
, DistFront, 46.82, DistDow, 60.82, DistUp, 63.74
, DistFront, 46.28, DistDow, 60.66, DistUp, 63.55
, DistFront, 59.83, DistDow, 60.60, DistUp, 64.39
, DistFront, 60.32, DistDow, 60.68, DistUp, 63.59
, DistFrontMean, 60.31, DistDowMean, 60.20, DistUpMean, 7.13
, DistFront, 59.85, DistDow, 60.63, DistUp, 63.98
, DistFront, 46.62, DistDow, 60.95, DistUp, 63.83
, DistFront, 59.68, DistDow, 60.48, DistUp, 63.78
, DistFront, 59.39, DistDow, 60.53, DistUp, 63.04
, DistFront, 59.74, DistDow, 60.95, DistUp, 7.16
, DistFront, 59.68, DistDow, 60.48, DistUp, 64.66
, DistFront, 59.56, DistDow, 60.32, DistUp, 63.25
, DistFront, 59.54, DistDow, 60.32, DistUp, 7.02
, DistFront, 45.32, DistDow, 60.73, DistUp, 7.02
, DistFront, 46.39, DistDow, 59.97, DistUp, 63.54
, DistFront, 45.27, DistDow, 60.27, DistUp, 63.54
, DistFront, 45.77, DistDow, 59.81, DistUp, 7.04
, DistFront, 46.56, DistDow, 60.63, DistUp, 7.13
, DistFront, 45.82, DistDow, 60.26, DistUp, 63.42
, DistFront, 59.34, DistDow, 59.34, DistUp, 7.13
, DistFront, 45.34, DistDow, 60.68, DistUp, 63.40
, DistFront, 46.09, DistDow, 59.85, DistUp, 62.96
, DistFront, 59.76, DistDow, 60.14, DistUp, 7.02
, DistFront, 45.32, DistDow, 60.66, DistUp, 62.55
, DistFront, 45.73, DistDow, 60.24, DistUp, 7.13
, DistFrontMean, 59.40, DistDowMean, 59.76, DistUpMean, 62.69
, DistFront, 59.40, DistDow, 59.76, DistUp, 63.96
, DistFront, 45.88, DistDow, 60.60, DistUp, 7.16
, DistFront, 59.39, DistDow, 60.17, DistUp, 63.49
, DistFront, 59.39, DistDow, 60.56, DistUp, 62.98
, DistFront, 45.68, DistDow, 59.63, DistUp, 62.53
, DistFront, 45.61, DistDow, 59.61, DistUp, 63.38
, DistFront, 59.68, DistDow, 59.61, DistUp, 7.04
, DistFront, 45.73, DistDow, 60.12, DistUp, 7.16
, DistFront, 59.34, DistDow, 59.68, DistUp, 7.16
, DistFront, 59.27, DistDow, 59.61, DistUp, 7.13
, DistFront, 45.12, DistDow, 59.49, DistUp, 62.89
, DistFront, 59.23, DistDow, 59.46, DistUp, 63.69
, DistFront, 45.92, DistDow, 59.97, DistUp, 63.33
, DistFront, 44.98, DistDow, 59.52, DistUp, 64.13
, DistFront, 59.10, DistDow, 59.40, DistUp, 7.13
, DistFront, 59.03, DistDow, 59.35, DistUp, 7.16
, DistFront, 58.88, DistDow, 59.20, DistUp, 7.02
, DistFront, 44.63, DistDow, 59.27, DistUp, 7.16
, DistFront, 58.84, DistDow, 59.56, DistUp, 62.93
, DistFront, 58.33, DistDow, 59.46, DistUp, 62.82
, DistFrontMean, 59.05, DistDowMean, 59.39, DistUpMean, 63.18
, DistFront, 58.55, DistDow, 59.32, DistUp, 63.10
, DistFront, 45.26, DistDow, 59.23, DistUp, 62.06
, DistFront, 58.27, DistDow, 58.59, DistUp, 63.23
, DistFront, 44.17, DistDow, 58.95, DistUp, 63.18
, DistFront, 44.90, DistDow, 58.54, DistUp, 61.92
, DistFront, 44.59, DistDow, 58.45, DistUp, 63.47
, DistFront, 58.03, DistDow, 58.67, DistUp, 62.40
, DistFront, 57.77, DistDow, 58.55, DistUp, 7.02
, DistFront, 57.77, DistDow, 58.11, DistUp, 61.33
, DistFront, 57.96, DistDow, 57.89, DistUp, 61.19
, DistFront, 57.45, DistDow, 58.59, DistUp, 61.48
, DistFront, 43.23, DistDow, 57.64, DistUp, 7.02
, DistFront, 43.18, DistDow, 58.04, DistUp, 7.13
, DistFront, 42.99, DistDow, 58.42, DistUp, 61.53
, DistFront, 43.45, DistDow, 57.48, DistUp, 7.04
, DistFront, 43.62, DistDow, 57.87, DistUp, 7.13
, DistFront, 42.77, DistDow, 57.24, DistUp, 7.02
, DistFront, 43.59, DistDow, 57.28, DistUp, 7.04
, DistFront, 56.84, DistDow, 57.64, DistUp, 59.98
, DistFront, 43.42, DistDow, 57.53, DistUp, 7.04
, DistFrontMean, 56.82, DistDowMean, 57.64, DistUpMean, 7.13
, DistFront, 56.73, DistDow, 57.55, DistUp, 60.68
, DistFront, 43.23, DistDow, 57.24, DistUp, 60.24
, DistFront, 56.84, DistDow, 57.67, DistUp, 59.91
, DistFront, 42.67, DistDow, 57.28, DistUp, 59.98
, DistFront, 42.77, DistDow, 57.60, DistUp, 60.32
, DistFront, 56.84, DistDow, 57.70, DistUp, 60.39
, DistFront, 56.80, DistDow, 57.64, DistUp, 59.90
, DistFront, 56.63, DistDow, 57.60, DistUp, 59.78
, DistFront, 56.68, DistDow, 57.45, DistUp, 59.63
, DistFront, 56.60, DistDow, 57.33, DistUp, 7.04
, DistFront, 56.53, DistDow, 57.31, DistUp, 59.91
, DistFront, 56.48, DistDow, 56.82, DistUp, 59.88
, DistFront, 56.89, DistDow, 57.35, DistUp, 7.04
, DistFront, 42.33, DistDow, 57.76, DistUp, 7.13
, DistFront, 42.60, DistDow, 57.76, DistUp, 59.97
, DistFront, 43.04, DistDow, 56.77, DistUp, 7.13
, DistFront, 43.04, DistDow, 57.19, DistUp, 59.40
, DistFront, 42.67, DistDow, 56.85, DistUp, 59.39
, DistFront, 42.67, DistDow, 57.18, DistUp, 7.13
, DistFront, 56.73, DistDow, 56.73, DistUp, 7.04
, DistFrontMean, 56.17, DistDowMean, 57.13, DistUpMean, 59.39
, DistFront, 56.67, DistDow, 56.68, DistUp, 7.02
, DistFront, 56.24, DistDow, 57.04, DistUp, 7.02
, DistFront, 42.13, DistDow, 57.04, DistUp, 59.20
, DistFront, 56.17, DistDow, 56.97, DistUp, 59.61
, DistFront, 42.48, DistDow, 57.38, DistUp, 7.13
, DistFront, 41.96, DistDow, 56.55, DistUp, 7.16
, DistFront, 41.96, DistDow, 56.48, DistUp, 7.13
, DistFront, 41.99, DistDow, 56.45, DistUp, 7.13
, DistFront, 56.02, DistDow, 56.45, DistUp, 7.13
, DistFront, 42.33, DistDow, 56.77, DistUp, 60.03
, DistFront, 42.67, DistDow, 56.38, DistUp, 7.13
, DistFront, 42.62, DistDow, 56.38, DistUp, 7.13
, DistFront, 42.21, DistDow, 57.18, DistUp, 59.61
, DistFront, 42.62, DistDow, 56.21, DistUp, 59.63
, DistFront, 42.21, DistDow, 57.02, DistUp, 59.52
, DistFront, 55.92, DistDow, 56.17, DistUp, 60.34
, DistFront, 55.92, DistDow, 56.17, DistUp, 60.39
, DistFront, 55.97, DistDow, 56.62, DistUp, 59.98
, DistFront, 55.97, DistDow, 56.21, DistUp, 60.43
, DistFront, 42.26, DistDow, 56.28, DistUp, 7.02
, DistFrontMean, 56.04, DistDowMean, 56.77, DistUpMean, 60.99
, DistFront, 56.09, DistDow, 56.33, DistUp, 60.46
, DistFront, 56.11, DistDow, 56.73, DistUp, 60.48
, DistFront, 56.09, DistDow, 56.80, DistUp, 60.07
, DistFront, 42.16, DistDow, 56.50, DistUp, 59.68
, DistFront, 56.14, DistDow, 57.35, DistUp, 60.53
, DistFront, 56.14, DistDow, 56.96, DistUp, 7.02
, DistFront, 42.53, DistDow, 56.96, DistUp, 60.24
, DistFront, 42.04, DistDow, 56.45, DistUp, 7.04
, DistFront, 42.09, DistDow, 56.45, DistUp, 7.04
, DistFront, 42.09, DistDow, 56.45, DistUp, 7.02
, DistFront, 42.48, DistDow, 56.53, DistUp, 7.04
, DistFront, 42.48, DistDow, 56.55, DistUp, 7.04
, DistFront, 42.87, DistDow, 56.53, DistUp, 7.04
, DistFront, 42.09, DistDow, 56.53, DistUp, 7.13
, DistFront, 42.48, DistDow, 56.96, DistUp, 7.13
, DistFront, 42.04, DistDow, 56.96, DistUp, 7.13
, DistFront, 42.35, DistDow, 57.35, DistUp, 59.71
, DistFront, 41.99, DistDow, 57.35, DistUp, 60.19
, DistFront, 56.04, DistDow, 56.92, DistUp, 7.13
, DistFront, 56.14, DistDow, 56.53, DistUp, 7.13
, DistFrontMean, 56.14, DistDowMean, 56.82, DistUpMean, 60.53
, DistFront, 56.14, DistDow, 56.97, DistUp, 7.16
, DistFront, 42.13, DistDow, 8.52, DistUp, 42.04
, DistFront, 42.13, DistDow, 8.98, DistUp, 41.46
, DistFront, 42.18, DistDow, 56.60, DistUp, 7.02
, DistFront, 56.24, DistDow, 56.48, DistUp, 60.17
, DistFront, 56.21, DistDow, 56.48, DistUp, 59.78
, DistFront, 56.24, DistDow, 57.33, DistUp, 59.83
, DistFront, 42.69, DistDow, 56.63, DistUp, 7.04
, DistFront, 56.28, DistDow, 56.63, DistUp, 60.73
, DistFront, 41.84, DistDow, 56.68, DistUp, 60.03
, DistFront, 56.77, DistDow, 56.68, DistUp, 60.92
, DistFront, 56.28, DistDow, 57.16, DistUp, 60.12
, DistFront, 56.33, DistDow, 57.09, DistUp, 60.07
, DistFront, 56.48, DistDow, 57.16, DistUp, 60.12
, DistFront, 56.53, DistDow, 57.19, DistUp, 61.04
, DistFront, 56.60, DistDow, 56.92, DistUp, 61.56
, DistFront, 57.09, DistDow, 57.45, DistUp, 62.09
, DistFront, 56.70, DistDow, 56.96, DistUp, 61.14
, DistFront, 42.70, DistDow, 57.11, DistUp, 7.04
, DistFront, 42.67, DistDow, 57.57, DistUp, 7.13
, DistFrontMean, 56.80, DistDowMean, 57.06, DistUpMean, 61.21
, DistFront, 56.68, DistDow, 57.57, DistUp, 7.13
, DistFront, 56.70, DistDow, 57.09, DistUp, 7.06
, DistFront, 56.85, DistDow, 57.11, DistUp, 7.02
, DistFront, 42.82, DistDow, 57.26, DistUp, 7.04
, DistFront, 43.28, DistDow, 57.70, DistUp, 7.13
, DistFront, 43.49, DistDow, 57.28, DistUp, 7.16
, DistFront, 43.55, DistDow, 57.18, DistUp, 7.02
, DistFront, 43.67, DistDow, 57.70, DistUp, 7.02
, DistFront, 43.25, DistDow, 57.76, DistUp, 7.13
, DistFront, 56.82, DistDow, 57.28, DistUp, 7.13
, DistFront, 43.18, DistDow, 57.24, DistUp, 7.04
, DistFront, 42.89, DistDow, 57.35, DistUp, 7.02
, DistFront, 44.10, DistDow, 57.76, DistUp, 7.16
, DistFront, 43.59, DistDow, 58.10, DistUp, 7.04
, DistFront, 43.69, DistDow, 58.23, DistUp, 7.02
, DistFront, 56.97, DistDow, 57.35, DistUp, 60.60
, DistFront, 43.62, DistDow, 57.40, DistUp, 61.73
, DistFront, 43.33, DistDow, 57.40, DistUp, 7.02
, DistFront, 56.97, DistDow, 57.35, DistUp, 60.60
, DistFront, 44.06, DistDow, 57.28, DistUp, 7.02
, DistFrontMean, 57.40, DistDowMean, 57.81, DistUpMean, 7.13
, DistFront, 57.40, DistDow, 57.28, DistUp, 7.02
, DistFront, 43.03, DistDow, 57.40, DistUp, 7.04
, DistFront, 42.98, DistDow, 57.40, DistUp, 7.13
, DistFront, 42.87, DistDow, 57.28, DistUp, 7.13
, DistFront, 42.82, DistDow, 57.28, DistUp, 7.02
, DistFront, 43.67, DistDow, 57.40, DistUp, 7.02
, DistFront, 42.98, DistDow, 57.40, DistUp, 7.13
, DistFront, 42.84, DistDow, 57.38, DistUp, 7.16
, DistFront, 42.89, DistDow, 57.28, DistUp, 7.11
, DistFront, 57.04, DistDow, 57.69, DistUp, 60.54
, DistFront, 42.93, DistDow, 57.40, DistUp, 7.16
, DistFront, 56.92, DistDow, 58.27, DistUp, 61.09
, DistFront, 43.74, DistDow, 57.84, DistUp, 7.04
, DistFront, 42.99, DistDow, 57.45, DistUp, 7.16
, DistFront, 43.27, DistDow, 57.45, DistUp, 7.16
, DistFront, 42.82, DistDow, 57.33, DistUp, 7.13
, DistFront, 42.87, DistDow, 57.76, DistUp, 7.02
, DistFront, 42.98, DistDow, 58.25, DistUp, 60.27
, DistFront, 56.90, DistDow, 57.38, DistUp, 7.13
, DistFront, 56.99, DistDow, 57.26, DistUp, 60.54
, DistFrontMean, 56.99, DistDowMean, 57.38, DistUpMean, 7.13
, DistFront, 57.02, DistDow, 57.77, DistUp, 60.97
, DistFront, 57.41, DistDow, 57.33, DistUp, 7.13
, DistFront, 56.85, DistDow, 57.76, DistUp, 7.13
, DistFront, 56.97, DistDow, 57.64, DistUp, 60.56
, DistFront, 56.97, DistDow, 57.74, DistUp, 61.80
, DistFront, 57.26, DistDow, 57.74, DistUp, 60.66
, DistFront, 56.92, DistDow, 57.18, DistUp, 61.38
, DistFront, 56.92, DistDow, 57.31, DistUp, 61.04
, DistFront, 56.84, DistDow, 57.64, DistUp, 60.54
, DistFront, 42.89, DistDow, 57.76, DistUp, 61.38
, DistFront, 43.11, DistDow, 57.35, DistUp, 60.63
, DistFront, 43.20, DistDow, 57.26, DistUp, 7.04
, DistFront, 42.89, DistDow, 57.35, DistUp, 7.04
, DistFront, 42.47, DistDow, 57.38, DistUp, 7.13
, DistFront, 43.23, DistDow, 57.40, DistUp, 7.13
, DistFront, 42.82, DistDow, 57.28, DistUp, 7.04
, DistFront, 42.53, DistDow, 57.38, DistUp, 7.02
, DistFront, 42.87, DistDow, 57.38, DistUp, 7.16
, DistFront, 43.25, DistDow, 58.23, DistUp, 7.13
, DistFront, 43.23, DistDow, 57.28, DistUp, 7.02
, DistFrontMean, 57.02, DistDowMean, 57.77, DistUpMean, 7.16
, DistFront, 56.99, DistDow, 57.40, DistUp, 7.04
, DistFront, 42.99, DistDow, 58.25, DistUp, 7.16
, DistFront, 42.93, DistDow, 58.25, DistUp, 60.63
, DistFront, 57.02, DistDow, 58.13, DistUp, 7.04
, DistFront, 42.98, DistDow, 57.45, DistUp, 7.13
, DistFront, 43.23, DistDow, 58.28, DistUp, 7.13
, DistFront, 43.78, DistDow, 57.40, DistUp, 7.04
, DistFront, 43.45, DistDow, 57.52, DistUp, 7.13
, DistFront, 43.40, DistDow, 57.82, DistUp, 7.04
, DistFront, 43.95, DistDow, 57.98, DistUp, 7.13
, DistFront, 43.88, DistDow, 57.99, DistUp, 61.11
, DistFront, 43.13, DistDow, 57.62, DistUp, 7.13
, DistFront, 43.52, DistDow, 58.49, DistUp, 60.41
, DistFront, 43.27, DistDow, 58.54, DistUp, 7.13
, DistFront, 43.62, DistDow, 57.74, DistUp, 61.26
, DistFront, 43.69, DistDow, 58.16, DistUp, 7.16
, DistFront, 43.91, DistDow, 57.81, DistUp, 7.13
, DistFront, 44.06, DistDow, 57.81, DistUp, 7.04
, DistFront, 43.78, DistDow, 58.27, DistUp, 7.16
, DistFront, 44.12, DistDow, 57.74, DistUp, 7.04
, DistFrontMean, 57.47, DistDowMean, 58.32, DistUpMean, 7.13
, DistFront, 57.52, DistDow, 58.33, DistUp, 7.16
, DistFront, 43.98, DistDow, 58.35, DistUp, 7.13
, DistFront, 43.89, DistDow, 57.91, DistUp, 7.04
, DistFront, 43.59, DistDow, 57.99, DistUp, 7.02
, DistFront, 58.03, DistDow, 57.99, DistUp, 7.16
, DistFront, 43.83, DistDow, 58.76, DistUp, 7.02
, DistFront, 44.39, DistDow, 58.45, DistUp, 7.13
, DistFront, 43.95, DistDow, 57.96, DistUp, 7.13
, DistFront, 57.64, DistDow, 57.99, DistUp, 7.04
, DistFront, 43.59, DistDow, 58.42, DistUp, 61.73
, DistFront, 44.27, DistDow, 57.99, DistUp, 7.04
, DistFront, 57.62, DistDow, 58.40, DistUp, 62.13
, DistFront, 43.54, DistDow, 58.74, DistUp, 61.62
, DistFront, 57.57, DistDow, 58.45, DistUp, 7.13
, DistFront, 57.67, DistDow, 57.93, DistUp, 7.02
, DistFront, 57.76, DistDow, 58.52, DistUp, 61.84
, DistFront, 57.81, DistDow, 58.55, DistUp, 7.04
, DistFront, 43.64, DistDow, 59.00, DistUp, 7.16
, DistFront, 44.03, DistDow, 58.10, DistUp, 62.69
, DistFront, 44.52, DistDow, 58.13, DistUp, 7.04
, DistFrontMean, 57.91, DistDowMean, 58.69, DistUpMean, 61.56
, DistFront, 57.93, DistDow, 58.32, DistUp, 7.16
, DistFront, 43.88, DistDow, 58.74, DistUp, 62.35
, DistFront, 57.98, DistDow, 58.33, DistUp, 7.13
, DistFront, 57.89, DistDow, 58.28, DistUp, 61.60
, DistFront, 44.06, DistDow, 58.84, DistUp, 7.13
, DistFront, 44.35, DistDow, 58.45, DistUp, 7.04
, DistFront, 58.03, DistDow, 58.89, DistUp, 62.11
, DistFront, 44.52, DistDow, 58.49, DistUp, 7.13
, DistFront, 44.42, DistDow, 59.25, DistUp, 62.99
, DistFront, 44.47, DistDow, 58.45, DistUp, 7.04
, DistFront, 44.97, DistDow, 58.54, DistUp, 7.13
, DistFront, 58.54, DistDow, 58.45, DistUp, 62.21
, DistFront, 58.13, DistDow, 59.32, DistUp, 62.69
, DistFront, 58.23, DistDow, 59.00, DistUp, 62.69
, DistFront, 58.67, DistDow, 58.61, DistUp, 62.40
, DistFront, 58.28, DistDow, 58.61, DistUp, 62.28
, DistFront, 58.18, DistDow, 58.52, DistUp, 62.28
, DistFront, 58.18, DistDow, 58.54, DistUp, 62.28
, DistFront, 58.28, DistDow, 58.61, DistUp, 7.13
, DistFront, 44.06, DistDow, 58.91, DistUp, 62.74
, DistFrontMean, 58.32, DistDowMean, 59.34, DistUpMean, 61.85
, DistFront, 58.20, DistDow, 58.95, DistUp, 62.74
, DistFront, 58.18, DistDow, 58.89, DistUp, 62.70
, DistFront, 44.12, DistDow, 59.06, DistUp, 61.92
, DistFront, 58.32, DistDow, 59.06, DistUp, 62.45
, DistFront, 58.32, DistDow, 58.67, DistUp, 61.90
, DistFront, 58.27, DistDow, 58.98, DistUp, 62.35
, DistFront, 58.69, DistDow, 59.03, DistUp, 61.96
, DistFront, 44.32, DistDow, 59.13, DistUp, 63.23
, DistFront, 58.42, DistDow, 58.74, DistUp, 7.13
, DistFront, 58.42, DistDow, 58.62, DistUp, 62.87
, DistFront, 44.32, DistDow, 59.17, DistUp, 7.04
, DistFront, 45.26, DistDow, 59.71, DistUp, 7.13
, DistFront, 45.17, DistDow, 58.89, DistUp, 7.13
, DistFront, 58.89, DistDow, 58.83, DistUp, 62.55
, DistFront, 44.71, DistDow, 59.71, DistUp, 62.18
, DistFront, 58.59, DistDow, 59.76, DistUp, 62.62
, DistFront, 58.62, DistDow, 59.83, DistUp, 62.69
, DistFront, 59.06, DistDow, 59.40, DistUp, 62.74
, DistFront, 58.71, DistDow, 59.12, DistUp, 7.04
, DistFront, 44.68, DistDow, 59.59, DistUp, 62.45
, DistFrontMean, 58.81, DistDowMean, 59.30, DistUpMean, 63.74
, DistFront, 58.84, DistDow, 59.61, DistUp, 7.04
, DistFront, 45.41, DistDow, 59.35, DistUp, 7.13
, DistFront, 45.43, DistDow, 59.42, DistUp, 7.13
, DistFront, 45.43, DistDow, 59.35, DistUp, 7.04
, DistFront, 59.03, DistDow, 59.81, DistUp, 63.11
, DistFront, 46.28, DistDow, 59.83, DistUp, 63.18
, DistFront, 45.92, DistDow, 60.32, DistUp, 7.02
, DistFront, 59.18, DistDow, 59.52, DistUp, 63.28
, DistFront, 59.23, DistDow, 60.02, DistUp, 64.17
, DistFront, 45.66, DistDow, 59.76, DistUp, 64.23
, DistFront, 45.77, DistDow, 59.81, DistUp, 63.55
, DistFront, 59.52, DistDow, 59.90, DistUp, 63.52
, DistFront, 59.90, DistDow, 59.85, DistUp, 7.02
, DistFront, 59.56, DistDow, 59.90, DistUp, 7.02
, DistFront, 46.04, DistDow, 60.82, DistUp, 64.12
, DistFront, 45.61, DistDow, 60.05, DistUp, 7.02
, DistFront, 45.66, DistDow, 60.53, DistUp, 64.20
, DistFront, 46.11, DistDow, 60.26, DistUp, 64.76
, DistFront, 59.91, DistDow, 60.70, DistUp, 63.03
, DistFront, 59.88, DistDow, 60.66, DistUp, 7.02
, DistFrontMean, 59.91, DistDowMean, 60.27, DistUpMean, 64.39
, DistFront, 59.91, DistDow, 60.73, DistUp, 63.59
, DistFront, 46.89, DistDow, 60.43, DistUp, 7.13
, DistFront, 46.53, DistDow, 61.28, DistUp, 64.03
, DistFront, 46.73, DistDow, 60.37, DistUp, 7.04
, DistFront, 46.82, DistDow, 60.83, DistUp, 7.02
, DistFront, 60.07, DistDow, 60.41, DistUp, 7.04
, DistFront, 46.04, DistDow, 60.48, DistUp, 7.02
, DistFront, 46.48, DistDow, 60.60, DistUp, 7.13
, DistFront, 46.12, DistDow, 60.56, DistUp, 7.04
, DistFront, 46.56, DistDow, 60.70, DistUp, 7.13
, DistFront, 46.12, DistDow, 61.12, DistUp, 7.13
, DistFront, 46.56, DistDow, 60.75, DistUp, 7.13
, DistFront, 47.09, DistDow, 60.75, DistUp, 7.16
, DistFront, 60.78, DistDow, 60.73, DistUp, 64.30
, DistFront, 60.26, DistDow, 60.63, DistUp, 7.04
, DistFront, 47.02, DistDow, 60.73, DistUp, 7.13
, DistFront, 46.12, DistDow, 60.75, DistUp, 7.13
, DistFront, 46.19, DistDow, 60.73, DistUp, 64.34
, DistFront, 46.09, DistDow, 60.60, DistUp, 7.16
, DistFront, 60.12, DistDow, 60.53, DistUp, 7.02
, DistFrontMean, 60.10, DistDowMean, 60.49, DistUpMean, 7.13
, DistFront, 60.05, DistDow, 60.46, DistUp, 7.16
, DistFront, 46.41, DistDow, 60.37, DistUp, 63.96
, DistFront, 46.28, DistDow, 60.32, DistUp, 7.04
, DistFront, 60.26, DistDow, 60.68, DistUp, 7.13
, DistFront, 60.27, DistDow, 60.68, DistUp, 63.38
, DistFront, 45.68, DistDow, 60.60, DistUp, 7.13
, DistFront, 45.95, DistDow, 60.07, DistUp, 7.16
, DistFront, 45.32, DistDow, 59.91, DistUp, 7.02
, DistFront, 45.63, DistDow, 59.71, DistUp, 7.04
, DistFront, 59.59, DistDow, 59.61, DistUp, 7.04
, DistFront, 59.06, DistDow, 59.47, DistUp, 62.60
, DistFront, 58.95, DistDow, 59.32, DistUp, 7.04
, DistFront, 45.60, DistDow, 60.12, DistUp, 7.13
, DistFront, 45.07, DistDow, 60.02, DistUp, 7.13
, DistFront, 45.68, DistDow, 59.76, DistUp, 62.04
, DistFront, 44.68, DistDow, 58.78, DistUp, 61.84
, DistFront, 44.76, DistDow, 58.59, DistUp, 7.13
, DistFront, 44.88, DistDow, 58.55, DistUp, 7.13
, DistFront, 44.23, DistDow, 59.13, DistUp, 7.02
, DistFront, 44.17, DistDow, 58.28, DistUp, 7.13
, DistFrontMean, 57.64, DistDowMean, 58.89, DistUpMean, 7.04
, DistFront, 57.96, DistDow, 58.03, DistUp, 7.13
, DistFront, 43.38, DistDow, 57.74, DistUp, 7.04
, DistFront, 44.18, DistDow, 57.69, DistUp, 7.13
, DistFront, 57.09, DistDow, 57.93, DistUp, 7.16
, DistFront, 57.04, DistDow, 57.69, DistUp, 60.49
, DistFront, 43.27, DistDow, 57.28, DistUp, 7.13
, DistFront, 43.04, DistDow, 58.03, DistUp, 7.16
, DistFront, 42.98, DistDow, 56.99, DistUp, 7.04
, DistFront, 43.40, DistDow, 57.45, DistUp, 7.02
, DistFront, 56.60, DistDow, 57.35, DistUp, 60.63
, DistFront, 56.55, DistDow, 57.28, DistUp, 59.76
, DistFront, 42.28, DistDow, 56.75, DistUp, 7.16
, DistFront, 43.10, DistDow, 56.77, DistUp, 7.04
, DistFront, 42.35, DistDow, 57.16, DistUp, 59.54
, DistFront, 42.60, DistDow, 57.16, DistUp, 7.13
, DistFront, 56.38, DistDow, 57.55, DistUp, 7.13
, DistFront, 56.24, DistDow, 56.70, DistUp, 7.13
, DistFront, 42.98, DistDow, 56.99, DistUp, 7.04
, DistFront, 42.64, DistDow, 56.70, DistUp, 7.04
, DistFront, 42.57, DistDow, 56.68, DistUp, 7.13
, DistFrontMean, 56.70, DistDowMean, 56.56, DistUpMean, 7.02
, DistFront, 56.73, DistDow, 56.68, DistUp, 7.13
, DistFront, 42.64, DistDow, 56.70, DistUp, 59.47
, DistFront, 43.10, DistDow, 56.68, DistUp, 7.04
, DistFront, 56.31, DistDow, 56.70, DistUp, 59.76
, DistFront, 42.64, DistDow, 56.70, DistUp, 7.13
, DistFront, 56.68, DistDow, 57.09, DistUp, 59.42
, DistFront, 42.48, DistDow, 56.68, DistUp, 59.39
, DistFront, 42.04, DistDow, 56.56, DistUp, 7.04
, DistFront, 42.60, DistDow, 56.60, DistUp, 7.04
, DistFront, 41.80, DistDow, 57.16, DistUp, 7.04
, DistFront, 42.28, DistDow, 56.84, DistUp, 7.13
, DistFront, 41.96, DistDow, 56.96, DistUp, 7.13
, DistFront, 42.89, DistDow, 57.81, DistUp, 59.34
, DistFront, 43.49, DistDow, 57.19, DistUp, 7.04
, DistFront, 56.90, DistDow, 57.31, DistUp, 7.13
, DistFront, 42.77, DistDow, 57.76, DistUp, 7.13
, DistFront, 56.89, DistDow, 57.24, DistUp, 60.97
, DistFront, 57.40, DistDow, 57.35, DistUp, 61.92
, DistFront, 57.33, DistDow, 57.69, DistUp, 7.13
, DistFront, 56.99, DistDow, 57.64, DistUp, 7.02
, DistFrontMean, 56.97, DistDowMean, 57.76, DistUpMean, 61.60
, DistFront, 56.97, DistDow, 57.31, DistUp, 7.13
, DistFront, 56.84, DistDow, 57.26, DistUp, 61.56
, DistFront, 56.89, DistDow, 57.19, DistUp, 61.89
, DistFront, 56.80, DistDow, 57.55, DistUp, 61.99
, DistFront, 56.85, DistDow, 57.11, DistUp, 193.96
, DistFront, 56.80, DistDow, 56.96, DistUp, 61.38
, DistFront, 43.20, DistDow, 57.40, DistUp, 61.45
, DistFront, 56.55, DistDow, 57.24, DistUp, 62.09
, DistFront, 56.60, DistDow, 56.84, DistUp, 62.57
, DistFront, 56.56, DistDow, 56.82, DistUp, 195.20
, DistFront, 56.97, DistDow, 57.21, DistUp, 194.34
, DistFront, 56.53, DistDow, 57.24, DistUp, 62.96
, DistFront, 56.56, DistDow, 57.21, DistUp, 194.74
, DistFront, 57.02, DistDow, 56.85, DistUp, 62.57
, DistFront, 56.53, DistDow, 57.33, DistUp, 62.52
, DistFront, 57.09, DistDow, 56.92, DistUp, 63.83
, DistFront, 56.60, DistDow, 56.97, DistUp, 61.41
, DistFront, 56.63, DistDow, 57.74, DistUp, 194.46
, DistFront, 56.80, DistDow, 57.04, DistUp, 62.76
, DistFront, 56.67, DistDow, 57.89, DistUp, 62.19
, DistFrontMean, 56.77, DistDowMean, 57.04, DistUpMean, 61.89
, DistFront, 56.77, DistDow, 57.45, DistUp, 61.77
, DistFront, 56.63, DistDow, 56.99, DistUp, 62.69
, DistFront, 56.68, DistDow, 57.31, DistUp, 194.06
, DistFront, 56.70, DistDow, 57.69, DistUp, 61.73
, DistFront, 56.70, DistDow, 57.81, DistUp, 61.82
, DistFront, 56.56, DistDow, 56.85, DistUp, 62.57
, DistFront, 56.75, DistDow, 57.41, DistUp, 61.84
, DistFront, 56.62, DistDow, 57.40, DistUp, 61.45
, DistFront, 56.80, DistDow, 57.33, DistUp, 63.49
, DistFront, 57.13, DistDow, 57.48, DistUp, 61.92
, DistFront, 57.28, DistDow, 57.55, DistUp, 61.48
, DistFront, 56.89, DistDow, 57.19, DistUp, 62.04
, DistFront, 56.96, DistDow, 57.09, DistUp, 3439.83
, DistFront, 46.82, DistDow, 57.87, DistUp, 7.13
, DistFront, 57.16, DistDow, 57.35, DistUp, 60.83
, DistFront, 57.19, DistDow, 57.52, DistUp, 61.33
, DistFront, 57.09, DistDow, 57.40, DistUp, 61.28
, DistFront, 57.19, DistDow, 57.48, DistUp, 60.99
, DistFront, 57.13, DistDow, 57.48, DistUp, 7.16
, DistFront, 57.24, DistDow, 57.84, DistUp, 63.42
, DistFrontMean, 57.11, DistDowMean, 57.82, DistUpMean, 62.18
, DistFront, 57.11, DistDow, 57.40, DistUp, 61.73
, DistFront, 57.19, DistDow, 57.48, DistUp, 61.38
, DistFront, 57.04, DistDow, 57.45, DistUp, 61.75
, DistFront, 57.11, DistDow, 57.31, DistUp, 61.97
, DistFront, 57.04, DistDow, 57.35, DistUp, 61.19
, DistFront, 56.96, DistDow, 57.64, DistUp, 61.09
, DistFront, 56.99, DistDow, 57.70, DistUp, 61.56
, DistFront, 56.84, DistDow, 57.24, DistUp, 61.09
, DistFront, 57.28, DistDow, 57.53, DistUp, 7.04
, DistFront, 57.24, DistDow, 57.16, DistUp, 7.02
, DistFront, 43.11, DistDow, 57.52, DistUp, 60.49
, DistFront, 43.03, DistDow, 56.96, DistUp, 61.60
, DistFront, 43.42, DistDow, 57.47, DistUp, 59.95
, DistFront, 56.50, DistDow, 57.41, DistUp, 60.70
, DistFront, 42.45, DistDow, 56.89, DistUp, 7.02
, DistFront, 42.91, DistDow, 56.99, DistUp, 7.02
, DistFront, 56.62, DistDow, 57.41, DistUp, 60.70
, DistFront, 42.06, DistDow, 57.02, DistUp, 7.13
, DistFront, 56.63, DistDow, 57.38, DistUp, 61.55
, DistFront, 42.28, DistDow, 57.16, DistUp, 60.77
, DistFrontMean, 56.70, DistDowMean, 57.48, DistUpMean, 61.26
, DistFront, 56.77, DistDow, 57.64, DistUp, 7.13
, DistFront, 56.96, DistDow, 57.60, DistUp, 61.41
, DistFront, 57.45, DistDow, 57.77, DistUp, 61.60
, DistFront, 57.04, DistDow, 57.31, DistUp, 62.40
, DistFront, 57.53, DistDow, 57.47, DistUp, 7.13
, DistFront, 43.49, DistDow, 57.40, DistUp, 7.16
, DistFront, 57.19, DistDow, 57.55, DistUp, 61.70
, DistFront, 57.13, DistDow, 57.91, DistUp, 61.73
, DistFront, 57.69, DistDow, 57.47, DistUp, 62.19
, DistFront, 57.62, DistDow, 58.03, DistUp, 63.04
, DistFront, 57.33, DistDow, 57.64, DistUp, 62.62
, DistFront, 57.24, DistDow, 58.45, DistUp, 61.38
, DistFront, 43.28, DistDow, 58.18, DistUp, 7.13
, DistFront, 43.67, DistDow, 57.69, DistUp, 7.04
, DistFront, 57.41, DistDow, 57.81, DistUp, 61.85
, DistFront, 57.33, DistDow, 58.10, DistUp, 61.90
, DistFront, 57.48, DistDow, 58.20, DistUp, 62.93
, DistFront, 57.52, DistDow, 58.18, DistUp, 62.89
, DistFront, 57.84, DistDow, 57.70, DistUp, 62.93
, DistFront, 57.53, DistDow, 58.67, DistUp, 62.24
, DistFrontMean, 57.57, DistDowMean, 57.87, DistUpMean, 62.69
, DistFront, 57.62, DistDow, 58.33, DistUp, 62.76
, DistFront, 58.13, DistDow, 57.89, DistUp, 61.89
, DistFront, 57.76, DistDow, 58.11, DistUp, 61.56
, DistFront, 57.93, DistDow, 58.23, DistUp, 63.49
, DistFront, 58.45, DistDow, 58.32, DistUp, 62.74
, DistFront, 58.10, DistDow, 58.83, DistUp, 64.06
, DistFront, 58.18, DistDow, 58.88, DistUp, 65.05
, DistFront, 58.28, DistDow, 58.96, DistUp, 194.63
, DistFront, 58.28, DistDow, 58.54, DistUp, 63.47
, DistFront, 58.38, DistDow, 58.62, DistUp, 63.16
, DistFront, 58.45, DistDow, 58.69, DistUp, 193.38
, DistFront, 58.55, DistDow, 58.78, DistUp, 64.17
, DistFront, 58.71, DistDow, 58.96, DistUp, 171.82
, DistFront, 59.18, DistDow, 58.98, DistUp, 142.09
, DistFront, 59.25, DistDow, 59.34, DistUp, 194.03
, DistFront, 59.32, DistDow, 59.54, DistUp, 194.17
, DistFront, 59.00, DistDow, 59.25, DistUp, 195.43
, DistFront, 59.00, DistDow, 59.23, DistUp, 193.81
, DistFront, 59.23, DistDow, 59.42, DistUp, 64.46
, DistFront, 59.61, DistDow, 59.83, DistUp, 194.49
, DistFrontMean, 59.39, DistDowMean, 59.59, DistUpMean, 193.71
, DistFront, 59.46, DistDow, 60.10, DistUp, 193.78
, DistFront, 59.42, DistDow, 60.05, DistUp, 193.81
, DistFront, 59.59, DistDow, 60.20, DistUp, 196.67
, DistFront, 59.52, DistDow, 60.17, DistUp, 193.45
, DistFront, 59.63, DistDow, 59.88, DistUp, 168.35
, DistFront, 59.52, DistDow, 59.78, DistUp, 168.25
, DistFront, 59.63, DistDow, 60.68, DistUp, 168.71
, DistFront, 59.47, DistDow, 59.71, DistUp, 64.69
, DistFront, 59.54, DistDow, 60.19, DistUp, 194.39
, DistFront, 59.42, DistDow, 59.68, DistUp, 64.63
, DistFront, 59.39, DistDow, 59.59, DistUp, 64.03
, DistFront, 59.18, DistDow, 59.81, DistUp, 64.35
, DistFront, 59.68, DistDow, 59.49, DistUp, 65.26
, DistFront, 59.49, DistDow, 59.81, DistUp, 63.81
, DistFront, 59.00, DistDow, 59.25, DistUp, 64.17
, DistFront, 59.06, DistDow, 59.32, DistUp, 64.12
, DistFront, 59.03, DistDow, 59.71, DistUp, 3429.25
, DistFront, 48.28, DistDow, 58.89, DistUp, 63.71
, DistFront, 58.74, DistDow, 58.89, DistUp, 63.67
, DistFront, 58.67, DistDow, 59.71, DistUp, 63.61
, DistFrontMean, 58.64, DistDowMean, 59.34, DistUpMean, 63.55
, DistFront, 58.62, DistDow, 58.91, DistUp, 63.62
, DistFront, 58.54, DistDow, 58.88, DistUp, 63.88
, DistFront, 58.47, DistDow, 59.23, DistUp, 7.13
, DistFront, 44.88, DistDow, 59.23, DistUp, 63.89
, DistFront, 44.81, DistDow, 59.63, DistUp, 64.30
, DistFront, 58.33, DistDow, 59.52, DistUp, 62.06
, DistFront, 58.33, DistDow, 58.67, DistUp, 62.09
, DistFront, 58.45, DistDow, 59.18, DistUp, 7.16
, DistFront, 44.68, DistDow, 59.59, DistUp, 62.53
, DistFront, 58.32, DistDow, 58.76, DistUp, 7.13
, DistFront, 58.88, DistDow, 58.76, DistUp, 63.91
, DistFront, 58.49, DistDow, 58.78, DistUp, 62.69
, DistFront, 58.91, DistDow, 58.78, DistUp, 63.47
, DistFront, 58.40, DistDow, 58.84, DistUp, 7.13
, DistFront, 58.96, DistDow, 58.84, DistUp, 62.77
, DistFront, 58.59, DistDow, 59.32, DistUp, 63.11
, DistFront, 45.31, DistDow, 58.89, DistUp, 63.55
, DistFront, 58.96, DistDow, 58.84, DistUp, 64.00
, DistFront, 58.61, DistDow, 59.30, DistUp, 63.64
, DistFront, 58.74, DistDow, 59.32, DistUp, 63.67
, DistFrontMean, 58.76, DistDowMean, 59.06, DistUpMean, 63.67
, DistFront, 58.76, DistDow, 59.91, DistUp, 63.83
, DistFront, 59.23, DistDow, 59.13, DistUp, 63.45
, DistFront, 58.83, DistDow, 59.18, DistUp, 62.53
, DistFront, 58.88, DistDow, 59.17, DistUp, 7.16
, DistFront, 58.88, DistDow, 59.23, DistUp, 62.69
, DistFront, 58.91, DistDow, 59.23, DistUp, 63.55
, DistFront, 58.95, DistDow, 59.68, DistUp, 63.47
, DistFront, 58.89, DistDow, 59.27, DistUp, 7.13
, DistFront, 58.98, DistDow, 59.71, DistUp, 63.54
, DistFront, 45.27, DistDow, 59.34, DistUp, 63.54
, DistFront, 58.95, DistDow, 59.20, DistUp, 64.39
, DistFront, 59.03, DistDow, 59.61, DistUp, 64.39
, DistFront, 59.03, DistDow, 59.32, DistUp, 63.64
, DistFront, 59.03, DistDow, 59.76, DistUp, 63.23
, DistFront, 44.98, DistDow, 59.74, DistUp, 63.62
, DistFront, 59.03, DistDow, 59.78, DistUp, 63.54
, DistFront, 45.27, DistDow, 59.71, DistUp, 62.69
, DistFront, 45.63, DistDow, 59.68, DistUp, 63.11
, DistFront, 58.95, DistDow, 59.68, DistUp, 62.67
, DistFront, 58.95, DistDow, 59.68, DistUp, 62.69
, DistFrontMean, 59.00, DistDowMean, 60.05, DistUpMean, 63.06
, DistFront, 59.40, DistDow, 59.32, DistUp, 62.74
, DistFront, 58.95, DistDow, 59.27, DistUp, 7.16
, DistFront, 58.89, DistDow, 59.63, DistUp, 63.04
, DistFront, 58.83, DistDow, 59.17, DistUp, 62.98
, DistFront, 58.81, DistDow, 59.12, DistUp, 7.13
, DistFront, 45.39, DistDow, 58.98, DistUp, 62.69
, DistFront, 59.05, DistDow, 58.88, DistUp, 7.02
, DistFront, 58.42, DistDow, 59.63, DistUp, 62.53
, DistFront, 58.33, DistDow, 59.12, DistUp, 62.04
, DistFront, 44.18, DistDow, 59.59, DistUp, 62.40
, DistFront, 44.68, DistDow, 58.67, DistUp, 7.16
, DistFront, 58.25, DistDow, 59.03, DistUp, 7.02
, DistFront, 58.10, DistDow, 58.88, DistUp, 62.18
, DistFront, 58.03, DistDow, 58.83, DistUp, 62.13
, DistFront, 44.42, DistDow, 58.88, DistUp, 7.16
, DistFront, 58.04, DistDow, 59.17, DistUp, 62.04
, DistFront, 58.32, DistDow, 59.12, DistUp, 61.12
, DistFront, 44.18, DistDow, 58.35, DistUp, 7.13
, DistFront, 57.93, DistDow, 58.71, DistUp, 62.31
, DistFront, 43.71, DistDow, 58.18, DistUp, 7.02
, DistFrontMean, 57.89, DistDowMean, 58.27, DistUpMean, 7.13
, DistFront, 57.84, DistDow, 58.23, DistUp, 7.13
, DistFront, 57.84, DistDow, 58.55, DistUp, 61.85
, DistFront, 58.20, DistDow, 58.54, DistUp, 61.02
, DistFront, 57.64, DistDow, 58.42, DistUp, 7.02
, DistFront, 57.70, DistDow, 58.06, DistUp, 7.13
, DistFront, 43.54, DistDow, 58.35, DistUp, 62.52
, DistFront, 57.64, DistDow, 57.99, DistUp, 7.13
, DistFront, 43.91, DistDow, 58.28, DistUp, 61.21
, DistFront, 43.42, DistDow, 58.35, DistUp, 61.28
, DistFront, 43.54, DistDow, 57.93, DistUp, 7.02
, DistFront, 43.32, DistDow, 57.91, DistUp, 7.13
, DistFront, 43.78, DistDow, 58.32, DistUp, 60.63
, DistFront, 57.38, DistDow, 58.27, DistUp, 61.89
, DistFront, 43.81, DistDow, 57.82, DistUp, 7.13
, DistFront, 57.33, DistDow, 57.82, DistUp, 7.16
, DistFront, 43.69, DistDow, 58.11, DistUp, 7.04
, DistFront, 43.33, DistDow, 58.16, DistUp, 61.48
, DistFront, 57.38, DistDow, 58.06, DistUp, 7.04
, DistFront, 43.69, DistDow, 58.16, DistUp, 7.13
, DistFront, 57.26, DistDow, 58.03, DistUp, 61.34
, DistFrontMean, 57.21, DistDowMean, 57.70, DistUpMean, 7.16
, DistFront, 57.33, DistDow, 57.70, DistUp, 7.13
, DistFront, 57.24, DistDow, 58.11, DistUp, 61.73
, DistFront, 57.35, DistDow, 57.74, DistUp, 7.16
, DistFront, 43.18, DistDow, 57.74, DistUp, 7.13
, DistFront, 57.35, DistDow, 58.03, DistUp, 61.34
, DistFront, 57.35, DistDow, 58.13, DistUp, 61.05
, DistFront, 57.38, DistDow, 58.13, DistUp, 61.80
, DistFront, 57.31, DistDow, 58.18, DistUp, 61.39
, DistFront, 57.84, DistDow, 58.18, DistUp, 61.14
, DistFront, 57.38, DistDow, 57.74, DistUp, 62.33
, DistFront, 57.40, DistDow, 58.28, DistUp, 61.26
, DistFront, 57.55, DistDow, 58.33, DistUp, 62.16
, DistFront, 57.60, DistDow, 58.27, DistUp, 61.24
, DistFront, 57.99, DistDow, 58.42, DistUp, 62.99
, DistFront, 58.13, DistDow, 58.47, DistUp, 62.28
, DistFront, 58.20, DistDow, 58.54, DistUp, 61.96
, DistFront, 57.81, DistDow, 58.88, DistUp, 61.90
, DistFront, 57.76, DistDow, 58.47, DistUp, 61.48
, DistFront, 44.18, DistDow, 58.64, DistUp, 62.04
, DistFront, 57.89, DistDow, 58.25, DistUp, 63.35
, DistFrontMean, 57.93, DistDowMean, 58.28, DistUpMean, 62.93
, DistFront, 58.38, DistDow, 59.13, DistUp, 62.55
, DistFront, 58.03, DistDow, 58.74, DistUp, 62.99
, DistFront, 58.45, DistDow, 58.27, DistUp, 7.02
, DistFront, 57.96, DistDow, 58.83, DistUp, 62.55
, DistFront, 58.52, DistDow, 58.42, DistUp, 62.69
, DistFront, 58.11, DistDow, 58.45, DistUp, 61.89
, DistFront, 58.59, DistDow, 58.91, DistUp, 62.19
, DistFront, 58.20, DistDow, 58.42, DistUp, 62.21
, DistFront, 58.11, DistDow, 58.84, DistUp, 63.11
, DistFront, 58.11, DistDow, 58.42, DistUp, 62.28
, DistFront, 58.13, DistDow, 58.59, DistUp, 7.16
, DistFront, 58.28, DistDow, 58.55, DistUp, 62.89
, DistFront, 58.71, DistDow, 58.61, DistUp, 62.47
, DistFront, 58.32, DistDow, 58.61, DistUp, 63.23
, DistFront, 58.32, DistDow, 58.64, DistUp, 63.76
, DistFront, 58.35, DistDow, 58.67, DistUp, 62.93
, DistFront, 58.35, DistDow, 58.67, DistUp, 62.82
, DistFront, 58.35, DistDow, 58.67, DistUp, 62.84
, DistFront, 58.78, DistDow, 59.06, DistUp, 62.41
, DistFront, 58.23, DistDow, 58.64, DistUp, 7.13
, DistFrontMean, 58.35, DistDowMean, 58.67, DistUpMean, 63.76
, DistFront, 58.33, DistDow, 59.06, DistUp, 63.35
, DistFront, 58.76, DistDow, 58.62, DistUp, 62.48
, DistFront, 58.32, DistDow, 58.62, DistUp, 62.48
, DistFront, 58.32, DistDow, 59.03, DistUp, 62.47
, DistFront, 58.69, DistDow, 58.59, DistUp, 62.33
, DistFront, 58.25, DistDow, 58.47, DistUp, 62.76
, DistFront, 58.54, DistDow, 58.88, DistUp, 7.02
, DistFront, 44.95, DistDow, 58.54, DistUp, 63.13
, DistFront, 58.20, DistDow, 58.54, DistUp, 64.39
, DistFront, 58.16, DistDow, 58.89, DistUp, 63.10
, DistFront, 58.13, DistDow, 58.49, DistUp, 64.00
, DistFront, 58.55, DistDow, 58.89, DistUp, 63.16
, DistFront, 58.11, DistDow, 58.83, DistUp, 62.31
, DistFront, 58.11, DistDow, 58.45, DistUp, 62.57
, DistFront, 58.52, DistDow, 58.69, DistUp, 62.98
, DistFront, 57.93, DistDow, 58.27, DistUp, 62.99
, DistFront, 57.96, DistDow, 58.69, DistUp, 63.38
, DistFront, 57.93, DistDow, 59.10, DistUp, 63.38
, DistFront, 58.35, DistDow, 58.23, DistUp, 63.78
, DistFront, 57.89, DistDow, 58.23, DistUp, 62.55
, DistFrontMean, 58.32, DistDowMean, 58.33, DistUpMean, 7.16
, DistFront, 57.98, DistDow, 58.32, DistUp, 63.04
, DistFront, 57.99, DistDow, 59.13, DistUp, 62.60
, DistFront, 57.99, DistDow, 58.62, DistUp, 62.48
, DistFront, 57.99, DistDow, 58.62, DistUp, 62.48
, DistFront, 57.89, DistDow, 58.23, DistUp, 63.33
, DistFront, 57.89, DistDow, 58.23, DistUp, 62.93
, DistFront, 44.18, DistDow, 58.33, DistUp, 63.81
, DistFront, 58.45, DistDow, 58.74, DistUp, 63.78
, DistFront, 58.06, DistDow, 59.18, DistUp, 62.64
, DistFront, 58.04, DistDow, 58.78, DistUp, 62.64
, DistFront, 58.06, DistDow, 58.38, DistUp, 62.55
, DistFront, 58.10, DistDow, 58.71, DistUp, 62.55
, DistFront, 57.98, DistDow, 58.71, DistUp, 63.42
, DistFront, 57.99, DistDow, 58.32, DistUp, 63.04
, DistFront, 58.03, DistDow, 58.88, DistUp, 7.13
, DistFront, 58.55, DistDow, 58.45, DistUp, 63.16
, DistFront, 58.13, DistDow, 58.45, DistUp, 63.59
, DistFront, 58.13, DistDow, 58.47, DistUp, 62.26
, DistFront, 58.20, DistDow, 58.42, DistUp, 63.54
, DistFront, 58.64, DistDow, 58.88, DistUp, 62.70
, DistFrontMean, 58.27, DistDowMean, 59.03, DistUpMean, 63.18
, DistFront, 58.18, DistDow, 58.49, DistUp, 63.20
, DistFront, 58.23, DistDow, 58.55, DistUp, 62.41
, DistFront, 58.32, DistDow, 59.03, DistUp, 62.48
, DistFront, 58.33, DistDow, 58.69, DistUp, 63.38
, DistFront, 58.45, DistDow, 58.78, DistUp, 63.04
, DistFront, 58.61, DistDow, 58.83, DistUp, 63.55
, DistFront, 58.64, DistDow, 59.39, DistUp, 62.84
, DistFront, 58.71, DistDow, 59.05, DistUp, 62.89
, DistFront, 58.76, DistDow, 59.49, DistUp, 62.96
, DistFront, 58.71, DistDow, 59.54, DistUp, 7.13
, DistFront, 58.84, DistDow, 59.61, DistUp, 63.42
, DistFront, 59.18, DistDow, 59.59, DistUp, 7.16
, DistFront, 58.89, DistDow, 59.63, DistUp, 63.38
, DistFront, 58.78, DistDow, 59.66, DistUp, 7.13
, DistFront, 59.34, DistDow, 59.25, DistUp, 7.13
, DistFront, 58.95, DistDow, 59.68, DistUp, 63.11
, DistFront, 45.34, DistDow, 59.68, DistUp, 7.13
, DistFront, 59.00, DistDow, 59.71, DistUp, 63.91
, DistFront, 45.70, DistDow, 59.59, DistUp, 63.95
, DistFront, 59.34, DistDow, 59.20, DistUp, 63.11
, DistFrontMean, 58.91, DistDowMean, 59.20, DistUpMean, 63.11
, DistFront, 59.03, DistDow, 60.07, DistUp, 63.13
, DistFront, 58.62, DistDow, 59.71, DistUp, 64.10
, DistFront, 59.05, DistDow, 59.74, DistUp, 64.42
, DistFront, 45.73, DistDow, 59.66, DistUp, 63.16
, DistFront, 58.95, DistDow, 59.63, DistUp, 64.46
, DistFront, 59.05, DistDow, 59.34, DistUp, 64.56
, DistFront, 59.06, DistDow, 59.34, DistUp, 63.28
, DistFront, 58.95, DistDow, 59.25, DistUp, 64.03
, DistFront, 58.95, DistDow, 59.25, DistUp, 64.88
, DistFront, 59.49, DistDow, 59.78, DistUp, 63.74
, DistFront, 59.10, DistDow, 59.39, DistUp, 63.64
, DistFront, 45.39, DistDow, 59.88, DistUp, 7.13
, DistFront, 59.20, DistDow, 59.54, DistUp, 7.16
, DistFront, 59.66, DistDow, 59.59, DistUp, 63.69
, DistFront, 44.98, DistDow, 59.49, DistUp, 63.28
, DistFront, 45.53, DistDow, 59.52, DistUp, 63.74
, DistFront, 45.14, DistDow, 59.98, DistUp, 7.02
, DistFront, 59.76, DistDow, 60.12, DistUp, 63.47
, DistFront, 45.27, DistDow, 59.71, DistUp, 63.91
, DistFront, 59.39, DistDow, 60.19, DistUp, 63.83
, DistFrontMean, 59.32, DistDowMean, 59.66, DistUpMean, 7.09
, DistFront, 59.32, DistDow, 60.07, DistUp, 7.16
, DistFront, 45.83, DistDow, 59.68, DistUp, 7.13
, DistFront, 59.34, DistDow, 60.53, DistUp, 7.16
, DistFront, 45.73, DistDow, 59.69, DistUp, 7.13
, DistFront, 59.42, DistDow, 60.24, DistUp, 62.99
, DistFront, 59.34, DistDow, 60.07, DistUp, 63.42
, DistFront, 59.46, DistDow, 60.19, DistUp, 7.16
, DistFront, 59.83, DistDow, 59.78, DistUp, 7.02
, DistFront, 45.70, DistDow, 59.68, DistUp, 62.57
, DistFront, 46.04, DistDow, 60.19, DistUp, 7.13
, DistFront, 59.40, DistDow, 60.61, DistUp, 7.13
, DistFront, 45.24, DistDow, 60.14, DistUp, 63.95
, DistFront, 59.40, DistDow, 59.74, DistUp, 62.98
, DistFront, 59.30, DistDow, 60.49, DistUp, 7.02
, DistFront, 45.68, DistDow, 60.07, DistUp, 62.57
, DistFront, 45.24, DistDow, 60.07, DistUp, 62.57
, DistFront, 45.27, DistDow, 60.19, DistUp, 63.13
, DistFront, 46.19, DistDow, 59.78, DistUp, 7.16
, DistFront, 45.34, DistDow, 59.81, DistUp, 63.16
, DistFront, 45.78, DistDow, 59.78, DistUp, 63.54
, DistFrontMean, 59.42, DistDowMean, 59.78, DistUpMean, 63.45
, DistFront, 59.32, DistDow, 59.68, DistUp, 64.27
, DistFront, 45.39, DistDow, 8.52, DistUp, 45.19
, DistFront, 45.34, DistDow, 59.78, DistUp, 63.55
, DistFront, 45.46, DistDow, 59.78, DistUp, 63.54
, DistFront, 45.46, DistDow, 60.19, DistUp, 7.16
, DistFront, 59.39, DistDow, 60.19, DistUp, 63.83
, DistFront, 45.19, DistDow, 60.10, DistUp, 63.45
, DistFront, 59.40, DistDow, 60.07, DistUp, 63.45
, DistFront, 59.40, DistDow, 60.14, DistUp, 63.55
, DistFront, 59.30, DistDow, 59.63, DistUp, 7.16
, DistFront, 45.75, DistDow, 59.74, DistUp, 7.13
, DistFront, 59.40, DistDow, 59.74, DistUp, 63.38
, DistFront, 59.35, DistDow, 59.69, DistUp, 63.52
, DistFront, 45.27, DistDow, 59.69, DistUp, 63.40
, DistFront, 45.05, DistDow, 59.98, DistUp, 63.78
, DistFront, 59.66, DistDow, 60.39, DistUp, 62.93
, DistFront, 59.30, DistDow, 59.66, DistUp, 63.47
, DistFront, 59.30, DistDow, 59.66, DistUp, 7.16
, DistFront, 59.30, DistDow, 60.03, DistUp, 62.99
, DistFront, 59.20, DistDow, 60.05, DistUp, 7.13
, DistFrontMean, 59.27, DistDowMean, 59.59, DistUpMean, 63.40
, DistFront, 59.18, DistDow, 60.34, DistUp, 63.28
, DistFront, 59.17, DistDow, 59.49, DistUp, 63.32
, DistFront, 59.25, DistDow, 60.02, DistUp, 63.27
, DistFront, 59.68, DistDow, 59.56, DistUp, 64.20
, DistFront, 59.56, DistDow, 59.49, DistUp, 7.13
, DistFront, 59.25, DistDow, 59.97, DistUp, 63.67
, DistFront, 59.06, DistDow, 59.42, DistUp, 63.25
, DistFront, 59.10, DistDow, 59.83, DistUp, 63.64
, DistFront, 59.18, DistDow, 59.47, DistUp, 63.74
, DistFront, 45.54, DistDow, 59.95, DistUp, 63.62
, DistFront, 45.27, DistDow, 59.83, DistUp, 7.16
, DistFront, 59.17, DistDow, 60.34, DistUp, 63.18
, DistFront, 59.05, DistDow, 59.78, DistUp, 64.05
, DistFront, 45.46, DistDow, 59.39, DistUp, 64.05
, DistFront, 59.17, DistDow, 59.90, DistUp, 63.76
, DistFront, 59.13, DistDow, 59.47, DistUp, 63.74
, DistFront, 59.49, DistDow, 59.39, DistUp, 63.64
, DistFront, 59.49, DistDow, 60.24, DistUp, 63.64
, DistFront, 59.20, DistDow, 59.95, DistUp, 63.76
, DistFront, 59.20, DistDow, 59.95, DistUp, 63.62
, DistFrontMean, 59.06, DistDowMean, 59.54, DistUpMean, 7.16
, DistFront, 59.18, DistDow, 60.27, DistUp, 63.64
, DistFront, 59.49, DistDow, 59.85, DistUp, 63.64
, DistFront, 59.61, DistDow, 59.95, DistUp, 64.17
, DistFront, 59.61, DistDow, 59.95, DistUp, 7.13
, DistFront, 59.59, DistDow, 59.95, DistUp, 63.61
, DistFront, 59.05, DistDow, 59.83, DistUp, 64.46
, DistFront, 59.61, DistDow, 59.95, DistUp, 64.05
, DistFront, 59.61, DistDow, 59.95, DistUp, 64.17
, DistFront, 59.10, DistDow, 59.83, DistUp, 63.64
, DistFront, 59.18, DistDow, 59.42, DistUp, 63.64
, DistFront, 59.20, DistDow, 59.54, DistUp, 62.91
, DistFront, 59.20, DistDow, 60.39, DistUp, 63.64
, DistFront, 59.10, DistDow, 59.83, DistUp, 63.27
, DistFront, 59.66, DistDow, 59.98, DistUp, 63.35
, DistFront, 59.25, DistDow, 59.59, DistUp, 64.20
, DistFront, 59.17, DistDow, 59.88, DistUp, 63.69
, DistFront, 59.18, DistDow, 60.34, DistUp, 63.71
, DistFront, 59.27, DistDow, 59.63, DistUp, 64.25
, DistFront, 45.68, DistDow, 8.16, DistUp, 45.78
, DistFront, 59.61, DistDow, 59.54, DistUp, 7.04
, DistFrontMean, 59.18, DistDowMean, 59.95, DistUpMean, 62.91
, DistFront, 59.17, DistDow, 59.54, DistUp, 62.91
, DistFront, 59.30, DistDow, 59.66, DistUp, 63.88
, DistFront, 59.30, DistDow, 59.63, DistUp, 63.03
, DistFront, 59.20, DistDow, 60.05, DistUp, 63.35
, DistFront, 59.63, DistDow, 60.39, DistUp, 63.35
, DistFront, 59.74, DistDow, 60.10, DistUp, 63.06
, DistFront, 59.34, DistDow, 59.69, DistUp, 63.81
, DistFront, 59.66, DistDow, 59.54, DistUp, 64.66
, DistFront, 59.23, DistDow, 59.54, DistUp, 64.25
, DistFront, 59.32, DistDow, 59.66, DistUp, 64.76
, DistFront, 59.23, DistDow, 59.61, DistUp, 63.83
, DistFront, 59.23, DistDow, 59.52, DistUp, 64.25
, DistFront, 59.34, DistDow, 60.49, DistUp, 64.35
, DistFront, 59.34, DistDow, 59.63, DistUp, 64.35
, DistFront, 59.23, DistDow, 59.97, DistUp, 63.83
, DistFront, 59.34, DistDow, 59.98, DistUp, 63.45
, DistFront, 59.34, DistDow, 60.10, DistUp, 63.96
, DistFront, 59.23, DistDow, 59.56, DistUp, 63.45
, DistFront, 59.30, DistDow, 60.43, DistUp, 63.42
, DistFront, 59.39, DistDow, 59.69, DistUp, 63.11
, DistFrontMean, 59.03, DistDowMean, 60.12, DistUpMean, 64.42
, DistFront, 59.71, DistDow, 60.03, DistUp, 64.30
, DistFront, 59.30, DistDow, 59.63, DistUp, 62.67
, DistFront, 59.85, DistDow, 59.74, DistUp, 62.76
, DistFront, 59.85, DistDow, 60.49, DistUp, 63.89
, DistFront, 59.30, DistDow, 59.63, DistUp, 63.91
, DistFront, 59.39, DistDow, 60.14, DistUp, 63.55
, DistFront, 59.30, DistDow, 59.68, DistUp, 62.99
, DistFront, 59.23, DistDow, 59.98, DistUp, 63.42
, DistFront, 59.30, DistDow, 59.63, DistUp, 63.06
, DistFront, 59.30, DistDow, 59.59, DistUp, 63.88
, DistFront, 59.54, DistDow, 59.42, DistUp, 64.10
, DistFront, 59.03, DistDow, 59.78, DistUp, 63.20
, DistFront, 58.95, DistDow, 59.69, DistUp, 63.06
, DistFront, 58.83, DistDow, 59.18, DistUp, 62.96
, DistFront, 58.89, DistDow, 59.52, DistUp, 63.32
, DistFront, 44.74, DistDow, 59.18, DistUp, 62.91
, DistFront, 44.66, DistDow, 59.10, DistUp, 61.96
, DistFront, 45.39, DistDow, 59.46, DistUp, 62.70
, DistFront, 44.46, DistDow, 58.95, DistUp, 7.13
, DistFront, 45.19, DistDow, 58.88, DistUp, 7.16
, DistFrontMean, 58.45, DistDowMean, 59.23, DistUpMean, 7.13
, DistFront, 58.33, DistDow, 59.17, DistUp, 7.04
, DistFront, 58.13, DistDow, 58.59, DistUp, 7.02
, DistFront, 44.54, DistDow, 59.03, DistUp, 62.60
, DistFront, 44.46, DistDow, 58.91, DistUp, 7.13
, DistFront, 43.95, DistDow, 58.47, DistUp, 7.04
, DistFront, 57.93, DistDow, 58.78, DistUp, 7.13
, DistFront, 43.95, DistDow, 58.89, DistUp, 7.16
, DistFront, 43.89, DistDow, 58.78, DistUp, 7.04
, DistFront, 43.84, DistDow, 58.84, DistUp, 7.13
, DistFront, 43.98, DistDow, 58.95, DistUp, 7.13
, DistFront, 43.95, DistDow, 58.47, DistUp, 7.04
, DistFront, 43.84, DistDow, 58.59, DistUp, 61.34
, DistFront, 58.61, DistDow, 58.59, DistUp, 7.16
, DistFront, 58.20, DistDow, 59.42, DistUp, 61.77
, DistFront, 58.20, DistDow, 59.32, DistUp, 61.70
, DistFront, 44.05, DistDow, 58.84, DistUp, 61.28
, DistFront, 44.00, DistDow, 58.45, DistUp, 7.13
, DistFront, 44.91, DistDow, 59.40, DistUp, 7.13
, DistFront, 44.83, DistDow, 58.61, DistUp, 7.02
, DistFront, 58.55, DistDow, 58.91, DistUp, 61.80
, DistFrontMean, 58.55, DistDowMean, 58.91, DistUpMean, 61.77
, DistFront, 58.18, DistDow, 59.35, DistUp, 62.24
, DistFront, 58.61, DistDow, 58.52, DistUp, 62.24
, DistFront, 58.59, DistDow, 58.62, DistUp, 61.82
, DistFront, 44.30, DistDow, 59.05, DistUp, 7.13
, DistFront, 58.25, DistDow, 58.62, DistUp, 61.50
, DistFront, 58.13, DistDow, 58.62, DistUp, 62.24
, DistFront, 58.16, DistDow, 59.03, DistUp, 62.21
, DistFront, 43.81, DistDow, 59.06, DistUp, 7.16
, DistFront, 58.69, DistDow, 59.06, DistUp, 61.82
, DistFront, 44.06, DistDow, 58.98, DistUp, 7.04
, DistFront, 44.47, DistDow, 58.62, DistUp, 62.60
, DistFront, 58.32, DistDow, 58.78, DistUp, 62.19
, DistFront, 44.25, DistDow, 59.66, DistUp, 61.90
, DistFront, 58.40, DistDow, 58.83, DistUp, 7.16
, DistFront, 58.40, DistDow, 59.23, DistUp, 61.84
, DistFront, 58.40, DistDow, 59.69, DistUp, 7.04
, DistFront, 58.76, DistDow, 59.59, DistUp, 61.90
, DistFront, 58.76, DistDow, 59.18, DistUp, 7.04
, DistFront, 44.25, DistDow, 59.69, DistUp, 61.99
, DistFront, 43.84, DistDow, 59.30, DistUp, 62.02
, DistFrontMean, 58.42, DistDowMean, 59.27, DistUpMean, 7.16
, DistFront, 58.42, DistDow, 59.30, DistUp, 7.13
, DistFront, 44.27, DistDow, 59.13, DistUp, 61.46
, DistFront, 44.74, DistDow, 58.74, DistUp, 60.61
, DistFront, 44.25, DistDow, 58.71, DistUp, 61.45
, DistFront, 43.76, DistDow, 58.83, DistUp, 61.12
, DistFront, 58.40, DistDow, 58.83, DistUp, 62.81
, DistFront, 43.84, DistDow, 58.83, DistUp, 61.96
, DistFront, 44.25, DistDow, 58.84, DistUp, 61.96
, DistFront, 58.81, DistDow, 59.23, DistUp, 62.35
, DistFront, 44.59, DistDow, 59.52, DistUp, 7.02
, DistFront, 44.13, DistDow, 58.67, DistUp, 7.02
, DistFront, 58.35, DistDow, 58.78, DistUp, 7.13
, DistFront, 44.10, DistDow, 58.78, DistUp, 7.04
, DistFront, 44.10, DistDow, 58.67, DistUp, 7.02
, DistFront, 45.03, DistDow, 59.18, DistUp, 7.13
, DistFront, 58.76, DistDow, 58.71, DistUp, 7.04
, DistFront, 44.10, DistDow, 58.62, DistUp, 62.62
, DistFront, 58.20, DistDow, 58.62, DistUp, 7.04
, DistFront, 44.54, DistDow, 58.74, DistUp, 61.85
, DistFront, 44.12, DistDow, 58.74, DistUp, 7.16
, DistFrontMean, 58.18, DistDowMean, 59.03, DistUpMean, 7.02
, DistFront, 58.18, DistDow, 58.62, DistUp, 7.02
, DistFront, 58.32, DistDow, 58.74, DistUp, 61.84
, DistFront, 58.32, DistDow, 58.74, DistUp, 61.85
, DistFront, 44.25, DistDow, 58.74, DistUp, 61.46
, DistFront, 58.74, DistDow, 58.76, DistUp, 61.80
, DistFront, 44.17, DistDow, 58.67, DistUp, 7.04
, DistFront, 43.71, DistDow, 58.67, DistUp, 7.13
, DistFront, 43.88, DistDow, 58.81, DistUp, 7.13
, DistFront, 58.83, DistDow, 59.13, DistUp, 62.28
, DistFront, 44.61, DistDow, 58.74, DistUp, 61.46
, DistFront, 43.83, DistDow, 59.17, DistUp, 7.04
, DistFront, 58.81, DistDow, 59.23, DistUp, 62.35
, DistFront, 44.30, DistDow, 58.83, DistUp, 61.96
, DistFront, 58.45, DistDow, 58.98, DistUp, 61.99
, DistFront, 58.45, DistDow, 59.34, DistUp, 61.99
, DistFront, 58.61, DistDow, 59.03, DistUp, 61.70
, DistFront, 58.61, DistDow, 59.05, DistUp, 62.16
, DistFront, 58.61, DistDow, 59.10, DistUp, 61.75
, DistFront, 58.64, DistDow, 59.54, DistUp, 62.19
, DistFront, 58.69, DistDow, 59.13, DistUp, 7.13
, DistFrontMean, 58.69, DistDowMean, 59.59, DistUpMean, 62.24
, DistFront, 58.74, DistDow, 60.03, DistUp, 62.28
, DistFront, 58.64, DistDow, 59.63, DistUp, 62.19
, DistFront, 44.49, DistDow, 59.23, DistUp, 61.39
, DistFront, 58.76, DistDow, 59.27, DistUp, 61.85
, DistFront, 58.76, DistDow, 59.63, DistUp, 62.28
, DistFront, 44.30, DistDow, 59.23, DistUp, 62.74
, DistFront, 58.84, DistDow, 59.27, DistUp, 61.55
, DistFront, 58.88, DistDow, 59.71, DistUp, 7.02
, DistFront, 59.34, DistDow, 59.35, DistUp, 62.87
, DistFront, 59.35, DistDow, 59.81, DistUp, 62.09
, DistFront, 58.98, DistDow, 59.81, DistUp, 7.02
, DistFront, 59.03, DistDow, 59.46, DistUp, 7.02
, DistFront, 59.03, DistDow, 59.52, DistUp, 62.57
, DistFront, 59.10, DistDow, 59.52, DistUp, 7.04
, DistFront, 44.63, DistDow, 60.05, DistUp, 62.19
, DistFront, 59.12, DistDow, 59.95, DistUp, 7.02
, DistFront, 59.13, DistDow, 59.97, DistUp, 7.13
, DistFront, 59.54, DistDow, 60.43, DistUp, 62.69
, DistFront, 59.18, DistDow, 59.98, DistUp, 7.04
, DistFront, 45.03, DistDow, 60.02, DistUp, 62.76
, DistFrontMean, 59.61, DistDowMean, 60.46, DistUpMean, 7.02
, DistFront, 59.61, DistDow, 59.66, DistUp, 62.74
, DistFront, 44.76, DistDow, 59.71, DistUp, 62.45
, DistFront, 44.83, DistDow, 59.71, DistUp, 62.41
, DistFront, 45.24, DistDow, 60.14, DistUp, 7.13
, DistFront, 45.68, DistDow, 59.69, DistUp, 7.13
, DistFront, 44.83, DistDow, 60.10, DistUp, 7.13
, DistFront, 59.30, DistDow, 60.03, DistUp, 62.55
, DistFront, 59.23, DistDow, 59.98, DistUp, 63.74
, DistFront, 59.13, DistDow, 59.90, DistUp, 62.84
, DistFront, 59.66, DistDow, 59.91, DistUp, 64.23
, DistFront, 59.18, DistDow, 59.52, DistUp, 63.40
, DistFront, 44.91, DistDow, 59.52, DistUp, 7.13
, DistFront, 58.78, DistDow, 59.95, DistUp, 63.54
, DistFront, 59.03, DistDow, 59.83, DistUp, 63.10
, DistFront, 58.98, DistDow, 59.40, DistUp, 7.04
, DistFront, 58.96, DistDow, 59.42, DistUp, 7.04
, DistFront, 58.96, DistDow, 60.24, DistUp, 7.04
