, DistFront,92.62, DistDow,103.47, DistUp,246.05
, DistFront,100.85, DistDow,105.26, DistUp,246.82
, DistFront,100.39, DistDow,100.85, DistUp,3188.83
, DistFront,87.87, DistDow,103.67, DistUp,247.74
, DistFront,88.91, DistDow,105.41, DistUp,246.92
, DistFront,91.9, DistDow,101.97, DistUp,247.82
, DistFront,97.53, DistDow,106.96, DistUp,3182.16
, DistFront,100.97, DistDow,105.73, DistUp,3158.25
, DistFront,99.97, DistDow,99.83, DistUp,3194.49
, DistFront,99.71, DistDow,102.98, DistUp,111.53
, DistFront,100.68, DistDow,101.82, DistUp,3.64
, DistFront,100.66, DistDow,103.06, DistUp,3.76
, DistFront,99.88, DistDow,100.9, DistUp,3.76
, DistFront,98.55, DistDow,103.95, DistUp,3.76
, DistFront,100.34, DistDow,102.19, DistUp,3202.18
, DistFront,97.16, DistDow,100.1, DistUp,3222.09
, DistFront,100.54, DistDow,102.47, DistUp,3172.64
, DistFront,100.39, DistDow,101.68, DistUp,3154.1
, DistFront,98.47, DistDow,98.74, DistUp,3182.33
, DistFront,82.99, DistDow,134.54, DistUp,3176.89
, DistFrontMean,81.28, DistDowMean,78.47, DistUpMean,3.67
, DistFront,80.41, DistDow,78.52, DistUp,3165.85
, DistFront,83.32, DistDow,80.61, DistUp,3184.78
, DistFront,100.54, DistDow,102.6, DistUp,100.41
, DistFront,3244.03, DistDow,3201.45, DistUp,3.76
, DistFront,203.38, DistDow,3215.24, DistUp,243.16
, DistFront,4.12, DistDow,89.69, DistUp,243.49
, DistFront,4.13, DistDow,103.25, DistUp,243.64
, DistFront,104.54, DistDow,88.95, DistUp,244.27
, DistFront,97.87, DistDow,103.67, DistUp,243.1
, DistFront,4.54, DistDow,85.19, DistUp,244.1
, DistFront,104.05, DistDow,105.39, DistUp,243.35
, DistFront,110.39, DistDow,107.7, DistUp,243.83
, DistFront,3342.48, DistDow,153.23, DistUp,243.59
alberto,,,,,,
, DistFront, 121.73, DistDow, 3239.63, DistUp, 443.33
, DistFront, 121.82, DistDow, 3212.24, DistUp, 444.18
, DistFront, 121.77, DistDow, 129.95, DistUp, 443.33
, DistFront, 123.04, DistDow, 130.68, DistUp, 443.67
, DistFront, 121.34, DistDow, 131.96, DistUp, 445.92
, DistFront, 121.85, DistDow, 128.55, DistUp, 294.13
, DistFront, 123.62, DistDow, 126.96, DistUp, 292.93
, DistFront, 122.70, DistDow, 126.99, DistUp, 295.03
, DistFront, 122.41, DistDow, 128.18, DistUp, 378.18
, DistFront, 121.55, DistDow, 130.83, DistUp, 293.13
, DistFront, 122.87, DistDow, 128.40, DistUp, 295.14
, DistFront, 122.45, DistDow, 129.17, DistUp, 293.88
, DistFront, 123.71, DistDow, 126.56, DistUp, 444.23
, DistFront, 123.25, DistDow, 128.25, DistUp, 445.05
, DistFront, 121.90, DistDow, 129.56, DistUp, 445.85
, DistFront, 122.24, DistDow, 123.89, DistUp, 297.35
, DistFront, 121.80, DistDow, 125.56, DistUp, 294.00
, DistFront, 121.67, DistDow, 123.84, DistUp, 292.77
, DistFront, 122.16, DistDow, 122.91, DistUp, 445.34
, DistFront, 122.18, DistDow, 123.78, DistUp, 444.35
, DistFrontMean, 122.28, DistDowMean, 123.11, DistUpMean, 444.18
, DistFront, 122.18, DistDow, 122.02, DistUp, 303.47
, DistFront, 121.70, DistDow, 124.25, DistUp, 302.21
, DistFront, 122.16, DistDow, 121.60, DistUp, 304.40
, DistFront, 122.60, DistDow, 123.88, DistUp, 444.18
, DistFront, 122.18, DistDow, 123.04, DistUp, 443.81
, DistFront, 122.31, DistDow, 122.16, DistUp, 444.30
, DistFront, 122.35, DistDow, 123.13, DistUp, 298.64
, DistFront, 122.41, DistDow, 123.61, DistUp, 444.20
, DistFront, 122.02, DistDow, 123.25, DistUp, 443.91
, DistFront, 122.45, DistDow, 124.17, DistUp, 444.40
, DistFront, 122.06, DistDow, 123.28, DistUp, 443.98
, DistFront, 125.78, DistDow, 122.48, DistUp, 296.11
, DistFront, 123.28, DistDow, 122.02, DistUp, 294.81
, DistFront, 122.62, DistDow, 123.83, DistUp, 293.54
, DistFront, 123.06, DistDow, 123.84, DistUp, 296.46
, DistFront, 123.91, DistDow, 128.20, DistUp, 444.56
, DistFront, 125.20, DistDow, 130.68, DistUp, 322.47
, DistFront, 122.26, DistDow, 131.09, DistUp, 445.02
, DistFront, 121.80, DistDow, 3244.12, DistUp, 443.83
, DistFront, 122.26, DistDow, 122.11, DistUp, 383.04
, DistFrontMean, 121.55, DistDowMean, 122.31, DistUpMean, 381.45
, DistFront, 122.57, DistDow, 124.18, DistUp, 381.75
, DistFront, 121.24,, DistFrontMean, 3350.53, DistDowMean, 0.00, DistUpMean, 440.31
29.18, DistUp, 338.04
, DistFront, 122.09, DistDow, 3242.28, DistUp, 456.80
, DistFront, 120.99, DistDow, 125.61, DistUp, 444.98
, DistFront, 121.38, DistDow, 125.14, DistUp, 444.95
, DistFront, 122.18, DistDow, 127.28, DistUp, 454.54
, DistFront, 120.46, DistDow, 3230.66, DistUp, 442.67
, DistFront, 123.78, DistDow, 120.83, DistUp, 444.00
, DistFront, 122.98, DistDow, 122.13, DistUp, 444.03
, DistFront, 123.32, DistDow, 131.60, DistUp, 443.64
, DistFront, 121.38, DistDow, 416.56, DistUp, 443.71
, DistFront, 120.56, DistDow, 3226.55, DistUp, 299.81
, DistFront, 121.12, DistDow, 3261.24, DistUp, 296.02
, DistFront, 120.73, DistDow, 3212.18, DistUp, 291.77
, DistFront, 120.85, DistDow, 123.64, DistUp, 291.80
, DistFront, 123.03, DistDow, 125.49, DistUp, 293.49
, DistFront, 123.18, DistDow, 124.78, DistUp, 293.95
, DistFront, 121.53, DistDow, 3232.38, DistUp, 446.21
, DistFront, 122.18, DistDow, 126.24, DistUp, 238.95
, DistFrontMean, 123.13, DistDowMean, 128.16, DistUpMean, 442.96
, DistFront, 122.96, DistDow, 128.13, DistUp, 447.16
, DistFront, 124.30, DistDow, 125.10, DistUp, 444.20
, DistFront, 126.82, DistDow, 124.81, DistUp, 444.66
, DistFront, 4.54, DistDow, 108.98, DistUp, 292.82
, DistFront, 124.74, DistDow, 126.09, DistUp, 294.97
, DistFront, 123.91, DistDow, 131.09, DistUp, 291.19
, DistFront, 122.21, DistDow, 125.54, DistUp, 444.35
, DistFront, 122.18, DistDow, 3206.38, DistUp, 293.10
, DistFront, 124.49, DistDow, 126.38, DistUp, 445.10
, DistFront, 121.60, DistDow, 124.74, DistUp, 296.50
, DistFront, 122.09, DistDow, 123.91, DistUp, 445.20
, DistFront, 122.57, DistDow, 123.59, DistUp, 444.39
, DistFront, 122.70, DistDow, 124.03, DistUp, 323.81
, DistFront, 123.59, DistDow, 3227.89, DistUp, 443.98
, DistFront, 124.46, DistDow, 3226.84, DistUp, 445.77
, DistFront, 122.67, DistDow, 3233.03, DistUp, 444.61
, DistFront, 121.60, DistDow, 123.10, DistUp, 320.43
, DistFront, 121.75, DistDow, 123.28, DistUp, 293.23
, DistFront, 123.40, DistDow, 122.38, DistUp, 293.11
, DistFront, 121.67, DistDow, 124.10, DistUp, 291.90
, DistFrontMean, 122.69, DistDowMean, 122.09, DistUpMean, 288.61
, DistFront, 122.91, DistDow, 122.77, DistUp, 292.76
, DistFront, 122.04, DistDow, 124.06, DistUp, 291.02
, DistFront, 121.67, DistDow, 122.67, DistUp, 444.23
, DistFront, 123.61, DistDow, 122.96, DistUp, 444.18
, DistFront, 121.05, DistDow, 122.96, DistUp, 377.93
, DistFront, 123.23, DistDow, 123.88, DistUp, 374.32
, DistFront, 121.99, DistDow, 123.95, DistUp, 443.23
, DistFront, 121.70, DistDow, 126.67, DistUp, 294.34
, DistFront, 121.75, DistDow, 130.17, DistUp, 291.89
, DistFront, 122.24, DistDow, 125.90, DistUp, 290.53
, DistFront, 122.60, DistDow, 127.33, DistUp, 290.92
, DistFront, 122.41, DistDow, 3242.67, DistUp, 287.74
, DistFront, 121.90, DistDow, 3236.50, DistUp, 446.33
, DistFront, 122.67, DistDow, 3218.13, DistUp, 444.69
, DistFront, 123.55, DistDow, 3194.59, DistUp, 444.78
, DistFront, 123.76, DistDow, 3239.81, DistUp, 444.39
, DistFront, 123.67, DistDow, 3226.17, DistUp, 446.63
, DistFront, 123.62, DistDow, 3215.05, DistUp, 295.41
, DistFront, 122.28, DistDow, 125.20, DistUp, 294.91
, DistFront, 122.60, DistDow, 126.39, DistUp, 251.17
, DistFrontMean, 121.84, DistDowMean, 128.06, DistUpMean, 291.97
, DistFront, 122.02, DistDow, 126.17, DistUp, 292.84
, DistFront, 121.84, DistDow, 126.96, DistUp, 293.89
, DistFront, 120.14, DistDow, 3189.27, DistUp, 3.78
, DistFront, 121.17, DistDow, 3244.39, DistUp, 289.32
, DistFront, 125.32, DistDow, 129.32, DistUp, 377.04
, DistFront, 124.49, DistDow, 127.98, DistUp, 375.78
, DistFront, 125.24, DistDow, 121.39, DistUp, 291.89
, DistFront, 120.39, DistDow, 123.59, DistUp, 292.24
, DistFront, 125.19, DistDow, 123.83, DistUp, 289.34
, DistFront, 121.97, DistDow, 123.54, DistUp, 287.69
, DistFront, 119.97, DistDow, 3212.24, DistUp, 443.40
, DistFront, 122.24, DistDow, 124.54, DistUp, 442.48
, DistFront, 125.48, DistDow, 3244.25, DistUp, 292.82
, DistFront, 125.70, DistDow, 125.66, DistUp, 292.38
, DistFront, 125.02, DistDow, 125.49, DistUp, 291.55
, DistFront, 124.54, DistDow, 126.33, DistUp, 292.35
, DistFront, 121.05, DistDow, 3192.33, DistUp, 291.04
, DistFront, 121.82, DistDow, 125.37, DistUp, 290.19
, DistFront, 124.88, DistDow, 3221.28, DistUp, 287.21
, DistFront, 124.63, DistDow, 80.39, DistUp, 283.28
, DistFrontMean, 124.00, DistDowMean, 3236.73, DistUpMean, 290.31
, DistFront, 121.75, DistDow, 3219.46, DistUp, 445.24
, DistFront, 122.62, DistDow, 3228.84, DistUp, 442.99
, DistFront, 121.68, DistDow, 3225.39, DistUp, 293.62
, DistFront, 121.19, DistDow, 3232.09, DistUp, 445.24
, DistFront, 122.77, DistDow, 3247.04, DistUp, 287.45
, DistFront, 121.04, DistDow, 3239.03, DistUp, 284.61
, DistFront, 122.69, DistDow, 328.69, DistUp, 287.93
, DistFront, 122.76, DistDow, 297.26, DistUp, 289.06
, DistFront, 123.28, DistDow, 124.90, DistUp, 287.02
, DistFront, 122.24, DistDow, 3236.02, DistUp, 290.37
, DistFront, 120.99, DistDow, 122.89, DistUp, 285.43
, DistFront, 121.46, DistDow, 122.45, DistUp, 288.74
, DistFront, 120.99, DistDow, 122.41, DistUp, 291.21
, DistFront, 120.14, DistDow, 123.69, DistUp, 293.32
, DistFront, 124.10, DistDow, 123.64, DistUp, 444.05
, DistFront, 122.06, DistDow, 123.62, DistUp, 286.24
, DistFront, 122.84, DistDow, 3240.99, DistUp, 443.96
, DistFront, 122.41, DistDow, 122.31, DistUp, 286.73
, DistFront, 121.38, DistDow, 122.35, DistUp, 380.39
, DistFront, 117.35, DistDow, 123.33, DistUp, 288.11
, DistFrontMean, 121.67, DistDowMean, 124.00, DistUpMean, 443.89
, DistFront, 124.42, DistDow, 123.49, DistUp, 324.91
, DistFront, 124.10, DistDow, 123.13, DistUp, 287.55
, DistFront, 124.23, DistDow, 125.46, DistUp, 444.49
, DistFront, 124.32, DistDow, 121.70, DistUp, 285.12
, DistFront, 123.96, DistDow, 124.35, DistUp, 289.05
, DistFront, 124.81, DistDow, 124.46, DistUp, 287.28
, DistFront, 125.39, DistDow, 124.54, DistUp, 289.98
, DistFront, 124.61, DistDow, 124.61, DistUp, 290.31
, DistFront, 124.13, DistDow, 125.10, DistUp, 290.78
, DistFront, 124.30, DistDow, 124.68, DistUp, 287.89
, DistFront, 124.78, DistDow, 125.07, DistUp, 291.67
, DistFront, 123.95, DistDow, 123.42, DistUp, 295.39
, DistFront, 124.40, DistDow, 126.31, DistUp, 296.63
, DistFront, 125.63, DistDow, 3208.13, DistUp, 293.64
, DistFront, 124.12, DistDow, 122.41, DistUp, 289.47
, DistFront, 123.61, DistDow, 123.67, DistUp, 288.74
, DistFront, 119.17, DistDow, 3235.27, DistUp, 288.28
, DistFront, 124.12, DistDow, 123.64, DistUp, 287.16
, DistFront, 123.81, DistDow, 122.89, DistUp, 292.57
, DistFront, 123.45, DistDow, 124.12, DistUp, 290.88
, DistFrontMean, 123.25, DistDowMean, 122.64, DistUpMean, 286.02
, DistFront, 123.95, DistDow, 126.70, DistUp, 292.60
, DistFront, 125.90, DistDow, 123.83, DistUp, 288.03
, DistFront, 125.20, DistDow, 125.20, DistUp, 293.47
, DistFront, 123.91, DistDow, 125.20, DistUp, 289.69
, DistFront, 124.81, DistDow, 125.14, DistUp, 290.54
, DistFront, 125.17, DistDow, 123.11, DistUp, 290.97
, DistFront, 124.00, DistDow, 126.17, DistUp, 293.13
, DistFront, 124.05, DistDow, 125.77, DistUp, 289.76
, DistFront, 124.46, DistDow, 122.26, DistUp, 293.13
, DistFront, 123.03, DistDow, 125.34, DistUp, 294.00
, DistFront, 124.66, DistDow, 125.41, DistUp, 296.56
, DistFront, 124.27, DistDow, 125.85, DistUp, 296.12
, DistFront, 125.14, DistDow, 123.74, DistUp, 446.75
, DistFront, 121.96, DistDow, 122.91, DistUp, 445.97
, DistFront, 125.61, DistDow, 3224.83, DistUp, 444.83
, DistFront, 124.06, DistDow, 125.26, DistUp, 446.62
, DistFront, 124.56, DistDow, 123.98, DistUp, 381.50
, DistFront, 125.85, DistDow, 123.59, DistUp, 298.83
, DistFront, 124.17, DistDow, 126.28, DistUp, 297.16
, DistFront, 125.97, DistDow, 123.18, DistUp, 297.18
, DistFrontMean, 124.00, DistDowMean, 126.96, DistUpMean, 295.95
, DistFront, 124.71, DistDow, 124.13, DistUp, 293.38
, DistFront, 124.76, DistDow, 125.46, DistUp, 295.56
, DistFront, 125.66, DistDow, 124.66, DistUp, 290.26
, DistFront, 124.76, DistDow, 127.21, DistUp, 286.80
, DistFront, 124.74, DistDow, 128.03, DistUp, 286.82
, DistFront, 124.54, DistDow, 3215.53, DistUp, 290.90
, DistFront, 123.18, DistDow, 3222.06, DistUp, 292.77
, DistFront, 122.99, DistDow, 126.28, DistUp, 296.55
, DistFront, 124.25, DistDow, 123.59, DistUp, 293.59
, DistFront, 122.16, DistDow, 3236.89, DistUp, 291.46
, DistFront, 125.12, DistDow, 129.97, DistUp, 445.63
, DistFront, 121.92, DistDow, 3228.33, DistUp, 444.42
, DistFront, 121.80, DistDow, 3184.59, DistUp, 444.39
, DistFront, 121.48, DistDow, 3215.83, DistUp, 445.43
, DistFront, 121.75, DistDow, 122.89, DistUp, 444.47
, DistFront, 122.55, DistDow, 123.74, DistUp, 330.66
, DistFront, 122.11, DistDow, 123.74, DistUp, 332.64
, DistFront, 121.67, DistDow, 124.66, DistUp, 443.11
, DistFront, 123.38, DistDow, 125.14, DistUp, 321.96
, DistFront, 122.64, DistDow, 123.89, DistUp, 443.06
, DistFrontMean, 122.87, DistDowMean, 125.43, DistUpMean, 441.60
, DistFront, 124.35, DistDow, 132.16, DistUp, 442.76
, DistFront, 122.09, DistDow, 127.24, DistUp, 289.74
, DistFront, 121.85, DistDow, 328.45, DistUp, 443.13
, DistFront, 123.03, DistDow, 3229.63, DistUp, 291.21
, DistFront, 123.38, DistDow, 3246.92, DistUp, 446.41
, DistFront, 125.37, DistDow, 3219.06, DistUp, 444.46
, DistFront, 123.59, DistDow, 327.62, DistUp, 444.30
, DistFront, 124.00, DistDow, 125.70, DistUp, 444.98
, DistFront, 134.39, DistDow, 126.84, DistUp, 446.17
, DistFront, 120.90, DistDow, 124.18, DistUp, 444.81
, DistFront, 124.46, DistDow, 125.31, DistUp, 443.74
, DistFront, 133.89, DistDow, 124.20, DistUp, 444.10
, DistFront, 130.99, DistDow, 123.64, DistUp, 442.82
, DistFront, 125.63, DistDow, 123.88, DistUp, 443.18
, DistFront, 126.77, DistDow, 123.98, DistUp, 442.28
, DistFront, 126.04, DistDow, 124.46, DistUp, 442.47
, DistFront, 123.71, DistDow, 123.74, DistUp, 443.33
, DistFront, 124.68, DistDow, 123.78, DistUp, 444.30
, DistFront, 118.81, DistDow, 123.96, DistUp, 443.98
, DistFront, 125.26, DistDow, 123.25, DistUp, 294.13
, DistFrontMean, 122.93, DistDowMean, 126.89, DistUpMean, 289.59
, DistFront, 123.71, DistDow, 124.95, DistUp, 294.88
, DistFront, 124.00, DistDow, 125.82, DistUp, 443.64
, DistFront, 123.98, DistDow, 127.09, DistUp, 444.13
, DistFront, 123.76, DistDow, 124.20, DistUp, 293.18
, DistFront, 123.40, DistDow, 124.54, DistUp, 294.85
, DistFront, 124.12, DistDow, 124.13, DistUp, 445.26
, DistFront, 124.97, DistDow, 125.49, DistUp, 445.02
, DistFront, 126.21, DistDow, 125.05, DistUp, 445.37
, DistFront, 125.02, DistDow, 123.62, DistUp, 293.96
, DistFront, 124.98, DistDow, 124.56, DistUp, 445.48
, DistFront, 123.74, DistDow, 124.63, DistUp, 445.12
, DistFront, 124.66, DistDow, 124.66, DistUp, 291.53
, DistFront, 125.14, DistDow, 124.66, DistUp, 289.97
, DistFront, 126.96, DistDow, 125.70, DistUp, 301.63
, DistFront, 126.90, DistDow, 124.03, DistUp, 289.18
, DistFront, 126.21, DistDow, 125.05, DistUp, 287.99
, DistFront, 125.37, DistDow, 123.84, DistUp, 302.99
, DistFront, 122.60, DistDow, 124.68, DistUp, 290.24
, DistFront, 125.77, DistDow, 123.95, DistUp, 291.99
, DistFront, 124.61, DistDow, 127.21, DistUp, 237.89
, DistFrontMean, 124.42, DistDowMean, 125.75, DistUpMean, 289.68
, DistFront, 124.66, DistDow, 124.25, DistUp, 294.30
, DistFront, 124.69, DistDow, 126.53, DistUp, 237.52
, DistFront, 124.85, DistDow, 125.95, DistUp, 293.06
, DistFront, 125.54, DistDow, 3226.39, DistUp, 445.46
, DistFront, 125.53, DistDow, 3238.89, DistUp, 294.69
, DistFront, 124.32, DistDow, 3213.32, DistUp, 445.48
, DistFront, 123.18, DistDow, 3229.17, DistUp, 445.03
, DistFront, 122.98, DistDow, 3201.11, DistUp, 297.99
, DistFront, 124.27, DistDow, 3218.45, DistUp, 291.97
, DistFront, 127.04, DistDow, 125.75, DistUp, 291.04
, DistFront, 129.17, DistDow, 124.46, DistUp, 290.99
, DistFront, 126.33, DistDow, 124.56, DistUp, 289.34
, DistFront, 126.33, DistDow, 123.69, DistUp, 290.99
, DistFront, 126.33, DistDow, 124.46, DistUp, 288.91
, DistFront, 125.85, DistDow, 124.81, DistUp, 291.84
, DistFront, 126.24, DistDow, 124.88, DistUp, 291.09
, DistFront, 128.32, DistDow, 124.83, DistUp, 287.76
, DistFront, 126.99, DistDow, 124.81, DistUp, 446.96
, DistFront, 126.55, DistDow, 124.35, DistUp, 447.02
, DistFront, 126.56, DistDow, 122.96, DistUp, 291.85
, DistFrontMean, 125.10, DistDowMean, 124.52, DistUpMean, 290.26
, DistFront, 122.82, DistDow, 123.45, DistUp, 290.32
, DistFront, 123.33, DistDow, 123.88, DistUp, 288.54
, DistFront, 122.91, DistDow, 123.78, DistUp, 288.55
, DistFront, 123.35, DistDow, 123.03, DistUp, 290.73
, DistFront, 123.40, DistDow, 126.41, DistUp, 287.77
, DistFront, 122.16, DistDow, 123.54, DistUp, 291.09
, DistFront, 123.33, DistDow, 123.54, DistUp, 291.11
, DistFront, 123.95, DistDow, 125.77, DistUp, 291.12
, DistFront, 125.95, DistDow, 124.10, DistUp, 290.66
, DistFront, 123.16, DistDow, 125.02, DistUp, 288.98
, DistFront, 122.76, DistDow, 124.13, DistUp, 293.98
, DistFront, 123.95, DistDow, 127.19, DistUp, 289.35
, DistFront, 122.81, DistDow, 123.28, DistUp, 288.11
, DistFront, 123.20, DistDow, 124.20, DistUp, 287.40
, DistFront, 122.84, DistDow, 123.33, DistUp, 291.96
, DistFront, 124.54, DistDow, 123.38, DistUp, 3386.31
, DistFront, 121.41, DistDow, 123.35, DistUp, 171.14
, DistFront, 124.54, DistDow, 122.91, DistUp, 297.35
, DistFront, 124.49, DistDow, 123.71, DistUp, 293.25
, DistFront, 122.77, DistDow, 128.03, DistUp, 293.23
, DistFrontMean, 123.76, DistDowMean, 3237.57, DistUpMean, 294.97
, DistFront, 123.10, DistDow, 128.28, DistUp, 294.56
, DistFront, 123.33, DistDow, 126.12, DistUp, 294.95
, DistFront, 122.13, DistDow, 125.97, DistUp, 297.09
, DistFront, 122.52, DistDow, 126.02, DistUp, 300.03
, DistFront, 123.28, DistDow, 123.38, DistUp, 298.32
, DistFront, 124.49, DistDow, 122.93, DistUp, 448.47
, DistFront, 124.00, DistDow, 122.33, DistUp, 445.43
, DistFront, 122.64, DistDow, 124.00, DistUp, 286.63
, DistFront, 122.19, DistDow, 124.78, DistUp, 288.25
, DistFront, 122.48, DistDow, 124.39, DistUp, 298.03
, DistFront, 124.78, DistDow, 123.89, DistUp, 294.10
, DistFront, 122.77, DistDow, 122.93, DistUp, 291.89
, DistFront, 121.50, DistDow, 122.82, DistUp, 287.62
, DistFront, 123.89, DistDow, 124.49, DistUp, 287.24
, DistFront, 123.38, DistDow, 122.21, DistUp, 287.64
, DistFront, 123.28, DistDow, 128.04, DistUp, 287.02
, DistFront, 121.05, DistDow, 122.41, DistUp, 287.04
, DistFront, 121.84, DistDow, 122.31, DistUp, 298.89
, DistFront, 122.19, DistDow, 121.80, DistUp, 381.89
, DistFront, 118.88, DistDow, 122.64, DistUp, 382.74
, DistFrontMean, 121.04, DistDowMean, 122.84, DistUpMean, 379.78
, DistFront, 122.18, DistDow, 122.13, DistUp, 381.84
, DistFront, 121.77, DistDow, 122.26, DistUp, 383.10
, DistFront, 122.28, DistDow, 122.82, DistUp, 292.09
, DistFront, 121.60, DistDow, 123.38, DistUp, 292.13
, DistFront, 121.28, DistDow, 122.62, DistUp, 290.99
, DistFront, 121.41, DistDow, 122.82, DistUp, 291.02
, DistFront, 123.27, DistDow, 122.91, DistUp, 290.99
, DistFront, 122.11, DistDow, 124.81, DistUp, 291.09
, DistFront, 122.19, DistDow, 124.03, DistUp, 292.84
, DistFront, 122.21, DistDow, 122.74, DistUp, 290.78
, DistFront, 122.26, DistDow, 122.77, DistUp, 289.54
, DistFront, 121.84, DistDow, 123.23, DistUp, 290.92
, DistFront, 122.31, DistDow, 122.77, DistUp, 288.76
, DistFront, 121.90, DistDow, 123.25, DistUp, 380.48
, DistFront, 121.90, DistDow, 122.82, DistUp, 381.34
, DistFront, 122.40, DistDow, 122.89, DistUp, 293.47
, DistFront, 122.45, DistDow, 123.33, DistUp, 293.10
, DistFront, 122.84, DistDow, 124.23, DistUp, 293.98
, DistFront, 123.28, DistDow, 124.66, DistUp, 293.96
, DistFront, 123.33, DistDow, 124.25, DistUp, 293.20
, DistFrontMean, 121.82, DistDowMean, 124.05, DistUpMean, 444.47
, DistFront, 122.53, DistDow, 124.25, DistUp, 446.99
, DistFront, 122.16, DistDow, 123.54, DistUp, 292.04
, DistFront, 122.64, DistDow, 125.37, DistUp, 291.17
, DistFront, 123.55, DistDow, 123.13, DistUp, 292.93
, DistFront, 122.82, DistDow, 123.81, DistUp, 289.78
, DistFront, 122.53, DistDow, 124.30, DistUp, 288.84
, DistFront, 122.24, DistDow, 123.61, DistUp, 288.96
, DistFront, 125.19, DistDow, 124.59, DistUp, 290.24
, DistFront, 123.64, DistDow, 125.07, DistUp, 293.96
, DistFront, 127.60, DistDow, 125.56, DistUp, 294.00
, DistFront, 127.26, DistDow, 125.05, DistUp, 447.55
, DistFront, 126.02, DistDow, 125.97, DistUp, 296.80
, DistFront, 125.95, DistDow, 129.40, DistUp, 298.55
, DistFront, 124.63, DistDow, 128.59, DistUp, 295.24
, DistFront, 124.63, DistDow, 130.26, DistUp, 300.82
, DistFront, 123.71, DistDow, 3230.20, DistUp, 442.99
, DistFront, 124.03, DistDow, 124.95, DistUp, 294.10
, DistFront, 124.00, DistDow, 125.97, DistUp, 294.90
, DistFront, 124.40, DistDow, 127.69, DistUp, 294.49
, DistFront, 125.63, DistDow, 124.63, DistUp, 301.34
, DistFrontMean, 124.03, DistDowMean, 124.81, DistUpMean, 301.11
, DistFront, 123.03, DistDow, 125.05, DistUp, 301.84
, DistFront, 122.64, DistDow, 124.18, DistUp, 292.52
, DistFront, 122.84, DistDow, 3222.06, DistUp, 299.20
, DistFront, 122.96, DistDow, 126.92, DistUp, 446.53
, DistFront, 123.40, DistDow, 124.34, DistUp, 301.55
, DistFront, 125.10, DistDow, 124.81, DistUp, 447.35
, DistFront, 125.10, DistDow, 123.52, DistUp, 298.95
, DistFront, 125.97, DistDow, 131.12, DistUp, 446.39
, DistFront, 122.99, DistDow, 123.91, DistUp, 235.31
, DistFront, 123.47, DistDow, 123.52, DistUp, 292.53
, DistFront, 124.30, DistDow, 124.76, DistUp, 292.93
, DistFront, 124.25, DistDow, 128.18, DistUp, 296.24
, DistFront, 124.63, DistDow, 129.00, DistUp, 294.13
, DistFront, 124.61, DistDow, 130.73, DistUp, 233.40
, DistFront, 127.04, DistDow, 127.21, DistUp, 295.77
, DistFront, 127.48, DistDow, 125.05, DistUp, 298.32
, DistFront, 123.32, DistDow, 3188.54, DistUp, 446.48
, DistFront, 123.81, DistDow, 123.83, DistUp, 447.76
, DistFront, 123.81, DistDow, 124.34, DistUp, 299.83
, DistFront, 124.27, DistDow, 126.09, DistUp, 299.91
, DistFrontMean, 125.39, DistDowMean, 126.68, DistUpMean, 234.91
, DistFront, 126.46, DistDow, 125.73, DistUp, 446.09
, DistFront, 128.16, DistDow, 126.46, DistUp, 295.66
, DistFront, 127.62, DistDow, 124.47, DistUp, 299.40
, DistFront, 128.69, DistDow, 124.78, DistUp, 235.83
, DistFront, 126.68, DistDow, 124.91, DistUp, 236.80
, DistFront, 127.55, DistDow, 125.78, DistUp, 296.56
, DistFront, 127.89, DistDow, 125.32, DistUp, 447.40
, DistFront, 126.62, DistDow, 124.42, DistUp, 302.53
, DistFront, 128.98, DistDow, 124.27, DistUp, 234.27
, DistFront, 124.25, DistDow, 128.28, DistUp, 301.70
, DistFront, 125.14, DistDow, 127.33, DistUp, 446.14
, DistFront, 123.96, DistDow, 126.26, DistUp, 446.33
, DistFront, 124.00, DistDow, 124.17, DistUp, 447.53
, DistFront, 122.98, DistDow, 125.20, DistUp, 295.12
, DistFront, 123.89, DistDow, 124.85, DistUp, 289.78
, DistFront, 123.16, DistDow, 124.34, DistUp, 294.30
, DistFront, 124.06, DistDow, 125.41, DistUp, 293.47
, DistFront, 125.82, DistDow, 126.38, DistUp, 292.70
, DistFront, 123.81, DistDow, 125.17, DistUp, 446.26
, DistFront, 124.71, DistDow, 125.27, DistUp, 294.76
, DistFrontMean, 124.35, DistDowMean, 123.64, DistUpMean, 293.54
, DistFront, 123.49, DistDow, 125.68, DistUp, 293.89
, DistFront, 124.30, DistDow, 124.81, DistUp, 293.89
, DistFront, 124.25, DistDow, 124.34, DistUp, 446.26
, DistFront, 123.81, DistDow, 124.20, DistUp, 446.14
, DistFront, 123.64, DistDow, 124.69, DistUp, 446.11
, DistFront, 123.71, DistDow, 124.61, DistUp, 446.05
, DistFront, 123.61, DistDow, 124.40, DistUp, 446.05
, DistFront, 123.10, DistDow, 124.40, DistUp, 296.96
, DistFront, 122.99, DistDow, 125.20, DistUp, 445.92
, DistFront, 123.32, DistDow, 126.82, DistUp, 236.12
, DistFront, 123.18, DistDow, 124.12, DistUp, 295.99
, DistFront, 123.13, DistDow, 124.05, DistUp, 236.05
, DistFront, 124.35, DistDow, 124.85, DistUp, 233.67
, DistFront, 123.18, DistDow, 123.96, DistUp, 234.03
, DistFront, 124.69, DistDow, 125.26, DistUp, 294.20
, DistFront, 125.49, DistDow, 123.13, DistUp, 295.77
, DistFront, 122.60, DistDow, 123.96, DistUp, 298.35
, DistFront, 123.06, DistDow, 126.17, DistUp, 296.63
, DistFront, 128.23, DistDow, 124.91, DistUp, 446.50
, DistFront, 123.11, DistDow, 124.85, DistUp, 446.53
, DistFrontMean, 123.76, DistDowMean, 126.39, DistUpMean, 291.50
, DistFront, 124.03, DistDow, 124.61, DistUp, 290.63
, DistFront, 123.67, DistDow, 123.74, DistUp, 291.09
, DistFront, 123.27, DistDow, 124.18, DistUp, 287.41
, DistFront, 123.61, DistDow, 123.74, DistUp, 289.12
, DistFront, 124.52, DistDow, 124.63, DistUp, 297.35
, DistFront, 123.23, DistDow, 125.46, DistUp, 289.88
, DistFront, 123.54, DistDow, 124.91, DistUp, 295.54
, DistFront, 123.49, DistDow, 124.85, DistUp, 294.27
, DistFront, 124.27, DistDow, 123.96, DistUp, 297.16
, DistFront, 123.81, DistDow, 125.20, DistUp, 380.27
, DistFront, 122.87, DistDow, 124.00, DistUp, 383.06
, DistFront, 122.89, DistDow, 125.05, DistUp, 445.97
, DistFront, 122.52, DistDow, 124.68, DistUp, 445.97
, DistFront, 122.55, DistDow, 123.91, DistUp, 446.53
, DistFront, 123.49, DistDow, 123.84, DistUp, 378.47
, DistFront, 123.11, DistDow, 123.98, DistUp, 378.06
, DistFront, 123.89, DistDow, 124.49, DistUp, 293.78
, DistFront, 123.49, DistDow, 124.54, DistUp, 290.83
, DistFront, 123.16, DistDow, 125.85, DistUp, 293.04
, DistFront, 123.20, DistDow, 126.28, DistUp, 292.09
, DistFrontMean, 124.25, DistDowMean, 122.55, DistUpMean, 292.55
, DistFront, 123.23, DistDow, 123.69, DistUp, 294.61
, DistFront, 122.81, DistDow, 123.69, DistUp, 295.88
, DistFront, 122.31, DistDow, 124.05, DistUp, 287.57
, DistFront, 120.56, DistDow, 124.40, DistUp, 381.48
, DistFront, 122.55, DistDow, 123.96, DistUp, 378.95
, DistFront, 121.26, DistDow, 125.17, DistUp, 445.73
, DistFront, 122.47, DistDow, 124.20, DistUp, 444.97
, DistFront, 122.81, DistDow, 127.57, DistUp, 330.41
, DistFront, 121.89, DistDow, 124.34, DistUp, 289.32
, DistFront, 121.82, DistDow, 124.05, DistUp, 379.30
, DistFront, 121.90, DistDow, 123.18, DistUp, 289.30
, DistFront, 122.77, DistDow, 123.67, DistUp, 330.78
, DistFront, 122.40, DistDow, 125.02, DistUp, 376.45
, DistFront, 122.84, DistDow, 124.59, DistUp, 331.96
, DistFront, 123.23, DistDow, 124.23, DistUp, 375.27
, DistFront, 123.42, DistDow, 124.20, DistUp, 289.27
, DistFront, 123.45, DistDow, 126.92, DistUp, 288.11
, DistFront, 123.84, DistDow, 124.35, DistUp, 291.85
, DistFront, 123.42, DistDow, 123.95, DistUp, 291.82
, DistFront, 122.99, DistDow, 124.81, DistUp, 288.91
, DistFrontMean, 123.61, DistDowMean, 123.64, DistUpMean, 288.06
, DistFront, 122.60, DistDow, 124.35, DistUp, 288.45
, DistFront, 122.11, DistDow, 124.69, DistUp, 289.25
, DistFront, 123.32, DistDow, 123.28, DistUp, 332.35
, DistFront, 122.76, DistDow, 123.61, DistUp, 328.95
, DistFront, 120.97, DistDow, 123.10, DistUp, 447.11
, DistFront, 122.16, DistDow, 124.25, DistUp, 445.78
, DistFront, 121.70, DistDow, 124.32, DistUp, 447.18
, DistFront, 123.38, DistDow, 126.73, DistUp, 447.06
, DistFront, 122.67, DistDow, 124.97, DistUp, 374.00
, DistFront, 121.60, DistDow, 124.61, DistUp, 375.26
, DistFront, 123.40, DistDow, 125.66, DistUp, 446.17
, DistFront, 126.02, DistDow, 125.32, DistUp, 236.19
, DistFront, 123.25, DistDow, 125.85, DistUp, 374.32
, DistFront, 124.18, DistDow, 123.38, DistUp, 292.96
, DistFront, 123.35, DistDow, 124.83, DistUp, 292.55
, DistFront, 122.70, DistDow, 124.05, DistUp, 292.57
, DistFront, 123.11, DistDow, 125.41, DistUp, 293.45
, DistFront, 123.55, DistDow, 125.85, DistUp, 292.99
, DistFront, 123.25, DistDow, 124.61, DistUp, 292.55
, DistFront, 123.25, DistDow, 124.61, DistUp, 293.40
, DistFrontMean, 123.04, DistDowMean, 123.06, DistUpMean, 288.06
, DistFront, 125.32, DistDow, 125.12, DistUp, 446.46
, DistFront, 123.74, DistDow, 125.56, DistUp, 295.37
, DistFront, 124.20, DistDow, 125.05, DistUp, 295.39
, DistFront, 123.33, DistDow, 126.48, DistUp, 291.97
, DistFront, 124.97, DistDow, 125.07, DistUp, 291.56
, DistFront, 124.12, DistDow, 125.95, DistUp, 448.55
, DistFront, 123.59, DistDow, 125.43, DistUp, 296.48
, DistFront, 126.02, DistDow, 126.68, DistUp, 290.31
, DistFront, 123.59, DistDow, 125.77, DistUp, 445.99
, DistFront, 127.87, DistDow, 125.73, DistUp, 296.34
, DistFront, 125.60, DistDow, 3202.64, DistUp, 296.68
, DistFront, 124.74, DistDow, 132.67, DistUp, 294.35
, DistFront, 123.83, DistDow, 125.82, DistUp, 446.24
, DistFront, 124.20, DistDow, 131.75, DistUp, 296.68
, DistFront, 124.66, DistDow, 3219.06, DistUp, 295.05
, DistFront, 123.88, DistDow, 125.46, DistUp, 446.21
, DistFront, 123.91, DistDow, 124.91, DistUp, 296.80
, DistFront, 124.32, DistDow, 124.56, DistUp, 445.92
, DistFront, 125.10, DistDow, 125.31, DistUp, 446.63
, DistFront, 125.85, DistDow, 125.32, DistUp, 446.14
, DistFrontMean, 124.10, DistDowMean, 123.25, DistUpMean, 445.02
, DistFront, 125.27, DistDow, 124.66, DistUp, 446.46
, DistFront, 124.98, DistDow, 123.74, DistUp, 445.46
, DistFront, 125.37, DistDow, 124.00, DistUp, 385.77
, DistFront, 124.30, DistDow, 124.76, DistUp, 445.20
, DistFront, 128.35, DistDow, 124.17, DistUp, 445.60
, DistFront, 124.40, DistDow, 122.74, DistUp, 445.43
, DistFront, 129.46, DistDow, 123.03, DistUp, 299.23
, DistFront, 130.26, DistDow, 123.32, DistUp, 299.00
, DistFront, 127.52, DistDow, 123.59, DistUp, 299.39
, DistFront, 128.16, DistDow, 123.45, DistUp, 444.12
, DistFront, 125.83, DistDow, 123.18, DistUp, 443.74
, DistFront, 124.76, DistDow, 121.26, DistUp, 298.81
, DistFront, 125.07, DistDow, 122.45, DistUp, 443.76
, DistFront, 118.42, DistDow, 122.84, DistUp, 237.24
, DistFront, 123.32, DistDow, 122.33, DistUp, 305.68
, DistFront, 122.84, DistDow, 122.67, DistUp, 443.95
, DistFront, 123.61, DistDow, 123.04, DistUp, 445.14
, DistFront, 121.85, DistDow, 121.73, DistUp, 236.60
, DistFront, 122.67, DistDow, 122.47, DistUp, 443.81
, DistFront, 121.67, DistDow, 122.77, DistUp, 305.05
, DistFrontMean, 120.48, DistDowMean, 120.73, DistUpMean, 441.63
, DistFront, 122.38, DistDow, 123.13, DistUp, 443.62
, DistFront, 122.26, DistDow, 123.84, DistUp, 444.05
, DistFront, 120.92, DistDow, 3199.00, DistUp, 442.74
, DistFront, 121.17, DistDow, 121.41, DistUp, 443.18
, DistFront, 121.17, DistDow, 121.41, DistUp, 236.02
, DistFront, 121.33, DistDow, 122.70, DistUp, 234.76
, DistFront, 120.78, DistDow, 121.46, DistUp, 292.57
, DistFront, 120.19, DistDow, 3218.96, DistUp, 293.13
, DistFront, 120.99, DistDow, 3205.02, DistUp, 294.88
, DistFront, 121.80, DistDow, 3255.97, DistUp, 294.35
, DistFront, 121.67, DistDow, 3220.61, DistUp, 294.66
, DistFront, 122.04, DistDow, 3209.03, DistUp, 295.97
, DistFront, 123.10, DistDow, 3233.74, DistUp, 444.56
, DistFront, 123.78, DistDow, 130.68, DistUp, 294.69
, DistFront, 122.87, DistDow, 3218.62, DistUp, 292.04
, DistFront, 122.67, DistDow, 127.38, DistUp, 291.17
, DistFront, 122.18, DistDow, 128.25, DistUp, 292.81
, DistFront, 122.99, DistDow, 129.47, DistUp, 291.50
, DistFront, 122.53, DistDow, 129.40, DistUp, 293.61
, DistFront, 122.48, DistDow, 3227.04, DistUp, 291.48
, DistFrontMean, 122.77, DistDowMean, 125.27, DistUpMean, 291.90
, DistFront, 124.69, DistDow, 124.40, DistUp, 445.37
, DistFront, 127.76, DistDow, 126.17, DistUp, 234.66
, DistFront, 3250.20, DistDow, 123.71, DistUp, 288.83
, DistFront, 121.46, DistDow, 123.28, DistUp, 296.70
, DistFront, 124.00, DistDow, 122.48, DistUp, 296.67
, DistFront, 121.17, DistDow, 122.89, DistUp, 378.42
, DistFront, 121.97, DistDow, 122.82, DistUp, 293.10
, DistFront, 122.35, DistDow, 123.74, DistUp, 290.95
, DistFront, 122.38, DistDow, 124.61, DistUp, 289.71
, DistFront, 121.11, DistDow, 124.61, DistUp, 288.03
, DistFront, 121.56, DistDow, 123.28, DistUp, 288.13
, DistFront, 121.53, DistDow, 123.74, DistUp, 287.64
, DistFront, 121.55, DistDow, 123.32, DistUp, 290.53
, DistFront, 122.31, DistDow, 123.33, DistUp, 290.63
, DistFront, 123.25, DistDow, 125.85, DistUp, 288.03
, DistFront, 122.47, DistDow, 123.81, DistUp, 285.97
, DistFront, 122.02, DistDow, 122.89, DistUp, 289.68
, DistFront, 121.99, DistDow, 125.53, DistUp, 286.85
, DistFront, 122.47, DistDow, 123.78, DistUp, 289.68
, DistFront, 122.45, DistDow, 123.81, DistUp, 289.68
, DistFrontMean, 123.84, DistDowMean, 122.24, DistUpMean, 292.18
, DistFront, 122.41, DistDow, 122.89, DistUp, 293.38
, DistFront, 121.92, DistDow, 122.45, DistUp, 292.98
, DistFront, 122.35, DistDow, 122.82, DistUp, 290.85
, DistFront, 121.85, DistDow, 123.59, DistUp, 292.91
, DistFront, 123.13, DistDow, 123.18, DistUp, 291.77
, DistFront, 121.46, DistDow, 122.76, DistUp, 291.70
, DistFront, 123.11, DistDow, 122.74, DistUp, 292.11
, DistFront, 122.24, DistDow, 122.74, DistUp, 292.53
, DistFront, 121.75, DistDow, 123.06, DistUp, 290.39
, DistFront, 121.31, DistDow, 123.95, DistUp, 291.77
, DistFront, 121.70, DistDow, 122.62, DistUp, 288.40
, DistFront, 121.26, DistDow, 123.42, DistUp, 290.34
, DistFront, 122.84, DistDow, 122.13, DistUp, 290.34
, DistFront, 121.55, DistDow, 122.93, DistUp, 290.34
, DistFront, 121.14, DistDow, 123.38, DistUp, 291.26
, DistFront, 121.55, DistDow, 126.31, DistUp, 292.41
, DistFront, 123.25, DistDow, 123.35, DistUp, 290.73
, DistFront, 122.84, DistDow, 122.93, DistUp, 294.49
, DistFront, 121.19, DistDow, 124.30, DistUp, 293.25
, DistFront, 122.11, DistDow, 126.09, DistUp, 294.47
, DistFrontMean, 121.04, DistDowMean, 122.84, DistUpMean, 294.35
, DistFront, 121.33, DistDow, 123.98, DistUp, 296.11
, DistFront, 122.24, DistDow, 123.95, DistUp, 287.57
, DistFront, 121.46, DistDow, 124.46, DistUp, 288.42
, DistFront, 121.55, DistDow, 122.87, DistUp, 291.45
, DistFront, 122.04, DistDow, 123.40, DistUp, 289.52
, DistFront, 122.55, DistDow, 122.62, DistUp, 285.27
, DistFront, 123.04, DistDow, 123.13, DistUp, 293.64
, DistFront, 122.26, DistDow, 123.95, DistUp, 293.67
, DistFront, 122.74, DistDow, 124.52, DistUp, 289.27
, DistFront, 121.96, DistDow, 123.28, DistUp, 288.89
, DistFront, 121.99, DistDow, 124.10, DistUp, 291.70
, DistFront, 124.05, DistDow, 124.68, DistUp, 291.68
, DistFront, 122.04, DistDow, 123.81, DistUp, 290.17
, DistFront, 123.28, DistDow, 124.10, DistUp, 289.20
, DistFront, 123.69, DistDow, 123.40, DistUp, 284.18
, DistFront, 124.52, DistDow, 128.55, DistUp, 286.38
, DistFront, 123.69, DistDow, 122.53, DistUp, 285.03
, DistFront, 122.52, DistDow, 124.30, DistUp, 291.41
, DistFront, 123.74, DistDow, 122.99, DistUp, 295.10
, DistFront, 122.96, DistDow, 122.98, DistUp, 290.07
, DistFrontMean, 121.89, DistDowMean, 124.06, DistUpMean, 286.05
, DistFront, 122.57, DistDow, 123.45, DistUp, 290.61
, DistFront, 122.60, DistDow, 123.49, DistUp, 288.88
, DistFront, 124.30, DistDow, 123.55, DistUp, 286.38
, DistFront, 123.49, DistDow, 125.32, DistUp, 285.10
, DistFront, 122.26, DistDow, 124.81, DistUp, 293.52
, DistFront, 124.20, DistDow, 125.77, DistUp, 291.41
, DistFront, 124.61, DistDow, 123.59, DistUp, 286.09
, DistFront, 123.52, DistDow, 123.18, DistUp, 295.24
, DistFront, 123.81, DistDow, 124.06, DistUp, 286.05
, DistFront, 122.26, DistDow, 124.05, DistUp, 288.61
, DistFront, 122.99, DistDow, 123.55, DistUp, 286.34
, DistFront, 122.93, DistDow, 124.71, DistUp, 285.14
, DistFront, 121.53, DistDow, 123.61, DistUp, 288.27
, DistFront, 123.89, DistDow, 124.00, DistUp, 285.63
, DistFront, 122.04, DistDow, 123.84, DistUp, 286.68
, DistFront, 122.31, DistDow, 123.20, DistUp, 297.19
, DistFront, 124.12, DistDow, 123.81, DistUp, 294.76
, DistFront, 121.96, DistDow, 122.89, DistUp, 290.92
, DistFront, 126.63, DistDow, 124.56, DistUp, 291.68
, DistFront, 125.41, DistDow, 125.37, DistUp, 289.66
, DistFrontMean, 124.27, DistDowMean, 124.68, DistUpMean, 288.03
, DistFront, 127.40, DistDow, 126.60, DistUp, 439.74
, DistFront, 125.39, DistDow, 124.49, DistUp, 441.56
, DistFront, 125.32, DistDow, 124.05, DistUp, 296.14
, DistFront, 125.19, DistDow, 124.46, DistUp, 294.88
, DistFront, 125.26, DistDow, 123.04, DistUp, 294.90
, DistFront, 121.77, DistDow, 123.16, DistUp, 294.90
, DistFront, 125.31, DistDow, 124.06, DistUp, 295.32
, DistFront, 124.85, DistDow, 123.23, DistUp, 439.59
, DistFront, 124.66, DistDow, 123.32, DistUp, 293.49
, DistFront, 125.14, DistDow, 123.27, DistUp, 291.48
, DistFront, 123.84, DistDow, 124.56, DistUp, 290.48
, DistFront, 124.71, DistDow, 126.33, DistUp, 290.10
, DistFront, 125.14, DistDow, 3228.38, DistUp, 291.38
, DistFront, 126.31, DistDow, 122.69, DistUp, 289.30
, DistFront, 122.19, DistDow, 122.28, DistUp, 291.28
, DistFront, 122.19, DistDow, 122.69, DistUp, 288.78
, DistFront, 121.26, DistDow, 123.49, DistUp, 290.92
, DistFront, 123.25, DistDow, 122.53, DistUp, 290.37
, DistFront, 120.63, DistDow, 123.74, DistUp, 290.70
, DistFront, 120.99, DistDow, 123.25, DistUp, 286.96
, DistFrontMean, 121.14, DistDowMean, 124.68, DistUpMean, 283.20
, DistFront, 120.97, DistDow, 124.40, DistUp, 441.02
, DistFront, 121.75, DistDow, 3208.95, DistUp, 294.20
, DistFront, 128.35, DistDow, 121.28, DistUp, 304.69
, DistFront, 125.32, DistDow, 125.27, DistUp, 305.92
, DistFront, 122.26, DistDow, 123.28, DistUp, 285.97
, DistFront, 121.60, DistDow, 3235.60, DistUp, 285.07
, DistFront, 122.04, DistDow, 124.25, DistUp, 293.55
, DistFront, 124.32, DistDow, 124.97, DistUp, 442.13
, DistFront, 122.99, DistDow, 124.71, DistUp, 293.98
, DistFront, 122.76, DistDow, 126.17, DistUp, 289.42
, DistFront, 123.81, DistDow, 124.59, DistUp, 289.52
, DistFront, 123.55, DistDow, 125.73, DistUp, 290.03
, DistFront, 124.61, DistDow, 125.03, DistUp, 382.84
, DistFront, 124.18, DistDow, 124.71, DistUp, 383.32
, DistFront, 126.21, DistDow, 126.63, DistUp, 287.89
, DistFront, 125.07, DistDow, 127.09, DistUp, 447.87
, DistFront, 125.54, DistDow, 126.31, DistUp, 288.38
, DistFront, 125.99, DistDow, 127.33, DistUp, 296.75
, DistFront, 127.19, DistDow, 127.64, DistUp, 445.05
, DistFront, 125.68, DistDow, 128.13, DistUp, 447.41
, DistFrontMean, 125.19, DistDowMean, 126.39, DistUpMean, 327.87
, DistFront, 126.50, DistDow, 126.90, DistUp, 325.27
, DistFront, 125.73, DistDow, 126.82, DistUp, 447.87
, DistFront, 125.34, DistDow, 126.63, DistUp, 298.55
, DistFront, 127.19, DistDow, 125.97, DistUp, 286.33
, DistFront, 125.43, DistDow, 125.83, DistUp, 286.73
, DistFront, 125.27, DistDow, 124.61, DistUp, 444.34
, DistFront, 125.14, DistDow, 124.66, DistUp, 287.81
, DistFront, 123.74, DistDow, 125.43, DistUp, 293.59
, DistFront, 124.10, DistDow, 123.61, DistUp, 286.46
, DistFront, 124.00, DistDow, 124.00, DistUp, 293.42
, DistFront, 123.52, DistDow, 124.69, DistUp, 290.90
, DistFront, 123.04, DistDow, 124.39, DistUp, 296.19
, DistFront, 122.64, DistDow, 124.81, DistUp, 291.89
, DistFront, 123.54, DistDow, 124.00, DistUp, 290.12
, DistFront, 123.16, DistDow, 123.67, DistUp, 302.18
, DistFront, 123.64, DistDow, 124.61, DistUp, 293.91
, DistFront, 123.71, DistDow, 124.68, DistUp, 294.03
, DistFront, 123.35, DistDow, 124.27, DistUp, 287.91
, DistFront, 122.53, DistDow, 123.84, DistUp, 293.23
, DistFront, 122.99, DistDow, 123.78, DistUp, 296.62
, DistFrontMean, 122.81, DistDowMean, 125.83, DistUpMean, 288.03
, DistFront, 123.35, DistDow, 124.39, DistUp, 294.17
, DistFront, 123.49, DistDow, 125.31, DistUp, 288.03
, DistFront, 122.69, DistDow, 124.91, DistUp, 290.10
, DistFront, 123.20, DistDow, 124.97, DistUp, 290.83
, DistFront, 124.03, DistDow, 124.56, DistUp, 294.23
, DistFront, 125.19, DistDow, 125.41, DistUp, 293.38
, DistFront, 126.14, DistDow, 126.24, DistUp, 293.38
, DistFront, 123.69, DistDow, 124.90, DistUp, 293.42
, DistFront, 123.27, DistDow, 125.82, DistUp, 290.85
, DistFront, 123.59, DistDow, 126.77, DistUp, 290.46
, DistFront, 123.28, DistDow, 125.82, DistUp, 290.90
, DistFront, 123.40, DistDow, 125.03, DistUp, 383.78
, DistFront, 127.84, DistDow, 125.53, DistUp, 288.13
, DistFront, 127.84, DistDow, 125.12, DistUp, 288.11
, DistFront, 127.69, DistDow, 124.63, DistUp, 297.96
, DistFront, 128.13, DistDow, 124.68, DistUp, 295.53
, DistFront, 128.25, DistDow, 125.68, DistUp, 293.10
, DistFront, 129.18, DistDow, 127.06, DistUp, 293.98
, DistFront, 127.84, DistDow, 126.56, DistUp, 293.61
, DistFront, 124.85, DistDow, 128.83, DistUp, 445.43
, DistFrontMean, 127.74, DistDowMean, 126.56, DistUpMean, 444.06
, DistFront, 128.03, DistDow, 126.73, DistUp, 445.48
, DistFront, 126.33, DistDow, 125.12, DistUp, 300.68
, DistFront, 126.63, DistDow, 126.34, DistUp, 296.97
, DistFront, 125.78, DistDow, 124.71, DistUp, 295.32
, DistFront, 126.70, DistDow, 125.12, DistUp, 294.47
, DistFront, 125.70, DistDow, 131.45, DistUp, 295.73
, DistFront, 124.90, DistDow, 127.04, DistUp, 296.97
, DistFront, 125.56, DistDow, 127.09, DistUp, 297.81
, DistFront, 124.78, DistDow, 127.91, DistUp, 295.26
, DistFront, 124.30, DistDow, 126.89, DistUp, 295.27
, DistFront, 126.28, DistDow, 125.68, DistUp, 292.35
, DistFront, 125.54, DistDow, 125.12, DistUp, 292.35
, DistFront, 124.25, DistDow, 128.59, DistUp, 446.12
, DistFront, 126.39, DistDow, 127.35, DistUp, 445.24
, DistFront, 125.05, DistDow, 125.27, DistUp, 297.70
, DistFront, 126.85, DistDow, 3222.48, DistUp, 294.90
, DistFront, 125.63, DistDow, 3212.91, DistUp, 446.24
, DistFront, 124.06, DistDow, 3231.85, DistUp, 294.95
, DistFront, 123.96, DistDow, 3238.49, DistUp, 295.43
, DistFront, 123.54, DistDow, 131.60, DistUp, 297.45
, DistFrontMean, 123.69, DistDowMean, 124.27, DistUpMean, 296.12
, DistFront, 123.47, DistDow, 126.96, DistUp, 445.39
, DistFront, 122.16, DistDow, 128.55, DistUp, 291.56
, DistFront, 123.78, DistDow, 128.55, DistUp, 295.34
, DistFront, 123.62, DistDow, 127.38, DistUp, 292.76
, DistFront, 126.28, DistDow, 126.89, DistUp, 295.68
, DistFront, 126.73, DistDow, 126.33, DistUp, 296.48
, DistFront, 126.62, DistDow, 125.46, DistUp, 296.05
, DistFront, 124.17, DistDow, 126.45, DistUp, 295.07
, DistFront, 123.64, DistDow, 125.10, DistUp, 296.04
, DistFront, 123.59, DistDow, 126.63, DistUp, 291.05
, DistFront, 123.54, DistDow, 126.60, DistUp, 291.85
, DistFront, 123.49, DistDow, 125.66, DistUp, 291.85
, DistFront, 125.99, DistDow, 125.20, DistUp, 292.24
, DistFront, 122.87, DistDow, 123.96, DistUp, 292.60
, DistFront, 123.32, DistDow, 123.42, DistUp, 291.73
, DistFront, 123.61, DistDow, 130.73, DistUp, 292.09
, DistFront, 122.64, DistDow, 127.98, DistUp, 286.68
, DistFront, 124.54, DistDow, 123.98, DistUp, 441.99
, DistFront, 122.77, DistDow, 125.17, DistUp, 287.26
, DistFront, 122.28, DistDow, 3216.53, DistUp, 287.87
, DistFrontMean, 121.77, DistDowMean, 124.59, DistUpMean, 294.81
, DistFront, 123.67, DistDow, 125.12, DistUp, 285.97
, DistFront, 121.89, DistDow, 123.32, DistUp, 290.95
, DistFront, 121.38, DistDow, 124.03, DistUp, 285.82
, DistFront, 127.33, DistDow, 122.81, DistUp, 286.17
, DistFront, 121.75, DistDow, 123.59, DistUp, 297.19
, DistFront, 121.73, DistDow, 124.00, DistUp, 442.84
, DistFront, 121.31, DistDow, 123.13, DistUp, 305.14
, DistFront, 121.28, DistDow, 123.20, DistUp, 307.28
, DistFront, 122.98, DistDow, 122.74, DistUp, 294.06
, DistFront, 121.75, DistDow, 128.71, DistUp, 292.02
, DistFront, 122.13, DistDow, 126.63, DistUp, 290.37
, DistFront, 123.03, DistDow, 124.90, DistUp, 290.37
, DistFront, 121.75, DistDow, 123.10, DistUp, 290.02
, DistFront, 122.57, DistDow, 126.24, DistUp, 290.43
, DistFront, 121.73, DistDow, 123.54, DistUp, 293.35
, DistFront, 121.33, DistDow, 123.95, DistUp, 295.43
, DistFront, 121.33, DistDow, 122.33, DistUp, 297.89
, DistFront, 122.21, DistDow, 122.40, DistUp, 288.88
, DistFront, 121.46, DistDow, 122.82, DistUp, 233.47
, DistFront, 121.09, DistDow, 123.74, DistUp, 292.70
, DistFrontMean, 121.28, DistDowMean, 122.26, DistUpMean, 285.37
, DistFront, 121.99, DistDow, 122.89, DistUp, 286.96
, DistFront, 121.34, DistDow, 123.03, DistUp, 294.40
, DistFront, 122.82, DistDow, 122.21, DistUp, 293.20
, DistFront, 122.13, DistDow, 123.10, DistUp, 294.88
, DistFront, 122.57, DistDow, 125.32, DistUp, 294.46
, DistFront, 121.34, DistDow, 128.27, DistUp, 296.19
, DistFront, 122.18, DistDow, 123.88, DistUp, 292.40
, DistFront, 122.19, DistDow, 124.46, DistUp, 286.53
, DistFront, 122.99, DistDow, 124.52, DistUp, 286.48
, DistFront, 123.83, DistDow, 124.90, DistUp, 286.89
, DistFront, 128.27, DistDow, 123.55, DistUp, 290.19
, DistFront, 121.75, DistDow, 123.18, DistUp, 293.06
, DistFront, 125.77, DistDow, 124.81, DistUp, 293.45
, DistFront, 125.43, DistDow, 124.10, DistUp, 288.61
, DistFront, 122.21, DistDow, 125.43, DistUp, 443.88
, DistFront, 121.89, DistDow, 123.27, DistUp, 289.12
, DistFront, 121.90, DistDow, 122.89, DistUp, 289.98
, DistFront, 123.59, DistDow, 123.32, DistUp, 291.28
, DistFront, 121.92, DistDow, 123.78, DistUp, 286.39
, DistFront, 121.82, DistDow, 123.23, DistUp, 286.38
, DistFrontMean, 121.55, DistDowMean, 124.52, DistUpMean, 286.67
, DistFront, 121.38, DistDow, 123.61, DistUp, 287.04
, DistFront, 121.24, DistDow, 125.26, DistUp, 288.25
, DistFront, 124.12, DistDow, 122.57, DistUp, 286.19
, DistFront, 122.77, DistDow, 123.35, DistUp, 292.67
, DistFront, 123.54, DistDow, 124.10, DistUp, 290.24
, DistFront, 120.95, DistDow, 122.69, DistUp, 285.97
, DistFront, 122.53, DistDow, 122.98, DistUp, 288.78
, DistFront, 120.75, DistDow, 122.13, DistUp, 284.20
, DistFront, 122.77, DistDow, 123.33, DistUp, 285.46
, DistFront, 121.04, DistDow, 122.41, DistUp, 289.12
, DistFront, 121.39, DistDow, 121.96, DistUp, 286.09
, DistFront, 120.07, DistDow, 123.18, DistUp, 288.54
, DistFront, 121.73, DistDow, 122.74, DistUp, 284.34
, DistFront, 120.83, DistDow, 121.84, DistUp, 287.99
, DistFront, 121.26, DistDow, 121.38, DistUp, 285.56
, DistFront, 120.39, DistDow, 122.24, DistUp, 282.93
, DistFront, 122.04, DistDow, 123.06, DistUp, 283.45
, DistFront, 122.09, DistDow, 122.24, DistUp, 283.47
, DistFront, 122.93, DistDow, 121.84, DistUp, 283.40
, DistFront, 120.88, DistDow, 121.85, DistUp, 284.20
, DistFrontMean, 119.83, DistDowMean, 122.96, DistUpMean, 284.05
, DistFront, 121.77, DistDow, 122.33, DistUp, 284.61
, DistFront, 122.19, DistDow, 122.81, DistUp, 291.80
, DistFront, 120.95, DistDow, 121.48, DistUp, 294.13
, DistFront, 120.99, DistDow, 121.92, DistUp, 382.02
, DistFront, 121.04, DistDow, 121.50, DistUp, 291.89
, DistFront, 121.48, DistDow, 122.02, DistUp, 286.02
, DistFront, 121.11, DistDow, 122.93, DistUp, 285.31
, DistFront, 122.82, DistDow, 123.40, DistUp, 287.81
, DistFront, 120.75, DistDow, 122.57, DistUp, 287.48
, DistFront, 121.63, DistDow, 123.03, DistUp, 285.73
, DistFront, 122.89, DistDow, 122.57, DistUp, 284.18
, DistFront, 120.75, DistDow, 121.62, DistUp, 284.56
, DistFront, 122.38, DistDow, 122.93, DistUp, 283.20
, DistFront, 121.92, DistDow, 123.33, DistUp, 286.24
, DistFront, 122.28, DistDow, 123.28, DistUp, 286.19
, DistFront, 121.82, DistDow, 121.97, DistUp, 287.28
, DistFront, 123.47, DistDow, 124.46, DistUp, 441.31
, DistFront, 121.80, DistDow, 124.97, DistUp, 292.74
, DistFront, 123.16, DistDow, 125.56, DistUp, 445.63
, DistFront, 123.33, DistDow, 3249.35, DistUp, 444.35
, DistFrontMean, 124.52, DistDowMean, 124.63, DistUpMean, 442.53
, DistFront, 125.82, DistDow, 123.89, DistUp, 326.85
, DistFront, 3299.66, DistDow, 125.54, DistUp, 301.77
, DistFront, 124.56, DistDow, 125.53, DistUp, 444.97
, DistFront, 124.81, DistDow, 126.63, DistUp, 445.56
, DistFront, 125.37, DistDow, 126.17, DistUp, 445.19
, DistFront, 124.69, DistDow, 125.73, DistUp, 444.61
, DistFront, 125.75, DistDow, 124.61, DistUp, 446.14
, DistFront, 126.56, DistDow, 125.37, DistUp, 446.99
, DistFront, 126.24, DistDow, 125.70, DistUp, 445.41
, DistFront, 121.56, DistDow, 123.35, DistUp, 289.61
, DistFront, 120.66, DistDow, 123.54, DistUp, 282.82
, DistFront, 121.09, DistDow, 122.89, DistUp, 285.12
, DistFront, 120.95, DistDow, 124.49, DistUp, 285.34
, DistFront, 122.48, DistDow, 122.98, DistUp, 287.24
, DistFront, 124.47, DistDow, 124.10, DistUp, 285.37
, DistFront, 125.92, DistDow, 122.40, DistUp, 285.41
, DistFront, 127.87, DistDow, 123.04, DistUp, 286.33
, DistFront, 127.55, DistDow, 122.48, DistUp, 285.07
, DistFront, 124.98, DistDow, 124.27, DistUp, 282.21
, DistFront, 124.54, DistDow, 122.02, DistUp, 285.39
, DistFrontMean, 121.97, DistDowMean, 121.62, DistUpMean, 282.99
, DistFront, 121.55, DistDow, 122.98, DistUp, 284.61
, DistFront, 122.52, DistDow, 123.06, DistUp, 284.32
, DistFront, 120.83, DistDow, 122.69, DistUp, 283.47
, DistFront, 121.33, DistDow, 123.18, DistUp, 282.28
, DistFront, 121.77, DistDow, 121.89, DistUp, 284.78
, DistFront, 121.34, DistDow, 122.62, DistUp, 284.35
, DistFront, 120.95, DistDow, 121.45, DistUp, 281.85
, DistFront, 120.99, DistDow, 122.21, DistUp, 282.70
, DistFront, 120.54, DistDow, 121.09, DistUp, 284.76
, DistFront, 120.26, DistDow, 122.04, DistUp, 281.62
, DistFront, 121.50, DistDow, 121.56, DistUp, 282.11
, DistFront, 120.10, DistDow, 123.35, DistUp, 281.56
, DistFront, 120.97, DistDow, 122.41, DistUp, 287.77
, DistFront, 120.99, DistDow, 122.40, DistUp, 284.91
, DistFront, 120.14, DistDow, 123.28, DistUp, 281.62
, DistFront, 120.54, DistDow, 122.48, DistUp, 282.93
, DistFront, 120.26, DistDow, 123.40, DistUp, 283.76
, DistFront, 119.90, DistDow, 123.45, DistUp, 285.83
, DistFront, 121.26, DistDow, 124.00, DistUp, 282.13
, DistFront, 120.85, DistDow, 121.92, DistUp, 285.56
, DistFrontMean, 120.34, DistDowMean, 121.28, DistUpMean, 282.38
, DistFront, 120.20, DistDow, 121.56, DistUp, 281.56
, DistFront, 120.32, DistDow, 123.45, DistUp, 282.53
, DistFront, 121.33, DistDow, 121.89, DistUp, 283.42
, DistFront, 121.46, DistDow, 124.20, DistUp, 284.03
, DistFront, 121.12, DistDow, 122.93, DistUp, 284.49
, DistFront, 122.13, DistDow, 122.62, DistUp, 285.31
, DistFront, 120.92, DistDow, 123.64, DistUp, 379.30
, DistFront, 120.99, DistDow, 123.23, DistUp, 286.63
, DistFront, 121.89, DistDow, 123.20, DistUp, 287.11
, DistFront, 122.69, DistDow, 124.61, DistUp, 286.34
, DistFront, 121.85, DistDow, 124.61, DistUp, 287.62
, DistFront, 120.97, DistDow, 123.20, DistUp, 379.30
, DistFront, 122.31, DistDow, 123.59, DistUp, 286.60
, DistFront, 122.24, DistDow, 123.64, DistUp, 284.59
, DistFront, 120.92, DistDow, 123.64, DistUp, 286.56
, DistFront, 122.19, DistDow, 126.24, DistUp, 286.55
, DistFront, 121.28, DistDow, 124.76, DistUp, 284.12
, DistFront, 121.63, DistDow, 123.45, DistUp, 284.76
, DistFront, 122.38, DistDow, 122.84, DistUp, 285.90
, DistFront, 120.99, DistDow, 122.45, DistUp, 285.17
, DistFrontMean, 120.73, DistDowMean, 123.03, DistUpMean, 280.68
, DistFront, 122.64, DistDow, 124.97, DistUp, 286.68
, DistFront, 121.73, DistDow, 122.28, DistUp, 284.71
, DistFront, 120.83, DistDow, 123.13, DistUp, 287.98
, DistFront, 121.19, DistDow, 123.45, DistUp, 285.41
, DistFront, 121.55, DistDow, 123.49, DistUp, 287.19
, DistFront, 121.92, DistDow, 122.18, DistUp, 285.97
, DistFront, 122.04, DistDow, 123.03, DistUp, 285.49
, DistFront, 121.60, DistDow, 126.12, DistUp, 287.60
, DistFront, 122.04, DistDow, 124.83, DistUp, 282.74
, DistFront, 121.21, DistDow, 123.54, DistUp, 285.14
, DistFront, 122.53, DistDow, 125.24, DistUp, 442.69
, DistFront, 122.09, DistDow, 125.68, DistUp, 440.60
, DistFront, 121.63, DistDow, 126.17, DistUp, 287.40
, DistFront, 122.53, DistDow, 124.91, DistUp, 287.41
, DistFront, 122.57, DistDow, 125.83, DistUp, 285.37
, DistFront, 122.13, DistDow, 124.05, DistUp, 287.02
, DistFront, 122.57, DistDow, 124.97, DistUp, 290.27
, DistFront, 122.64, DistDow, 122.77, DistUp, 284.97
, DistFront, 122.64, DistDow, 124.54, DistUp, 285.83
, DistFront, 122.26, DistDow, 3209.56, DistUp, 286.17
, DistFrontMean, 121.11, DistDowMean, 122.53, DistUpMean, 285.32
, DistFront, 122.67, DistDow, 124.05, DistUp, 288.55
, DistFront, 123.10, DistDow, 124.49, DistUp, 286.84
, DistFront, 121.77, DistDow, 124.13, DistUp, 288.20
, DistFront, 121.70, DistDow, 123.74, DistUp, 441.99
, DistFront, 123.98, DistDow, 122.89, DistUp, 283.54
, DistFront, 122.33, DistDow, 123.81, DistUp, 284.91
, DistFront, 122.77, DistDow, 123.81, DistUp, 283.69
, DistFront, 122.35, DistDow, 123.28, DistUp, 283.69
, DistFront, 122.77, DistDow, 125.56, DistUp, 287.89
, DistFront, 122.70, DistDow, 125.60, DistUp, 287.09
, DistFront, 122.38, DistDow, 126.02, DistUp, 287.52
, DistFront, 121.92, DistDow, 123.40, DistUp, 283.64
, DistFront, 124.98, DistDow, 125.49, DistUp, 285.37
, DistFront, 122.84, DistDow, 125.97, DistUp, 282.91
, DistFront, 122.45, DistDow, 125.12, DistUp, 284.17
, DistFront, 122.40, DistDow, 125.61, DistUp, 284.74
, DistFront, 123.28, DistDow, 126.41, DistUp, 288.40
, DistFront, 123.28, DistDow, 129.00, DistUp, 285.49
, DistFront, 124.13, DistDow, 123.95, DistUp, 284.81
, DistFront, 122.35, DistDow, 126.12, DistUp, 290.97
, DistFrontMean, 122.24, DistDowMean, 124.52, DistUpMean, 287.81
, DistFront, 123.27, DistDow, 3219.27, DistUp, 286.14
, DistFront, 123.88, DistDow, 3195.14, DistUp, 286.97
, DistFront, 123.98, DistDow, 3219.30, DistUp, 286.60
, DistFront, 122.98, DistDow, 3207.77, DistUp, 287.96
, DistFront, 121.99, DistDow, 3225.39, DistUp, 289.74
, DistFront, 123.03, DistDow, 415.49, DistUp, 293.59
, DistFront, 123.16, DistDow, 3227.13, DistUp, 288.18
, DistFront, 124.83, DistDow, 3230.27, DistUp, 286.82
, DistFront, 125.48, DistDow, 3219.46, DistUp, 286.14
, DistFront, 123.76, DistDow, 126.70, DistUp, 286.34
, DistFront, 123.84, DistDow, 128.25, DistUp, 286.21
, DistFront, 123.98, DistDow, 127.38, DistUp, 285.53
, DistFront, 124.69, DistDow, 126.12, DistUp, 284.35
, DistFront, 123.69, DistDow, 124.71, DistUp, 284.68
, DistFront, 123.16, DistDow, 127.19, DistUp, 286.62
, DistFront, 125.19, DistDow, 127.09, DistUp, 284.46
, DistFront, 122.96, DistDow, 125.26, DistUp, 286.05
, DistFront, 122.89, DistDow, 124.30, DistUp, 285.53
, DistFront, 124.17, DistDow, 123.84, DistUp, 285.05
, DistFront, 121.96, DistDow, 122.53, DistUp, 283.89
, DistFrontMean, 121.31, DistDowMean, 123.35, DistUpMean, 282.33
, DistFront, 121.96, DistDow, 124.66, DistUp, 286.34
, DistFront, 120.99, DistDow, 123.74, DistUp, 288.32
, DistFront, 121.39, DistDow, 122.77, DistUp, 283.67
, DistFront, 120.90, DistDow, 124.46, DistUp, 282.91
, DistFront, 121.67, DistDow, 122.60, DistUp, 284.97
, DistFront, 121.60, DistDow, 122.57, DistUp, 284.00
, DistFront, 121.55, DistDow, 328.11, DistUp, 285.20
, DistFront, 121.90, DistDow, 125.53, DistUp, 285.63
, DistFront, 124.52, DistDow, 124.95, DistUp, 283.20
, DistFront, 122.76, DistDow, 198.13, DistUp, 285.12
, DistFront, 121.89, DistDow, 127.69, DistUp, 293.98
, DistFront, 123.62, DistDow, 197.13, DistUp, 283.16
, DistFront, 124.42, DistDow, 125.97, DistUp, 283.55
, DistFront, 123.35, DistDow, 124.71, DistUp, 283.98
, DistFront, 122.89, DistDow, 124.27, DistUp, 285.92
, DistFront, 123.28, DistDow, 123.81, DistUp, 285.97
, DistFront, 122.82, DistDow, 123.28, DistUp, 285.82
, DistFront, 123.98, DistDow, 122.81, DistUp, 285.75
, DistFront, 122.70, DistDow, 124.59, DistUp, 285.68
, DistFront, 124.06, DistDow, 122.89, DistUp, 287.82
, DistFrontMean, 122.16, DistDowMean, 123.45, DistUpMean, 285.14
, DistFront, 124.17, DistDow, 123.84, DistUp, 293.32
, DistFront, 122.89, DistDow, 124.66, DistUp, 283.04
, DistFront, 123.13, DistDow, 122.87, DistUp, 286.67
, DistFront, 124.78, DistDow, 122.67, DistUp, 283.88
, DistFront, 123.04, DistDow, 122.26, DistUp, 285.54
, DistFront, 123.04, DistDow, 122.26, DistUp, 286.68
, DistFront, 122.67, DistDow, 121.41, DistUp, 290.88
, DistFront, 123.54, DistDow, 121.90, DistUp, 286.33
, DistFront, 122.69, DistDow, 121.90, DistUp, 286.73
, DistFront, 121.39, DistDow, 122.89, DistUp, 283.54
, DistFront, 121.96, DistDow, 122.47, DistUp, 288.06
, DistFront, 121.17, DistDow, 123.49, DistUp, 285.24
, DistFront, 122.24, DistDow, 123.25, DistUp, 286.38
, DistFront, 121.99, DistDow, 122.98, DistUp, 283.95
, DistFront, 123.10, DistDow, 124.49, DistUp, 286.24
, DistFront, 123.25, DistDow, 125.07, DistUp, 285.12
, DistFront, 124.34, DistDow, 124.83, DistUp, 287.82
, DistFront, 124.10, DistDow, 124.63, DistUp, 285.12
, DistFront, 124.69, DistDow, 123.89, DistUp, 285.27
, DistFront, 125.24, DistDow, 124.34, DistUp, 287.82
, DistFrontMean, 125.39, DistDowMean, 124.25, DistUpMean, 285.07
, DistFront, 125.20, DistDow, 128.33, DistUp, 286.62
, DistFront, 125.31, DistDow, 124.05, DistUp, 286.26
, DistFront, 125.70, DistDow, 125.37, DistUp, 285.53
, DistFront, 124.34, DistDow, 3210.37, DistUp, 287.91
, DistFront, 123.20, DistDow, 125.31, DistUp, 287.62
, DistFront, 122.98, DistDow, 124.46, DistUp, 285.82
, DistFront, 122.99, DistDow, 127.06, DistUp, 284.98
, DistFront, 123.45, DistDow, 124.46, DistUp, 293.20
, DistFront, 122.99, DistDow, 124.05, DistUp, 292.81
, DistFront, 123.83, DistDow, 124.78, DistUp, 293.54
, DistFront, 124.68, DistDow, 126.04, DistUp, 286.82
, DistFront, 123.32, DistDow, 125.20, DistUp, 283.40
, DistFront, 123.25, DistDow, 122.96, DistUp, 287.16
, DistFront, 123.64, DistDow, 123.32, DistUp, 285.77
, DistFront, 122.70, DistDow, 123.23, DistUp, 292.45
, DistFront, 123.98, DistDow, 127.04, DistUp, 285.77
, DistFront, 125.10, DistDow, 125.37, DistUp, 287.82
, DistFront, 125.14, DistDow, 123.55, DistUp, 442.67
, DistFront, 124.54, DistDow, 125.27, DistUp, 300.20
, DistFront, 123.76, DistDow, 124.74, DistUp, 286.12
, DistFrontMean, 122.64, DistDowMean, 123.67, DistUpMean, 286.46
, DistFront, 124.18, DistDow, 124.32, DistUp, 444.17
, DistFront, 124.59, DistDow, 126.48, DistUp, 444.54
, DistFront, 124.10, DistDow, 125.10, DistUp, 286.99
, DistFront, 124.90, DistDow, 126.41, DistUp, 442.52
, DistFront, 124.17, DistDow, 125.17, DistUp, 444.71
, DistFront, 124.25, DistDow, 127.84, DistUp, 283.45
, DistFront, 124.74, DistDow, 124.35, DistUp, 294.17
, DistFront, 124.35, DistDow, 126.05, DistUp, 285.07
, DistFront, 126.04, DistDow, 3194.00, DistUp, 286.77
, DistFront, 122.74, DistDow, 125.83, DistUp, 286.38
, DistFront, 122.69, DistDow, 125.82, DistUp, 287.60
, DistFront, 124.39, DistDow, 124.46, DistUp, 284.74
, DistFront, 124.30, DistDow, 123.59, DistUp, 291.19
, DistFront, 124.78, DistDow, 123.47, DistUp, 286.62
, DistFront, 125.24, DistDow, 123.59, DistUp, 287.45
, DistFront, 123.54, DistDow, 123.23, DistUp, 286.26
, DistFront, 124.00, DistDow, 122.70, DistUp, 443.11
, DistFront, 124.40, DistDow, 124.49, DistUp, 287.02
, DistFront, 122.62, DistDow, 123.47, DistUp, 285.34
, DistFront, 122.99, DistDow, 124.85, DistUp, 285.34
, DistFrontMean, 121.39, DistDowMean, 122.35, DistUpMean, 285.78
, DistFront, 121.63, DistDow, 124.66, DistUp, 285.66
, DistFront, 122.41, DistDow, 124.25, DistUp, 245.27
, DistFront, 121.02, DistDow, 123.18, DistUp, 285.54
, DistFront, 122.19, DistDow, 121.82, DistUp, 287.13
, DistFront, 121.63, DistDow, 122.18, DistUp, 284.59
, DistFront, 121.05, DistDow, 122.45, DistUp, 283.23
, DistFront, 120.95, DistDow, 122.74, DistUp, 286.33
, DistFront, 120.83, DistDow, 122.18, DistUp, 282.93
, DistFront, 120.70, DistDow, 122.02, DistUp, 284.13
, DistFront, 119.71, DistDow, 122.82, DistUp, 282.38
, DistFront, 119.66, DistDow, 124.05, DistUp, 286.41
, DistFront, 120.07, DistDow, 126.12, DistUp, 376.38
, DistFront, 119.35, DistDow, 122.53, DistUp, 283.59
, DistFront, 120.20, DistDow, 122.06, DistUp, 284.81
, DistFront, 119.90, DistDow, 123.06, DistUp, 285.68
, DistFront, 120.46, DistDow, 123.64, DistUp, 284.18
, DistFront, 120.12, DistDow, 123.74, DistUp, 285.49
, DistFront, 121.17, DistDow, 122.57, DistUp, 282.16
, DistFront, 120.32, DistDow, 122.28, DistUp, 284.23
, DistFront, 121.82, DistDow, 123.28, DistUp, 284.42
, DistFrontMean, 120.85, DistDowMean, 122.24, DistUpMean, 284.17
, DistFront, 120.77, DistDow, 123.04, DistUp, 284.12
, DistFront, 121.34, DistDow, 123.54, DistUp, 284.91
, DistFront, 121.90, DistDow, 122.89, DistUp, 286.26
, DistFront, 121.60, DistDow, 122.13, DistUp, 285.54
, DistFront, 122.16, DistDow, 123.10, DistUp, 287.84
, DistFront, 122.24, DistDow, 123.69, DistUp, 287.09
, DistFront, 121.48, DistDow, 122.89, DistUp, 287.40
, DistFront, 121.99, DistDow, 3219.25, DistUp, 285.68
, DistFront, 121.89, DistDow, 196.99, DistUp, 285.03
, DistFront, 123.67, DistDow, 124.74, DistUp, 288.61
, DistFront, 121.60, DistDow, 122.93, DistUp, 283.89
, DistFront, 121.96, DistDow, 125.92, DistUp, 284.17
, DistFront, 121.48, DistDow, 124.03, DistUp, 287.41
, DistFront, 120.99, DistDow, 123.20, DistUp, 287.09
, DistFront, 123.49, DistDow, 124.06, DistUp, 283.28
, DistFront, 121.75, DistDow, 122.26, DistUp, 288.33
, DistFront, 122.60, DistDow, 123.59, DistUp, 286.99
, DistFront, 122.13, DistDow, 122.69, DistUp, 287.40
, DistFront, 120.83, DistDow, 122.69, DistUp, 288.78
, DistFront, 120.83, DistDow, 122.21, DistUp, 288.28
, DistFrontMean, 120.63, DistDowMean, 122.84, DistUpMean, 281.85
, DistFront, 120.85, DistDow, 122.21, DistUp, 283.76
, DistFront, 120.90, DistDow, 122.69, DistUp, 285.48
, DistFront, 120.90, DistDow, 122.74, DistUp, 285.20
, DistFront, 122.24, DistDow, 123.18, DistUp, 287.19
, DistFront, 121.80, DistDow, 123.61, DistUp, 285.63
, DistFront, 121.84, DistDow, 123.18, DistUp, 284.71
, DistFront, 121.90, DistDow, 122.74, DistUp, 284.88
, DistFront, 121.09, DistDow, 123.33, DistUp, 284.97
, DistFront, 122.48, DistDow, 123.40, DistUp, 286.31
, DistFront, 122.55, DistDow, 123.03, DistUp, 287.09
, DistFront, 122.57, DistDow, 123.84, DistUp, 286.73
, DistFront, 121.68, DistDow, 123.98, DistUp, 287.28
, DistFront, 121.73, DistDow, 124.40, DistUp, 284.23
, DistFront, 123.04, DistDow, 122.64, DistUp, 283.89
, DistFront, 121.80, DistDow, 123.13, DistUp, 283.40
, DistFront, 122.77, DistDow, 123.69, DistUp, 284.54
, DistFront, 121.70, DistDow, 125.26, DistUp, 285.99
, DistFront, 123.25, DistDow, 123.69, DistUp, 289.54
, DistFront, 125.10, DistDow, 125.27, DistUp, 288.78
, DistFront, 124.91, DistDow, 124.52, DistUp, 286.04
, DistFrontMean, 124.23, DistDowMean, 123.83, DistUpMean, 287.70
, DistFront, 125.53, DistDow, 125.82, DistUp, 288.20
, DistFront, 127.09, DistDow, 126.38, DistUp, 286.56
, DistFront, 124.42, DistDow, 124.85, DistUp, 286.33
, DistFront, 125.54, DistDow, 125.88, DistUp, 286.90
, DistFront, 124.68, DistDow, 124.20, DistUp, 287.35
, DistFront, 124.74, DistDow, 125.19, DistUp, 285.46
, DistFront, 124.78, DistDow, 124.76, DistUp, 287.52
, DistFront, 125.68, DistDow, 126.17, DistUp, 291.89
, DistFront, 125.27, DistDow, 125.77, DistUp, 286.89
, DistFront, 124.42, DistDow, 124.34, DistUp, 294.32
, DistFront, 124.83, DistDow, 126.26, DistUp, 296.82
, DistFront, 125.78, DistDow, 124.95, DistUp, 288.45
, DistFront, 124.85, DistDow, 124.97, DistUp, 290.03
, DistFront, 125.83, DistDow, 125.02, DistUp, 286.34
, DistFront, 125.37, DistDow, 124.61, DistUp, 286.09
, DistFront, 124.25, DistDow, 125.85, DistUp, 287.64
, DistFront, 124.13, DistDow, 125.97, DistUp, 298.52
, DistFront, 123.81, DistDow, 125.97, DistUp, 286.89
, DistFront, 124.13, DistDow, 127.60, DistUp, 288.03
, DistFront, 125.48, DistDow, 125.07, DistUp, 288.45
, DistFrontMean, 124.40, DistDowMean, 125.60, DistUpMean, 284.69
, DistFront, 124.23, DistDow, 126.80, DistUp, 287.16
, DistFront, 123.76, DistDow, 125.97, DistUp, 289.27
, DistFront, 124.30, DistDow, 126.45, DistUp, 291.38
, DistFront, 124.66, DistDow, 127.60, DistUp, 285.83
, DistFront, 125.05, DistDow, 124.95, DistUp, 375.66
, DistFront, 124.25, DistDow, 125.97, DistUp, 287.18
, DistFront, 124.13, DistDow, 125.07, DistUp, 287.62
, DistFront, 124.23, DistDow, 125.97, DistUp, 287.57
, DistFront, 124.10, DistDow, 125.53, DistUp, 286.33
, DistFront, 124.81, DistDow, 125.41, DistUp, 287.55
, DistFront, 124.13, DistDow, 124.88, DistUp, 286.68
, DistFront, 124.13, DistDow, 125.77, DistUp, 287.18
, DistFront, 125.46, DistDow, 126.21, DistUp, 288.04
, DistFront, 124.13, DistDow, 125.83, DistUp, 287.24
, DistFront, 125.63, DistDow, 126.09, DistUp, 286.70
, DistFront, 124.39, DistDow, 124.76, DistUp, 286.99
, DistFront, 125.14, DistDow, 126.04, DistUp, 285.61
, DistFront, 125.43, DistDow, 124.71, DistUp, 286.12
, DistFront, 126.02, DistDow, 124.32, DistUp, 284.52
, DistFront, 124.30, DistDow, 124.81, DistUp, 287.35
, DistFrontMean, 124.85, DistDowMean, 126.34, DistUpMean, 287.45
, DistFront, 125.66, DistDow, 125.66, DistUp, 287.87
, DistFront, 123.96, DistDow, 124.97, DistUp, 286.28
, DistFront, 123.61, DistDow, 125.48, DistUp, 285.61
, DistFront, 123.49, DistDow, 124.54, DistUp, 284.00
, DistFront, 124.06, DistDow, 124.46, DistUp, 285.56
, DistFront, 123.11, DistDow, 124.85, DistUp, 285.56
, DistFront, 122.67, DistDow, 125.26, DistUp, 287.16
, DistFront, 122.64, DistDow, 125.82, DistUp, 287.55
, DistFront, 123.10, DistDow, 124.97, DistUp, 286.84
, DistFront, 122.69, DistDow, 125.41, DistUp, 287.57
, DistFront, 123.54, DistDow, 124.90, DistUp, 288.03
, DistFront, 124.46, DistDow, 126.34, DistUp, 286.09
, DistFront, 122.81, DistDow, 124.61, DistUp, 285.66
, DistFront, 122.77, DistDow, 125.07, DistUp, 289.46
, DistFront, 123.18, DistDow, 124.95, DistUp, 291.45
, DistFront, 122.74, DistDow, 126.38, DistUp, 288.96
, DistFront, 123.61, DistDow, 124.17, DistUp, 287.55
, DistFront, 122.93, DistDow, 126.31, DistUp, 284.63
, DistFront, 123.28, DistDow, 125.27, DistUp, 287.09
, DistFront, 123.35, DistDow, 125.20, DistUp, 286.50
, DistFrontMean, 122.16, DistDowMean, 123.13, DistUpMean, 284.90
, DistFront, 122.77, DistDow, 124.20, DistUp, 287.24
, DistFront, 123.11, DistDow, 124.10, DistUp, 287.31
, DistFront, 123.45, DistDow, 124.46, DistUp, 288.40
, DistFront, 124.98, DistDow, 124.81, DistUp, 285.12
, DistFront, 125.02, DistDow, 124.61, DistUp, 284.56
, DistFront, 124.05, DistDow, 126.21, DistUp, 284.98
, DistFront, 124.85, DistDow, 126.68, DistUp, 284.12
, DistFront, 123.84, DistDow, 126.53, DistUp, 299.88
, DistFront, 124.20, DistDow, 3211.90, DistUp, 285.66
, DistFront, 123.74, DistDow, 415.26, DistUp, 289.98
, DistFront, 122.28, DistDow, 418.16, DistUp, 286.21
, DistFront, 122.48, DistDow, 3212.06, DistUp, 286.68
, DistFront, 120.88, DistDow, 3209.54, DistUp, 444.68
, DistFront, 121.85, DistDow, 124.05, DistUp, 244.76
, DistFront, 121.38, DistDow, 124.35, DistUp, 284.63
, DistFront, 121.48, DistDow, 124.54, DistUp, 285.60
, DistFront, 122.47, DistDow, 123.84, DistUp, 293.62
, DistFront, 124.35, DistDow, 124.00, DistUp, 286.34
, DistFront, 123.61, DistDow, 125.85, DistUp, 441.56
, DistFront, 123.95, DistDow, 122.82, DistUp, 286.82
, DistFrontMean, 123.45, DistDowMean, 123.91, DistUpMean, 285.49
, DistFront, 123.27, DistDow, 125.12, DistUp, 285.19
, DistFront, 123.71, DistDow, 125.14, DistUp, 285.66
, DistFront, 122.74, DistDow, 123.83, DistUp, 284.91
, DistFront, 122.84, DistDow, 125.56, DistUp, 284.12
, DistFront, 123.25, DistDow, 125.12, DistUp, 284.05
, DistFront, 121.90, DistDow, 122.41, DistUp, 284.71
, DistFront, 122.24, DistDow, 123.13, DistUp, 285.07
, DistFront, 123.52, DistDow, 123.23, DistUp, 282.24
, DistFront, 124.27, DistDow, 123.98, DistUp, 285.53
, DistFront, 122.99, DistDow, 124.34, DistUp, 286.33
, DistFront, 121.92, DistDow, 123.47, DistUp, 285.88
, DistFront, 121.96, DistDow, 123.38, DistUp, 441.70
, DistFront, 122.76, DistDow, 123.64, DistUp, 440.10
, DistFront, 123.98, DistDow, 123.23, DistUp, 284.42
, DistFront, 123.81, DistDow, 123.95, DistUp, 286.85
, DistFront, 122.96, DistDow, 122.57, DistUp, 285.97
, DistFront, 122.45, DistDow, 122.91, DistUp, 285.10
, DistFront, 124.61, DistDow, 123.78, DistUp, 283.69
, DistFront, 123.28, DistDow, 121.53, DistUp, 285.03
, DistFront, 124.42, DistDow, 122.87, DistUp, 290.43
, DistFrontMean, 121.75, DistDowMean, 123.40, DistUpMean, 284.20
, DistFront, 122.41, DistDow, 124.95, DistUp, 285.37
, DistFront, 122.81, DistDow, 123.28, DistUp, 290.75
, DistFront, 122.81, DistDow, 124.18, DistUp, 284.95
, DistFront, 122.40, DistDow, 123.23, DistUp, 292.04
, DistFront, 124.56, DistDow, 122.87, DistUp, 285.10
, DistFront, 122.47, DistDow, 123.38, DistUp, 285.43
, DistFront, 122.06, DistDow, 123.84, DistUp, 290.10
, DistFront, 122.48, DistDow, 123.45, DistUp, 289.71
, DistFront, 123.33, DistDow, 123.40, DistUp, 284.18
, DistFront, 123.76, DistDow, 123.23, DistUp, 285.83
, DistFront, 122.40, DistDow, 121.97, DistUp, 288.81
, DistFront, 123.13, DistDow, 123.69, DistUp, 440.20
, DistFront, 122.28, DistDow, 124.95, DistUp, 287.11
, DistFront, 124.40, DistDow, 124.05, DistUp, 285.73
, DistFront, 123.10, DistDow, 123.47, DistUp, 286.99
, DistFront, 122.19, DistDow, 123.95, DistUp, 285.32
, DistFront, 121.80, DistDow, 121.82, DistUp, 292.09
, DistFront, 122.64, DistDow, 123.20, DistUp, 282.84
, DistFront, 121.80, DistDow, 122.33, DistUp, 291.68
, DistFront, 122.28, DistDow, 122.69, DistUp, 292.06
, DistFrontMean, 121.63, DistDowMean, 121.68, DistUpMean, 282.31
, DistFront, 122.33, DistDow, 124.13, DistUp, 294.63
, DistFront, 123.20, DistDow, 121.39, DistUp, 285.43
, DistFront, 123.54, DistDow, 122.41, DistUp, 291.67
, DistFront, 122.82, DistDow, 123.28, DistUp, 286.41
, DistFront, 123.76, DistDow, 123.35, DistUp, 285.07
, DistFront, 122.89, DistDow, 122.06, DistUp, 288.06
, DistFront, 122.48, DistDow, 123.33, DistUp, 285.56
, DistFront, 123.38, DistDow, 124.23, DistUp, 286.45
, DistFront, 124.69, DistDow, 124.34, DistUp, 288.13
, DistFront, 122.53, DistDow, 124.40, DistUp, 442.81
, DistFront, 121.68, DistDow, 123.49, DistUp, 286.46
, DistFront, 122.55, DistDow, 123.81, DistUp, 442.76
, DistFront, 122.09, DistDow, 123.78, DistUp, 293.49
, DistFront, 122.06, DistDow, 122.91, DistUp, 284.74
, DistFront, 123.81, DistDow, 3217.35, DistUp, 286.60
, DistFront, 122.19, DistDow, 3216.85, DistUp, 287.47
, DistFront, 121.85, DistDow, 126.41, DistUp, 286.38
, DistFront, 122.52, DistDow, 123.47, DistUp, 442.33
, DistFront, 123.33, DistDow, 124.05, DistUp, 285.68
, DistFront, 123.84, DistDow, 124.06, DistUp, 286.12
, DistFrontMean, 122.89, DistDowMean, 122.55, DistUpMean, 287.41
, DistFront, 123.18, DistDow, 124.59, DistUp, 287.33
, DistFront, 123.25, DistDow, 126.02, DistUp, 286.96
, DistFront, 124.18, DistDow, 123.49, DistUp, 290.82
, DistFront, 122.53, DistDow, 124.42, DistUp, 285.83
, DistFront, 122.60, DistDow, 125.70, DistUp, 283.38
, DistFront, 122.24, DistDow, 123.54, DistUp, 284.39
, DistFront, 123.89, DistDow, 128.33, DistUp, 284.74
, DistFront, 122.69, DistDow, 3230.43, DistUp, 284.74
, DistFront, 122.77, DistDow, 125.07, DistUp, 286.33
, DistFront, 121.85, DistDow, 126.77, DistUp, 286.26
, DistFront, 122.89, DistDow, 3203.40, DistUp, 289.12
, DistFront, 121.97, DistDow, 125.05, DistUp, 291.11
, DistFront, 121.24, DistDow, 3245.39, DistUp, 285.27
, DistFront, 122.77, DistDow, 3220.24, DistUp, 288.76
, DistFront, 120.39, DistDow, 3209.17, DistUp, 285.68
, DistFront, 120.46, DistDow, 251.68, DistUp, 285.27
, DistFront, 120.56, DistDow, 251.17, DistUp, 284.85
, DistFront, 121.80, DistDow, 3229.85, DistUp, 286.97
, DistFront, 120.68, DistDow, 3220.39, DistUp, 285.85
, DistFront, 122.62, DistDow, 3230.26, DistUp, 286.34
, DistFrontMean, 120.97, DistDowMean, 415.34, DistUpMean, 287.31
, DistFront, 124.30, DistDow, 3242.77, DistUp, 285.97
, DistFront, 122.77, DistDow, 124.17, DistUp, 284.12
, DistFront, 124.13, DistDow, 124.23, DistUp, 288.25
, DistFront, 124.18, DistDow, 124.34, DistUp, 292.41
, DistFront, 124.13, DistDow, 126.11, DistUp, 291.60
, DistFront, 125.99, DistDow, 123.49, DistUp, 291.68
, DistFront, 123.04, DistDow, 123.11, DistUp, 295.37
, DistFront, 124.85, DistDow, 124.90, DistUp, 442.02
, DistFront, 123.54, DistDow, 124.32, DistUp, 287.47
, DistFront, 123.11, DistDow, 124.74, DistUp, 287.47
, DistFront, 123.96, DistDow, 125.31, DistUp, 288.40
, DistFront, 123.84, DistDow, 125.60, DistUp, 286.21
, DistFront, 122.33, DistDow, 125.49, DistUp, 285.63
, DistFront, 123.54, DistDow, 124.54, DistUp, 288.55
, DistFront, 122.33, DistDow, 127.69, DistUp, 286.90
, DistFront, 122.98, DistDow, 3241.62, DistUp, 286.21
, DistFront, 122.87, DistDow, 125.97, DistUp, 287.53
, DistFront, 123.91, DistDow, 124.69, DistUp, 285.53
, DistFront, 124.54, DistDow, 125.39, DistUp, 285.56
, DistFront, 123.83, DistDow, 124.74, DistUp, 285.70
, DistFrontMean, 124.91, DistDowMean, 125.19, DistUpMean, 285.78
, DistFront, 124.59, DistDow, 125.02, DistUp, 285.39
, DistFront, 125.60, DistDow, 124.40, DistUp, 285.49
, DistFront, 124.83, DistDow, 124.95, DistUp, 295.12
, DistFront, 126.14, DistDow, 125.48, DistUp, 286.62
, DistFront, 124.34, DistDow, 126.33, DistUp, 411.39
, DistFront, 123.28, DistDow, 126.46, DistUp, 290.56
, DistFront, 122.35, DistDow, 126.84, DistUp, 289.63
, DistFront, 121.96, DistDow, 125.19, DistUp, 287.84
, DistFront, 122.33, DistDow, 123.62, DistUp, 292.02
, DistFront, 122.38, DistDow, 124.25, DistUp, 290.73
, DistFront, 121.92, DistDow, 124.54, DistUp, 288.52
, DistFront, 122.35, DistDow, 124.05, DistUp, 377.47
, DistFront, 122.33, DistDow, 123.69, DistUp, 293.88
, DistFront, 122.21, DistDow, 124.05, DistUp, 289.63
, DistFront, 122.09, DistDow, 122.57, DistUp, 291.85
, DistFront, 125.41, DistDow, 123.62, DistUp, 292.02
, DistFront, 125.95, DistDow, 122.13, DistUp, 292.99
, DistFront, 122.89, DistDow, 129.20, DistUp, 295.85
, DistFront, 121.46, DistDow, 3239.78, DistUp, 444.03
, DistFront, 121.84, DistDow, 123.49, DistUp, 443.76
, DistFrontMean, 121.68, DistDowMean, 122.06, DistUpMean, 248.16
, DistFront, 122.35, DistDow, 122.74, DistUp, 248.49
, DistFront, 122.13, DistDow, 123.03, DistUp, 442.87
, DistFront, 122.26, DistDow, 124.35, DistUp, 299.30
, DistFront, 123.69, DistDow, 123.69, DistUp, 442.99
, DistFront, 122.57, DistDow, 122.98, DistUp, 441.80
, DistFront, 123.20, DistDow, 3204.17, DistUp, 441.68
, DistFront, 121.62, DistDow, 3202.55, DistUp, 443.32
, DistFront, 241.92, DistDow, 125.31, DistUp, 441.02
, DistFront, 123.13, DistDow, 129.23, DistUp, 440.63
, DistFront, 122.28, DistDow, 121.56, DistUp, 443.23
, DistFront, 125.82, DistDow, 185.14, DistUp, 441.96
, DistFront, 242.70, DistDow, 243.83, DistUp, 194.10
, DistFront, 125.85, DistDow, 184.90, DistUp, 3367.87
, DistFront, 241.19, DistDow, 325.73, DistUp, 444.46
, DistFront, 241.97, DistDow, 321.99, DistUp, 444.39
, DistFront, 242.70, DistDow, 244.47, DistUp, 444.59
, DistFront, 126.11, DistDow, 177.31, DistUp, 443.83
, DistFront, 125.10, DistDow, 190.27, DistUp, 127.47
, DistFront, 126.04, DistDow, 127.53, DistUp, 448.10
, DistFront, 127.19, DistDow, 188.13, DistUp, 443.98
, DistFrontMean, 127.38, DistDowMean, 185.20, DistUpMean, 442.81
, DistFront, 128.06, DistDow, 186.60, DistUp, 444.81
, DistFront, 125.49, DistDow, 189.32, DistUp, 444.34
, DistFront, 125.10, DistDow, 130.68, DistUp, 445.26
, DistFront, 122.99, DistDow, 129.25, DistUp, 445.05
, DistFront, 122.45, DistDow, 127.09, DistUp, 443.62
, DistFront, 122.38, DistDow, 125.32, DistUp, 286.26
, DistFront, 122.74, DistDow, 123.06, DistUp, 286.55
, DistFront, 123.11, DistDow, 121.67, DistUp, 290.68
, DistFront, 120.60, DistDow, 121.41, DistUp, 284.40
, DistFront, 120.07, DistDow, 120.54, DistUp, 283.55
, DistFront, 119.97, DistDow, 120.61, DistUp, 287.21
, DistFront, 120.43, DistDow, 121.82, DistUp, 293.76
, DistFront, 120.43, DistDow, 120.48, DistUp, 297.55
, DistFront, 120.43, DistDow, 120.53, DistUp, 284.03
, DistFront, 119.98, DistDow, 120.92, DistUp, 292.18
, DistFront, 120.39, DistDow, 120.46, DistUp, 289.42
, DistFront, 119.13, DistDow, 121.38, DistUp, 286.41
, DistFront, 120.92, DistDow, 121.90, DistUp, 286.17
, DistFront, 121.89, DistDow, 120.75, DistUp, 295.12
, DistFront, 121.24, DistDow, 122.21, DistUp, 294.12
, DistFrontMean, 123.13, DistDowMean, 121.67, DistUpMean, 291.38
, DistFront, 121.02, DistDow, 122.47, DistUp, 290.17
, DistFront, 121.63, DistDow, 122.21, DistUp, 288.35
, DistFront, 124.17, DistDow, 122.02, DistUp, 290.73
, DistFront, 124.88, DistDow, 122.28, DistUp, 289.49
, DistFront, 125.07, DistDow, 122.04, DistUp, 296.68
, DistFront, 125.27, DistDow, 123.10, DistUp, 297.19
, DistFront, 124.69, DistDow, 123.28, DistUp, 290.77
, DistFront, 123.28, DistDow, 123.49, DistUp, 287.99
, DistFront, 124.30, DistDow, 123.61, DistUp, 288.91
, DistFront, 123.25, DistDow, 125.07, DistUp, 286.53
, DistFront, 122.52, DistDow, 123.49, DistUp, 294.54
, DistFront, 122.52, DistDow, 123.11, DistUp, 285.17
, DistFront, 122.96, DistDow, 124.91, DistUp, 288.88
, DistFront, 123.10, DistDow, 123.47, DistUp, 289.23
, DistFront, 122.24, DistDow, 124.46, DistUp, 289.71
, DistFront, 122.69, DistDow, 123.20, DistUp, 443.52
, DistFront, 124.56, DistDow, 123.91, DistUp, 285.05
, DistFront, 124.12, DistDow, 122.93, DistUp, 293.23
, DistFront, 122.38, DistDow, 123.25, DistUp, 283.32
, DistFront, 123.98, DistDow, 124.91, DistUp, 287.70
, DistFrontMean, 123.71, DistDowMean, 124.32, DistUpMean, 442.19
, DistFront, 122.70, DistDow, 124.13, DistUp, 288.95
, DistFront, 123.13, DistDow, 124.17, DistUp, 443.81
, DistFront, 122.70, DistDow, 125.82, DistUp, 444.47
, DistFront, 123.91, DistDow, 123.28, DistUp, 293.59
, DistFront, 123.95, DistDow, 124.63, DistUp, 289.59
, DistFront, 123.81, DistDow, 123.38, DistUp, 443.89
, DistFront, 124.52, DistDow, 128.25, DistUp, 242.82
, DistFront, 123.20, DistDow, 126.68, DistUp, 294.66
, DistFront, 122.99, DistDow, 126.92, DistUp, 294.97
, DistFront, 124.10, DistDow, 126.75, DistUp, 447.09
, DistFront, 124.85, DistDow, 127.26, DistUp, 228.74
, DistFront, 124.56, DistDow, 128.35, DistUp, 230.17
, DistFront, 124.90, DistDow, 129.56, DistUp, 232.91
, DistFront, 126.26, DistDow, 128.76, DistUp, 232.11
, DistFront, 125.26, DistDow, 129.52, DistUp, 231.28
, DistFront, 128.32, DistDow, 128.74, DistUp, 231.67
, DistFront, 124.63, DistDow, 129.98, DistUp, 294.59
, DistFront, 124.49, DistDow, 128.04, DistUp, 291.48
, DistFront, 129.20, DistDow, 127.41, DistUp, 234.25
, DistFront, 125.19, DistDow, 127.76, DistUp, 293.16
, DistFrontMean, 126.17, DistDowMean, 126.60, DistUpMean, 445.05
, DistFront, 127.60, DistDow, 126.80, DistUp, 445.02
, DistFront, 126.33, DistDow, 127.64, DistUp, 294.06
, DistFront, 125.10, DistDow, 128.11, DistUp, 293.71
, DistFront, 124.98, DistDow, 127.09, DistUp, 294.13
, DistFront, 127.87, DistDow, 127.57, DistUp, 293.78
, DistFront, 124.49, DistDow, 128.45, DistUp, 445.82
, DistFront, 128.16, DistDow, 126.09, DistUp, 299.83
, DistFront, 128.04, DistDow, 130.43, DistUp, 287.18
, DistFront, 126.19, DistDow, 127.81, DistUp, 379.85
, DistFront, 127.35, DistDow, 127.09, DistUp, 446.31
, DistFront, 126.84, DistDow, 126.24, DistUp, 293.54
, DistFront, 127.09, DistDow, 125.77, DistUp, 290.97
, DistFront, 127.13, DistDow, 126.12, DistUp, 288.69
, DistFront, 126.63, DistDow, 126.96, DistUp, 293.67
, DistFront, 126.97, DistDow, 126.38, DistUp, 294.05
, DistFront, 124.71, DistDow, 125.53, DistUp, 291.11
, DistFront, 127.74, DistDow, 124.95, DistUp, 290.24
, DistFront, 126.84, DistDow, 126.17, DistUp, 445.75
, DistFront, 123.13, DistDow, 124.76, DistUp, 445.61
, DistFront, 123.98, DistDow, 125.85, DistUp, 296.11
, DistFrontMean, 124.27, DistDowMean, 125.10, DistUpMean, 291.09
, DistFront, 124.06, DistDow, 126.09, DistUp, 327.74
, DistFront, 122.98, DistDow, 124.17, DistUp, 446.80
, DistFront, 123.23, DistDow, 3231.17, DistUp, 446.85
, DistFront, 124.06, DistDow, 326.84, DistUp, 444.59
, DistFront, 127.24, DistDow, 122.91, DistUp, 444.40
, DistFront, 121.77, DistDow, 123.40, DistUp, 299.56
, DistFront, 121.77, DistDow, 124.20, DistUp, 443.88
, DistFront, 121.68, DistDow, 123.62, DistUp, 444.71
, DistFront, 121.17, DistDow, 124.05, DistUp, 443.78
, DistFront, 124.78, DistDow, 124.40, DistUp, 444.00
, DistFront, 121.92, DistDow, 125.32, DistUp, 444.12
, DistFront, 122.35, DistDow, 124.32, DistUp, 443.18
, DistFront, 121.09, DistDow, 123.55, DistUp, 443.59
, DistFront, 122.41, DistDow, 124.03, DistUp, 444.10
, DistFront, 122.09, DistDow, 126.17, DistUp, 445.46
, DistFront, 121.80, DistDow, 125.12, DistUp, 444.00
, DistFront, 122.35, DistDow, 125.73, DistUp, 444.40
, DistFront, 122.89, DistDow, 124.40, DistUp, 444.49
, DistFront, 123.81, DistDow, 124.56, DistUp, 445.82
, DistFront, 122.98, DistDow, 124.68, DistUp, 379.42
, DistFrontMean, 122.06, DistDowMean, 123.67, DistUpMean, 443.13
, DistFront, 123.69, DistDow, 124.91, DistUp, 446.14
, DistFront, 122.19, DistDow, 124.61, DistUp, 294.83
, DistFront, 124.85, DistDow, 125.14, DistUp, 229.83
, DistFront, 122.57, DistDow, 124.85, DistUp, 445.83
, DistFront, 123.78, DistDow, 125.37, DistUp, 446.38
, DistFront, 122.76, DistDow, 127.53, DistUp, 446.33
, DistFront, 122.69, DistDow, 125.99, DistUp, 446.05
, DistFront, 123.13, DistDow, 126.04, DistUp, 445.60
, DistFront, 124.47, DistDow, 125.49, DistUp, 446.50
, DistFront, 123.13, DistDow, 3201.92, DistUp, 445.70
, DistFront, 123.10, DistDow, 127.09, DistUp, 231.80
, DistFront, 122.35, DistDow, 3239.52, DistUp, 445.31
, DistFront, 123.27, DistDow, 128.20, DistUp, 444.54
, DistFront, 122.76, DistDow, 126.89, DistUp, 293.91
, DistFront, 123.06, DistDow, 127.70, DistUp, 293.04
, DistFront, 122.60, DistDow, 124.18, DistUp, 444.18
, DistFront, 122.93, DistDow, 125.46, DistUp, 444.52
, DistFront, 124.52, DistDow, 123.61, DistUp, 443.67
, DistFront, 121.70, DistDow, 123.62, DistUp, 444.97
, DistFront, 122.41, DistDow, 123.64, DistUp, 446.63
, DistFrontMean, 121.41, DistDowMean, 122.96, DistUpMean, 443.62
, DistFront, 121.63, DistDow, 125.82, DistUp, 443.54
, DistFront, 122.41, DistDow, 123.96, DistUp, 446.45
, DistFront, 121.46, DistDow, 123.38, DistUp, 442.96
, DistFront, 121.75, DistDow, 124.61, DistUp, 443.28
, DistFront, 122.53, DistDow, 123.52, DistUp, 294.66
, DistFront, 121.11, DistDow, 123.10, DistUp, 443.23
, DistFront, 122.33, DistDow, 123.38, DistUp, 294.47
, DistFront, 121.34, DistDow, 122.82, DistUp, 292.67
, DistFront, 121.24, DistDow, 123.18, DistUp, 443.42
, DistFront, 122.40, DistDow, 123.54, DistUp, 444.63
, DistFront, 120.77, DistDow, 123.47, DistUp, 445.73
, DistFront, 120.99, DistDow, 122.98, DistUp, 443.69
, DistFront, 120.99, DistDow, 123.45, DistUp, 292.11
, DistFront, 120.60, DistDow, 123.91, DistUp, 443.81
, DistFront, 121.09, DistDow, 124.39, DistUp, 292.31
, DistFront, 121.14, DistDow, 123.47, DistUp, 443.40
, DistFront, 122.16, DistDow, 129.25, DistUp, 445.63
, DistFront, 122.24, DistDow, 123.83, DistUp, 291.28
, DistFront, 122.35, DistDow, 123.47, DistUp, 444.63
, DistFront, 121.62, DistDow, 126.21, DistUp, 445.17
, DistFrontMean, 121.02, DistDowMean, 123.91, DistUpMean, 283.83
, DistFront, 124.20, DistDow, 123.32, DistUp, 287.48
, DistFront, 126.17, DistDow, 123.84, DistUp, 444.06
, DistFront, 121.89, DistDow, 125.26, DistUp, 446.38
, DistFront, 125.10, DistDow, 124.03, DistUp, 290.97
, DistFront, 126.48, DistDow, 126.73, DistUp, 291.46
, DistFront, 124.78, DistDow, 124.23, DistUp, 286.99
, DistFront, 125.83, DistDow, 124.30, DistUp, 286.09
, DistFront, 123.04, DistDow, 125.20, DistUp, 296.90
, DistFront, 123.06, DistDow, 124.34, DistUp, 295.20
, DistFront, 122.99, DistDow, 124.76, DistUp, 444.78
, DistFront, 123.38, DistDow, 125.63, DistUp, 381.89
, DistFront, 122.55, DistDow, 124.13, DistUp, 445.95
, DistFront, 124.42, DistDow, 125.53, DistUp, 285.56
, DistFront, 122.38, DistDow, 124.56, DistUp, 292.02
, DistFront, 123.18, DistDow, 125.70, DistUp, 288.27
, DistFront, 122.64, DistDow, 123.96, DistUp, 288.67
, DistFront, 122.98, DistDow, 125.19, DistUp, 443.96
, DistFront, 122.13, DistDow, 124.25, DistUp, 443.49
, DistFront, 121.68, DistDow, 124.25, DistUp, 444.34
, DistFront, 121.73, DistDow, 122.91, DistUp, 294.76
, DistFrontMean, 125.95, DistDowMean, 123.89, DistUpMean, 233.64
, DistFront, 123.54, DistDow, 123.83, DistUp, 289.81
, DistFront, 122.04, DistDow, 123.88, DistUp, 232.74
, DistFront, 121.50, DistDow, 124.78, DistUp, 292.93
, DistFront, 122.02, DistDow, 125.20, DistUp, 230.37
, DistFront, 122.48, DistDow, 125.77, DistUp, 444.68
, DistFront, 122.93, DistDow, 123.95, DistUp, 443.83
, DistFront, 121.77, DistDow, 123.61, DistUp, 297.45
, DistFront, 122.48, DistDow, 126.92, DistUp, 293.69
, DistFront, 122.18, DistDow, 126.56, DistUp, 292.48
, DistFront, 121.99, DistDow, 126.09, DistUp, 231.12
, DistFront, 122.38, DistDow, 125.20, DistUp, 444.10
, DistFront, 121.92, DistDow, 127.81, DistUp, 298.45
, DistFront, 122.35, DistDow, 124.32, DistUp, 298.59
, DistFront, 121.96, DistDow, 128.10, DistUp, 444.42
, DistFront, 122.38, DistDow, 126.92, DistUp, 292.45
, DistFront, 125.82, DistDow, 124.69, DistUp, 292.45
, DistFront, 121.89, DistDow, 124.76, DistUp, 443.42
, DistFront, 122.69, DistDow, 124.25, DistUp, 447.99
, DistFront, 122.13, DistDow, 125.46, DistUp, 294.35
, DistFront, 122.53, DistDow, 122.62, DistUp, 296.80
, DistFrontMean, 120.99, DistDowMean, 122.48, DistUpMean, 232.69
, DistFront, 122.52, DistDow, 124.03, DistUp, 442.41
, DistFront, 124.17, DistDow, 123.18, DistUp, 232.35
, DistFront, 122.47, DistDow, 124.20, DistUp, 442.06
, DistFront, 122.28, DistDow, 123.42, DistUp, 444.39
, DistFront, 121.63, DistDow, 125.49, DistUp, 299.23
, DistFront, 121.84, DistDow, 124.78, DistUp, 298.49
, DistFront, 121.84, DistDow, 124.95, DistUp, 443.25
, DistFront, 122.11, DistDow, 126.38, DistUp, 442.91
, DistFront, 122.16, DistDow, 125.56, DistUp, 443.95
, DistFront, 122.64, DistDow, 127.33, DistUp, 445.68
, DistFront, 122.69, DistDow, 126.38, DistUp, 443.62
, DistFront, 122.69, DistDow, 123.40, DistUp, 444.10
, DistFront, 122.64, DistDow, 124.69, DistUp, 445.83
, DistFront, 122.19, DistDow, 123.74, DistUp, 444.10
, DistFront, 123.38, DistDow, 124.95, DistUp, 443.13
, DistFront, 123.33, DistDow, 124.49, DistUp, 442.99
, DistFront, 122.96, DistDow, 126.62, DistUp, 443.45
, DistFront, 122.55, DistDow, 124.47, DistUp, 444.25
, DistFront, 122.52, DistDow, 124.46, DistUp, 445.05
, DistFront, 123.32, DistDow, 123.62, DistUp, 443.27
, DistFrontMean, 123.47, DistDowMean, 124.66, DistUpMean, 441.85
, DistFront, 122.76, DistDow, 123.95, DistUp, 443.18
, DistFront, 123.45, DistDow, 122.87, DistUp, 300.27
, DistFront, 122.26, DistDow, 123.84, DistUp, 300.41
, DistFront, 121.82, DistDow, 122.26, DistUp, 298.18
, DistFront, 122.57, DistDow, 123.33, DistUp, 445.17
, DistFront, 123.27, DistDow, 122.74, DistUp, 233.04
, DistFront, 122.18, DistDow, 122.91, DistUp, 443.54
, DistFront, 122.53, DistDow, 123.20, DistUp, 296.60
, DistFront, 123.59, DistDow, 121.21, DistUp, 442.33
, DistFront, 121.85, DistDow, 122.31, DistUp, 442.64
, DistFront, 120.61, DistDow, 121.14, DistUp, 442.26
, DistFront, 119.47, DistDow, 123.13, DistUp, 231.60
, DistFront, 120.19, DistDow, 121.68, DistUp, 441.73
, DistFront, 119.34, DistDow, 121.21, DistUp, 441.33
, DistFront, 121.24, DistDow, 122.67, DistUp, 231.46
, DistFront, 118.83, DistDow, 120.70, DistUp, 441.63
, DistFront, 120.37, DistDow, 121.39, DistUp, 441.89
, DistFront, 119.69, DistDow, 123.47, DistUp, 442.13
, DistFront, 121.02, DistDow, 123.38, DistUp, 293.69
, DistFront, 122.19, DistDow, 122.81, DistUp, 445.73
, DistFrontMean, 121.31, DistDowMean, 123.23, DistUpMean, 293.32
, DistFront, 121.31, DistDow, 122.77, DistUp, 443.35
, DistFront, 122.09, DistDow, 124.46, DistUp, 444.06
, DistFront, 121.92, DistDow, 124.74, DistUp, 446.41
, DistFront, 122.19, DistDow, 123.62, DistUp, 443.67
, DistFront, 123.28, DistDow, 123.83, DistUp, 445.17
, DistFront, 123.32, DistDow, 124.91, DistUp, 444.39
, DistFront, 125.68, DistDow, 123.62, DistUp, 444.52
, DistFront, 122.89, DistDow, 125.66, DistUp, 447.60
, DistFront, 123.04, DistDow, 124.95, DistUp, 444.78
, DistFront, 123.64, DistDow, 125.05, DistUp, 444.49
, DistFront, 124.63, DistDow, 125.14, DistUp, 445.90
, DistFront, 124.34, DistDow, 124.95, DistUp, 445.27
, DistFront, 125.37, DistDow, 124.98, DistUp, 294.69
, DistFront, 123.78, DistDow, 125.66, DistUp, 294.32
, DistFront, 124.74, DistDow, 125.31, DistUp, 296.41
, DistFront, 124.25, DistDow, 126.26, DistUp, 447.18
, DistFront, 124.42, DistDow, 127.21, DistUp, 445.54
, DistFront, 124.10, DistDow, 125.53, DistUp, 244.42
, DistFront, 124.52, DistDow, 125.56, DistUp, 446.97
, DistFront, 124.06, DistDow, 125.05, DistUp, 446.09
, DistFrontMean, 124.23, DistDowMean, 126.04, DistUpMean, 443.96
, DistFront, 124.27, DistDow, 126.73, DistUp, 445.43
, DistFront, 125.10, DistDow, 126.97, DistUp, 444.98
, DistFront, 123.16, DistDow, 125.34, DistUp, 294.91
, DistFront, 124.13, DistDow, 125.70, DistUp, 293.55
, DistFront, 124.03, DistDow, 125.90, DistUp, 298.45
, DistFront, 124.18, DistDow, 124.85, DistUp, 293.35
, DistFront, 122.77, DistDow, 124.23, DistUp, 444.52
, DistFront, 123.49, DistDow, 125.41, DistUp, 445.34
, DistFront, 122.93, DistDow, 125.26, DistUp, 443.88
, DistFront, 123.25, DistDow, 125.56, DistUp, 294.06
, DistFront, 123.54, DistDow, 125.43, DistUp, 296.19
, DistFront, 123.84, DistDow, 124.85, DistUp, 293.61
, DistFront, 123.69, DistDow, 123.83, DistUp, 443.78
, DistFront, 123.54, DistDow, 124.61, DistUp, 445.75
, DistFront, 124.18, DistDow, 124.88, DistUp, 443.45
, DistFront, 121.55, DistDow, 123.38, DistUp, 443.84
, DistFront, 123.04, DistDow, 124.66, DistUp, 443.74
, DistFront, 121.41, DistDow, 123.18, DistUp, 295.92
, DistFront, 121.85, DistDow, 122.41, DistUp, 296.24
, DistFront, 121.92, DistDow, 123.81, DistUp, 443.32
, DistFrontMean, 120.85, DistDowMean, 123.18, DistUpMean, 233.55
, DistFront, 121.62, DistDow, 123.03, DistUp, 231.84
, DistFront, 121.67, DistDow, 123.45, DistUp, 232.21
, DistFront, 120.90, DistDow, 123.61, DistUp, 230.77
, DistFront, 121.05, DistDow, 123.62, DistUp, 230.02
, DistFront, 121.85, DistDow, 125.46, DistUp, 293.32
, DistFront, 121.55, DistDow, 125.92, DistUp, 295.77
, DistFront, 121.55, DistDow, 124.59, DistUp, 231.05
, DistFront, 121.56, DistDow, 125.03, DistUp, 231.97
, DistFront, 123.55, DistDow, 125.05, DistUp, 231.50
, DistFront, 121.89, DistDow, 123.78, DistUp, 231.39
, DistFront, 122.89, DistDow, 128.89, DistUp, 230.95
, DistFront, 122.28, DistDow, 123.83, DistUp, 233.11
, DistFront, 122.18, DistDow, 129.49, DistUp, 229.74
, DistFront, 121.34, DistDow, 124.78, DistUp, 231.41
, DistFront, 122.26, DistDow, 124.85, DistUp, 232.60
, DistFront, 122.16, DistDow, 125.34, DistUp, 231.04
, DistFront, 122.19, DistDow, 124.54, DistUp, 299.78
, DistFront, 122.69, DistDow, 125.90, DistUp, 243.10
, DistFront, 123.27, DistDow, 124.47, DistUp, 232.98
, DistFront, 121.90, DistDow, 124.17, DistUp, 292.55
, DistFrontMean, 122.04, DistDowMean, 123.91, DistUpMean, 291.70
, DistFront, 122.99, DistDow, 126.31, DistUp, 295.41
, DistFront, 121.50, DistDow, 124.13, DistUp, 230.82
, DistFront, 122.77, DistDow, 123.64, DistUp, 229.85
, DistFront, 121.41, DistDow, 124.03, DistUp, 229.91
, DistFront, 122.24, DistDow, 123.84, DistUp, 232.35
, DistFront, 121.28, DistDow, 123.89, DistUp, 230.26
, DistFront, 121.67, DistDow, 123.38, DistUp, 230.66
, DistFront, 122.02, DistDow, 123.74, DistUp, 231.77
, DistFront, 122.19, DistDow, 124.85, DistUp, 230.49
, DistFront, 121.82, DistDow, 125.31, DistUp, 233.55
, DistFront, 121.34, DistDow, 128.13, DistUp, 229.25
, DistFront, 121.28, DistDow, 123.40, DistUp, 292.55
, DistFront, 120.68, DistDow, 124.66, DistUp, 232.53
, DistFront, 121.12, DistDow, 123.20, DistUp, 228.83
, DistFront, 120.56, DistDow, 122.99, DistUp, 185.02
, DistFront, 120.82, DistDow, 123.49, DistUp, 230.26
, DistFront, 121.12, DistDow, 125.54, DistUp, 228.64
, DistFront, 120.27, DistDow, 124.12, DistUp, 230.77
, DistFront, 120.34, DistDow, 122.77, DistUp, 229.85
, DistFront, 119.97, DistDow, 124.81, DistUp, 229.40
, DistFrontMean, 119.61, DistDowMean, 122.28, DistUpMean, 228.96
, DistFront, 120.19, DistDow, 123.81, DistUp, 229.66
, DistFront, 119.88, DistDow, 3224.69, DistUp, 292.35
, DistFront, 121.05, DistDow, 123.49, DistUp, 442.74
, DistFront, 120.61, DistDow, 123.84, DistUp, 293.23
, DistFront, 120.10, DistDow, 122.48, DistUp, 231.82
, DistFront, 120.20, DistDow, 122.82, DistUp, 230.20
, DistFront, 121.68, DistDow, 122.76, DistUp, 292.74
, DistFront, 120.34, DistDow, 125.19, DistUp, 293.11
, DistFront, 119.97, DistDow, 122.11, DistUp, 292.18
, DistFront, 119.69, DistDow, 122.77, DistUp, 229.97
, DistFront, 118.83, DistDow, 123.67, DistUp, 230.31
, DistFront, 119.66, DistDow, 120.99, DistUp, 297.31
, DistFront, 118.71, DistDow, 121.84, DistUp, 443.03
, DistFront, 119.54, DistDow, 121.85, DistUp, 233.13
, DistFront, 119.63, DistDow, 121.50, DistUp, 230.12
, DistFront, 120.19, DistDow, 3252.52, DistUp, 230.46
, DistFront, 119.91, DistDow, 122.40, DistUp, 229.68
, DistFront, 120.20, DistDow, 122.48, DistUp, 229.61
, DistFront, 119.81, DistDow, 122.11, DistUp, 229.12
, DistFront, 120.26, DistDow, 123.03, DistUp, 228.20
, DistFrontMean, 122.09, DistDowMean, 122.33, DistUpMean, 226.48
, DistFront, 120.26, DistDow, 121.70, DistUp, 227.70
, DistFront, 121.28, DistDow, 122.11, DistUp, 230.20
, DistFront, 120.75, DistDow, 124.39, DistUp, 228.54
, DistFront, 120.12, DistDow, 123.28, DistUp, 228.91
, DistFront, 121.34, DistDow, 123.28, DistUp, 229.76
, DistFront, 122.06, DistDow, 123.59, DistUp, 228.96
, DistFront, 121.28, DistDow, 124.18, DistUp, 229.85
, DistFront, 121.70, DistDow, 124.30, DistUp, 285.54
, DistFront, 122.24, DistDow, 125.70, DistUp, 289.32
, DistFront, 121.09, DistDow, 124.47, DistUp, 290.05
, DistFront, 120.88, DistDow, 125.43, DistUp, 292.18
, DistFront, 121.26, DistDow, 124.20, DistUp, 233.84
, DistFront, 121.77, DistDow, 124.30, DistUp, 232.53
, DistFront, 125.26, DistDow, 125.73, DistUp, 230.46
, DistFront, 122.06, DistDow, 124.47, DistUp, 229.76
, DistFront, 123.49, DistDow, 124.59, DistUp, 446.09
, DistFront, 123.04, DistDow, 124.23, DistUp, 300.02
, DistFront, 121.89, DistDow, 124.20, DistUp, 293.33
, DistFront, 122.84, DistDow, 125.68, DistUp, 292.98
, DistFront, 124.63, DistDow, 125.78, DistUp, 230.70
, DistFrontMean, 123.23, DistDowMean, 123.91, DistUpMean, 229.17
, DistFront, 122.69, DistDow, 124.69, DistUp, 292.33
, DistFront, 125.41, DistDow, 124.76, DistUp, 292.84
, DistFront, 124.05, DistDow, 125.20, DistUp, 292.48
, DistFront, 132.16, DistDow, 125.61, DistUp, 444.52
, DistFront, 123.28, DistDow, 125.56, DistUp, 232.82
, DistFront, 123.95, DistDow, 127.53, DistUp, 291.02
, DistFront, 122.60, DistDow, 126.73, DistUp, 230.12
, DistFront, 122.70, DistDow, 124.54, DistUp, 293.74
, DistFront, 124.18, DistDow, 124.49, DistUp, 447.24
, DistFront, 122.76, DistDow, 125.77, DistUp, 231.12
, DistFront, 123.52, DistDow, 123.69, DistUp, 444.32
, DistFront, 124.39, DistDow, 124.20, DistUp, 242.52
, DistFront, 122.76, DistDow, 124.13, DistUp, 446.11
, DistFront, 123.25, DistDow, 125.17, DistUp, 181.33
, DistFront, 123.27, DistDow, 123.33, DistUp, 181.28
, DistFront, 121.48, DistDow, 123.88, DistUp, 182.19
, DistFront, 123.78, DistDow, 125.26, DistUp, 294.66
, DistFront, 123.83, DistDow, 124.40, DistUp, 293.54
, DistFront, 122.09, DistDow, 123.83, DistUp, 294.42
, DistFront, 123.33, DistDow, 125.10, DistUp, 292.74
, DistFrontMean, 123.88, DistDowMean, 122.60, DistUpMean, 443.20
, DistFront, 122.35, DistDow, 125.12, DistUp, 246.04
, DistFront, 122.04, DistDow, 124.10, DistUp, 298.11
, DistFront, 122.99, DistDow, 123.54, DistUp, 444.98
, DistFront, 121.90, DistDow, 123.42, DistUp, 444.06
, DistFront, 122.13, DistDow, 123.23, DistUp, 296.09
, DistFront, 122.93, DistDow, 123.54, DistUp, 444.23
, DistFront, 120.99, DistDow, 124.25, DistUp, 292.82
, DistFront, 122.18, DistDow, 124.61, DistUp, 292.26
, DistFront, 122.53, DistDow, 122.67, DistUp, 292.99
, DistFront, 123.59, DistDow, 123.95, DistUp, 292.06
, DistFront, 123.20, DistDow, 123.03, DistUp, 295.73
, DistFront, 121.85, DistDow, 123.28, DistUp, 298.18
, DistFront, 120.54, DistDow, 122.47, DistUp, 444.95
, DistFront, 121.82, DistDow, 124.25, DistUp, 232.02
, DistFront, 120.73, DistDow, 123.35, DistUp, 229.91
, DistFront, 120.77, DistDow, 123.28, DistUp, 230.73
, DistFront, 120.34, DistDow, 123.42, DistUp, 294.27
, DistFront, 121.14, DistDow, 122.62, DistUp, 230.27
, DistFront, 120.68, DistDow, 123.98, DistUp, 233.55
, DistFront, 120.92, DistDow, 123.04, DistUp, 231.11
, DistFrontMean, 122.21, DistDowMean, 123.81, DistUpMean, 297.13
, DistFront, 121.68, DistDow, 122.74, DistUp, 443.54
, DistFront, 121.68, DistDow, 123.64, DistUp, 297.62
, DistFront, 120.61, DistDow, 3216.19, DistUp, 295.07
, DistFront, 120.46, DistDow, 123.18, DistUp, 292.60
, DistFront, 121.92, DistDow, 124.00, DistUp, 291.31
, DistFront, 122.16, DistDow, 123.98, DistUp, 233.11
, DistFront, 120.99, DistDow, 124.35, DistUp, 230.99
, DistFront, 122.19, DistDow, 123.84, DistUp, 229.35
, DistFront, 120.66, DistDow, 123.71, DistUp, 446.09
, DistFront, 121.19, DistDow, 123.13, DistUp, 231.85
, DistFront, 121.21, DistDow, 122.45, DistUp, 443.78
, DistFront, 121.34, DistDow, 123.27, DistUp, 444.06
, DistFront, 120.46, DistDow, 123.11, DistUp, 443.25
, DistFront, 121.11, DistDow, 122.57, DistUp, 235.90
, DistFront, 120.20, DistDow, 122.98, DistUp, 234.76
, DistFront, 120.17, DistDow, 121.99, DistUp, 231.89
, DistFront, 120.95, DistDow, 122.89, DistUp, 444.20
, DistFront, 120.88, DistDow, 121.92, DistUp, 442.91
, DistFront, 121.34, DistDow, 123.27, DistUp, 293.96
, DistFront, 120.48, DistDow, 121.96, DistUp, 230.88
, DistFrontMean, 120.70, DistDowMean, 123.04, DistUpMean, 442.11
, DistFront, 120.05, DistDow, 121.97, DistUp, 297.84
, DistFront, 120.12, DistDow, 123.62, DistUp, 441.97
, DistFront, 122.64, DistDow, 121.97, DistUp, 443.35
, DistFront, 119.63, DistDow, 123.74, DistUp, 441.53
, DistFront, 119.59, DistDow, 121.97, DistUp, 442.87
, DistFront, 120.19, DistDow, 121.96, DistUp, 234.32
, DistFront, 120.48, DistDow, 121.50, DistUp, 442.02
, DistFront, 119.63, DistDow, 122.41, DistUp, 443.64
, DistFront, 121.09, DistDow, 122.06, DistUp, 444.59
, DistFront, 120.70, DistDow, 121.70, DistUp, 230.19
, DistFront, 120.75, DistDow, 122.67, DistUp, 295.90
, DistFront, 119.97, DistDow, 121.85, DistUp, 443.69
, DistFront, 120.97, DistDow, 122.41, DistUp, 442.82
, DistFront, 121.04, DistDow, 122.06, DistUp, 294.68
, DistFront, 122.04, DistDow, 123.49, DistUp, 293.83
, DistFront, 121.80, DistDow, 122.26, DistUp, 293.83
, DistFront, 122.18, DistDow, 123.25, DistUp, 443.54
, DistFront, 120.60, DistDow, 122.48, DistUp, 442.93
, DistFront, 121.19, DistDow, 123.54, DistUp, 446.38
, DistFront, 121.02, DistDow, 124.90, DistUp, 231.38
, DistFrontMean, 121.53, DistDowMean, 122.60, DistUpMean, 229.30
, DistFront, 122.70, DistDow, 124.13, DistUp, 292.28
, DistFront, 121.14, DistDow, 122.91, DistUp, 293.18
, DistFront, 126.11, DistDow, 123.59, DistUp, 241.09
, DistFront, 121.39, DistDow, 122.82, DistUp, 235.77
, DistFront, 121.80, DistDow, 123.74, DistUp, 444.83
, DistFront, 122.02, DistDow, 123.78, DistUp, 292.06
, DistFront, 122.31, DistDow, 124.25, DistUp, 291.55
, DistFront, 121.62, DistDow, 124.69, DistUp, 294.88
, DistFront, 121.89, DistDow, 124.27, DistUp, 292.40
, DistFront, 122.76, DistDow, 124.69, DistUp, 291.96
, DistFront, 121.89, DistDow, 124.69, DistUp, 292.40
, DistFront, 121.45, DistDow, 123.78, DistUp, 292.45
, DistFront, 121.89, DistDow, 123.78, DistUp, 291.60
, DistFront, 121.85, DistDow, 124.23, DistUp, 292.89
, DistFront, 122.06, DistDow, 124.68, DistUp, 292.89
, DistFront, 122.35, DistDow, 125.14, DistUp, 291.31
, DistFront, 121.90, DistDow, 123.38, DistUp, 292.45
, DistFront, 122.16, DistDow, 124.35, DistUp, 230.77
, DistFront, 123.76, DistDow, 124.34, DistUp, 229.95
, DistFront, 122.11, DistDow, 124.90, DistUp, 297.47
, DistFrontMean, 123.55, DistDowMean, 124.17, DistUpMean, 295.39
, DistFront, 123.84, DistDow, 124.52, DistUp, 234.00
, DistFront, 122.19, DistDow, 125.46, DistUp, 292.84
, DistFront, 124.39, DistDow, 124.54, DistUp, 295.66
, DistFront, 122.28, DistDow, 127.28, DistUp, 229.03
, DistFront, 122.53, DistDow, 124.71, DistUp, 230.61
, DistFront, 122.06, DistDow, 125.60, DistUp, 232.38
, DistFront, 122.11, DistDow, 123.76, DistUp, 293.54
, DistFront, 121.96, DistDow, 124.74, DistUp, 292.64
, DistFront, 122.81, DistDow, 125.20, DistUp, 293.49
, DistFront, 124.95, DistDow, 123.47, DistUp, 291.82
, DistFront, 122.11, DistDow, 124.81, DistUp, 292.62
, DistFront, 122.96, DistDow, 124.27, DistUp, 230.07
, DistFront, 121.97, DistDow, 124.90, DistUp, 298.76
, DistFront, 122.74, DistDow, 123.11, DistUp, 229.91
, DistFront, 122.89, DistDow, 123.96, DistUp, 445.54
, DistFront, 122.67, DistDow, 124.03, DistUp, 230.39
, DistFront, 121.89, DistDow, 123.59, DistUp, 231.75
, DistFront, 121.41, DistDow, 122.60, DistUp, 229.69
, DistFront, 122.02, DistDow, 3235.97, DistUp, 232.89
, DistFront, 121.39, DistDow, 123.27, DistUp, 229.18
, DistFrontMean, 121.60, DistDowMean, 122.55, DistUpMean, 228.64
, DistFront, 121.75, DistDow, 123.18, DistUp, 229.59
, DistFront, 121.77, DistDow, 3225.60, DistUp, 229.35
, DistFront, 121.48, DistDow, 122.81, DistUp, 228.35
, DistFront, 121.85, DistDow, 122.82, DistUp, 229.59
, DistFront, 122.21, DistDow, 122.70, DistUp, 229.98
, DistFront, 121.82, DistDow, 122.67, DistUp, 291.19
, DistFront, 121.77, DistDow, 121.70, DistUp, 228.40
, DistFront, 121.05, DistDow, 122.98, DistUp, 228.88
, DistFront, 120.73, DistDow, 121.67, DistUp, 229.74
, DistFront, 121.21, DistDow, 130.12, DistUp, 229.78
, DistFront, 121.02, DistDow, 121.96, DistUp, 230.17
, DistFront, 120.07, DistDow, 123.18, DistUp, 230.12
, DistFront, 120.82, DistDow, 122.18, DistUp, 230.88
, DistFront, 120.12, DistDow, 121.63, DistUp, 229.54
, DistFront, 120.26, DistDow, 122.52, DistUp, 230.73
, DistFront, 120.66, DistDow, 121.55, DistUp, 182.91
, DistFront, 121.84, DistDow, 122.38, DistUp, 227.19
, DistFront, 121.62, DistDow, 121.39, DistUp, 227.93
, DistFront, 120.82, DistDow, 122.62, DistUp, 228.27
, DistFront, 121.17, DistDow, 122.04, DistUp, 227.77
, DistFrontMean, 120.78, DistDowMean, 121.33, DistUpMean, 226.39
, DistFront, 121.41, DistDow, 122.38, DistUp, 182.96
, DistFront, 119.61, DistDow, 120.92, DistUp, 227.81
, DistFront, 120.37, DistDow, 122.60, DistUp, 227.45
, DistFront, 119.42, DistDow, 121.63, DistUp, 228.32
, DistFront, 119.83, DistDow, 121.14, DistUp, 228.13
, DistFront, 119.98, DistDow, 121.09, DistUp, 230.31
, DistFront, 118.81, DistDow, 120.17, DistUp, 233.55
, DistFront, 120.12, DistDow, 121.11, DistUp, 228.74
, DistFront, 118.84, DistDow, 120.75, DistUp, 230.56
, DistFront, 119.63, DistDow, 121.55, DistUp, 231.28
, DistFront, 118.76, DistDow, 121.96, DistUp, 232.91
, DistFront, 118.61, DistDow, 120.56, DistUp, 232.16
, DistFront, 119.30, DistDow, 121.60, DistUp, 229.05
, DistFront, 119.20, DistDow, 120.07, DistUp, 228.88
, DistFront, 118.84, DistDow, 119.42, DistUp, 229.83
, DistFront, 118.03, DistDow, 121.19, DistUp, 182.74
, DistFront, 118.06, DistDow, 121.24, DistUp, 229.05
, DistFront, 117.98, DistDow, 122.64, DistUp, 229.49
, DistFront, 118.18, DistDow, 121.48, DistUp, 184.47
, DistFront, 118.55, DistDow, 121.68, DistUp, 230.97
, DistFrontMean, 119.68, DistDowMean, 119.78, DistUpMean, 180.73
, DistFront, 121.70, DistDow, 120.60, DistUp, 229.30
, DistFront, 119.46, DistDow, 120.73, DistUp, 232.70
, DistFront, 120.41, DistDow, 120.88, DistUp, 181.55
, DistFront, 120.10, DistDow, 121.45, DistUp, 230.90
, DistFront, 120.32, DistDow, 121.09, DistUp, 231.82
, DistFront, 120.07, DistDow, 122.04, DistUp, 231.34
, DistFront, 120.17, DistDow, 122.11, DistUp, 182.87
, DistFront, 121.46, DistDow, 120.83, DistUp, 183.59
, DistFront, 120.12, DistDow, 121.33, DistUp, 230.61
, DistFront, 121.34, DistDow, 120.99, DistUp, 181.85
, DistFront, 120.10, DistDow, 121.04, DistUp, 232.62
, DistFront, 120.24, DistDow, 121.55, DistUp, 302.28
, DistFront, 120.63, DistDow, 121.67, DistUp, 230.97
, DistFront, 120.53, DistDow, 122.62, DistUp, 295.75
, DistFront, 121.60, DistDow, 123.40, DistUp, 3.78
, DistFront, 121.68, DistDow, 121.70, DistUp, 230.12
, DistFront, 122.24, DistDow, 121.80, DistUp, 443.54
, DistFront, 121.45, DistDow, 122.26, DistUp, 295.05
, DistFront, 121.14, DistDow, 122.70, DistUp, 292.55
, DistFront, 122.70, DistDow, 121.85, DistUp, 294.71
, DistFrontMean, 120.73, DistDowMean, 122.89, DistUpMean, 293.06
, DistFront, 121.82, DistDow, 122.21, DistUp, 443.10
, DistFront, 121.24, DistDow, 122.57, DistUp, 443.11
, DistFront, 121.92, DistDow, 121.97, DistUp, 182.02
, DistFront, 123.04, DistDow, 121.82, DistUp, 297.26
, DistFront, 121.14, DistDow, 121.62, DistUp, 442.47
, DistFront, 119.97, DistDow, 121.89, DistUp, 181.77
, DistFront, 119.40, DistDow, 123.06, DistUp, 186.73
, DistFront, 119.91, DistDow, 122.11, DistUp, 230.70
, DistFront, 120.41, DistDow, 122.52, DistUp, 231.17
, DistFront, 119.25, DistDow, 122.11, DistUp, 229.40
, DistFront, 120.10, DistDow, 121.14, DistUp, 182.47
, DistFront, 121.12, DistDow, 121.89, DistUp, 229.88
, DistFront, 120.39, DistDow, 122.21, DistUp, 232.21
, DistFront, 119.46, DistDow, 121.67, DistUp, 231.67
, DistFront, 121.21, DistDow, 121.24, DistUp, 229.59
, DistFront, 119.18, DistDow, 122.16, DistUp, 181.96
, DistFront, 119.23, DistDow, 121.33, DistUp, 183.54
, DistFront, 119.71, DistDow, 122.19, DistUp, 442.45
, DistFront, 119.18, DistDow, 121.39, DistUp, 229.95
, DistFront, 120.37, DistDow, 120.99, DistUp, 230.26
, DistFrontMean, 119.83, DistDowMean, 120.77, DistUpMean, 292.02
, DistFront, 120.07, DistDow, 120.99, DistUp, 232.82
, DistFront, 119.71, DistDow, 121.48, DistUp, 231.14
, DistFront, 121.68, DistDow, 121.96, DistUp, 294.34
, DistFront, 119.74, DistDow, 121.99, DistUp, 228.59
, DistFront, 119.81, DistDow, 121.62, DistUp, 293.49
, DistFront, 123.52, DistDow, 122.06, DistUp, 228.98
, DistFront, 121.09, DistDow, 120.77, DistUp, 441.75
, DistFront, 120.70, DistDow, 121.28, DistUp, 229.42
, DistFront, 121.19, DistDow, 122.62, DistUp, 230.99
, DistFront, 120.34, DistDow, 123.03, DistUp, 230.63
, DistFront, 122.53, DistDow, 122.76, DistUp, 229.42
, DistFront, 120.54, DistDow, 121.50, DistUp, 443.76
, DistFront, 121.92, DistDow, 122.06, DistUp, 228.62
, DistFront, 119.91, DistDow, 123.47, DistUp, 229.47
, DistFront, 120.63, DistDow, 122.67, DistUp, 291.09
, DistFront, 122.13, DistDow, 121.39, DistUp, 228.32
, DistFront, 122.24, DistDow, 122.82, DistUp, 228.78
, DistFront, 120.10, DistDow, 121.56, DistUp, 183.16
, DistFront, 120.75, DistDow, 123.95, DistUp, 180.34
, DistFront, 121.11, DistDow, 121.80, DistUp, 180.70
, DistFrontMean, 121.46, DistDowMean, 122.48, DistUpMean, 228.71
, DistFront, 122.18, DistDow, 124.39, DistUp, 231.77
, DistFront, 122.55, DistDow, 121.75, DistUp, 443.64
, DistFront, 121.99, DistDow, 124.27, DistUp, 230.19
, DistFront, 120.37, DistDow, 122.81, DistUp, 228.89
, DistFront, 121.09, DistDow, 122.52, DistUp, 228.38
, DistFront, 121.46, DistDow, 123.03, DistUp, 229.20
, DistFront, 120.46, DistDow, 125.24, DistUp, 233.35
, DistFront, 121.84, DistDow, 122.70, DistUp, 230.77
, DistFront, 122.67, DistDow, 122.81, DistUp, 229.06
, DistFront, 121.90, DistDow, 122.87, DistUp, 228.25
, DistFront, 123.32, DistDow, 124.34, DistUp, 229.25
, DistFront, 122.31, DistDow, 124.81, DistUp, 228.45
, DistFront, 121.99, DistDow, 124.23, DistUp, 228.88
, DistFront, 122.16, DistDow, 123.52, DistUp, 229.54
, DistFront, 122.21, DistDow, 124.13, DistUp, 231.33
, DistFront, 123.13, DistDow, 123.78, DistUp, 231.62
, DistFront, 122.16, DistDow, 123.88, DistUp, 232.26
, DistFront, 124.03, DistDow, 124.47, DistUp, 291.19
, DistFront, 122.91, DistDow, 124.74, DistUp, 231.48
, DistFront, 122.67, DistDow, 125.70, DistUp, 230.39
, DistFrontMean, 124.06, DistDowMean, 124.69, DistUpMean, 232.91
, DistFront, 123.55, DistDow, 126.45, DistUp, 231.70
, DistFront, 123.88, DistDow, 125.31, DistUp, 232.55
, DistFront, 123.98, DistDow, 124.54, DistUp, 294.97
, DistFront, 124.23, DistDow, 126.31, DistUp, 291.62
, DistFront, 128.71, DistDow, 125.37, DistUp, 292.35
, DistFront, 128.71, DistDow, 125.70, DistUp, 229.61
, DistFront, 125.43, DistDow, 124.69, DistUp, 291.04
, DistFront, 122.57, DistDow, 124.13, DistUp, 229.95
, DistFront, 122.26, DistDow, 125.39, DistUp, 229.78
, DistFront, 122.62, DistDow, 124.35, DistUp, 245.27
, DistFront, 123.23, DistDow, 123.84, DistUp, 233.04
, DistFront, 123.10, DistDow, 124.59, DistUp, 230.63
, DistFront, 122.52, DistDow, 125.39, DistUp, 229.30
, DistFront, 121.75, DistDow, 124.42, DistUp, 294.25
, DistFront, 123.91, DistDow, 124.46, DistUp, 230.61
, DistFront, 123.03, DistDow, 124.39, DistUp, 231.21
, DistFront, 122.52, DistDow, 126.41, DistUp, 294.30
, DistFront, 122.67, DistDow, 124.25, DistUp, 294.30
, DistFront, 122.24, DistDow, 123.78, DistUp, 292.69
, DistFront, 121.80, DistDow, 123.78, DistUp, 291.90
, DistFrontMean, 121.60, DistDowMean, 123.11, DistUpMean, 230.99
, DistFront, 121.38, DistDow, 125.49, DistUp, 231.46
, DistFront, 122.55, DistDow, 124.95, DistUp, 230.19
, DistFront, 122.19, DistDow, 123.71, DistUp, 230.77
, DistFront, 121.48, DistDow, 123.33, DistUp, 296.85
, DistFront, 122.55, DistDow, 124.13, DistUp, 296.82
, DistFront, 121.80, DistDow, 127.96, DistUp, 446.68
, DistFront, 121.82, DistDow, 125.39, DistUp, 231.05
, DistFront, 121.92, DistDow, 127.28, DistUp, 235.19
, DistFront, 121.28, DistDow, 123.74, DistUp, 290.85
, DistFront, 123.28, DistDow, 124.05, DistUp, 290.03
, DistFront, 121.39, DistDow, 128.61, DistUp, 186.50
, DistFront, 120.17, DistDow, 124.47, DistUp, 233.71
, DistFront, 121.63, DistDow, 123.23, DistUp, 290.07
, DistFront, 123.04, DistDow, 122.31, DistUp, 232.81
, DistFront, 122.45, DistDow, 123.18, DistUp, 231.38
, DistFront, 121.99, DistDow, 122.69, DistUp, 233.10
, DistFront, 120.82, DistDow, 122.57, DistUp, 232.98
, DistFront, 121.50, DistDow, 123.13, DistUp, 292.77
, DistFront, 120.68, DistDow, 122.33, DistUp, 295.17
, DistFront, 121.09, DistDow, 123.45, DistUp, 287.47
, DistFrontMean, 122.67, DistDowMean, 123.35, DistUpMean, 287.48
, DistFront, 122.98, DistDow, 126.68, DistUp, 231.19
, DistFront, 122.13, DistDow, 123.33, DistUp, 290.49
, DistFront, 123.25, DistDow, 124.25, DistUp, 291.41
, DistFront, 122.74, DistDow, 123.54, DistUp, 293.59
, DistFront, 121.55, DistDow, 122.76, DistUp, 296.11
, DistFront, 122.93, DistDow, 124.95, DistUp, 296.34
, DistFront, 122.19, DistDow, 124.18, DistUp, 444.81
, DistFront, 122.02, DistDow, 3230.85, DistUp, 290.32
, DistFront, 124.20, DistDow, 123.76, DistUp, 291.62
, DistFront, 123.27, DistDow, 122.96, DistUp, 294.59
, DistFront, 123.52, DistDow, 127.38, DistUp, 233.91
, DistFront, 123.62, DistDow, 125.77, DistUp, 285.73
, DistFront, 126.70, DistDow, 128.71, DistUp, 285.43
, DistFront, 125.43, DistDow, 127.13, DistUp, 290.10
, DistFront, 122.53, DistDow, 126.82, DistUp, 232.33
, DistFront, 125.83, DistDow, 125.26, DistUp, 293.96
, DistFront, 125.99, DistDow, 126.68, DistUp, 444.83
, DistFront, 126.14, DistDow, 125.41, DistUp, 290.05
, DistFront, 125.70, DistDow, 126.38, DistUp, 291.75
, DistFront, 123.95, DistDow, 126.56, DistUp, 293.10
, DistFrontMean, 125.68, DistDowMean, 125.39, DistUpMean, 290.60
, DistFront, 126.02, DistDow, 125.77, DistUp, 293.89
, DistFront, 123.18, DistDow, 125.82, DistUp, 297.67
, DistFront, 125.24, DistDow, 126.26, DistUp, 286.90
, DistFront, 125.24, DistDow, 125.68, DistUp, 292.31
, DistFront, 124.39, DistDow, 125.78, DistUp, 291.90
, DistFront, 123.59, DistDow, 125.75, DistUp, 288.95
, DistFront, 126.34, DistDow, 124.78, DistUp, 443.78
, DistFront, 126.97, DistDow, 125.53, DistUp, 444.13
, DistFront, 126.31, DistDow, 126.41, DistUp, 234.47
, DistFront, 126.09, DistDow, 125.49, DistUp, 287.09
, DistFront, 127.40, DistDow, 3236.50, DistUp, 290.63
, DistFront, 123.18, DistDow, 124.81, DistUp, 287.13
, DistFront, 123.10, DistDow, 125.12, DistUp, 294.42
, DistFront, 122.93, DistDow, 126.26, DistUp, 233.06
, DistFront, 122.21, DistDow, 125.20, DistUp, 289.71
, DistFront, 121.63, DistDow, 124.85, DistUp, 296.48
, DistFront, 124.49, DistDow, 3228.35, DistUp, 443.06
, DistFront, 120.75, DistDow, 124.03, DistUp, 231.73
, DistFront, 120.41, DistDow, 125.26, DistUp, 230.77
, DistFront, 121.28, DistDow, 122.82, DistUp, 231.53
, DistFrontMean, 121.28, DistDowMean, 122.02, DistUpMean, 440.97
, DistFront, 123.42, DistDow, 123.81, DistUp, 442.02
, DistFront, 120.73, DistDow, 122.21, DistUp, 234.03
, DistFront, 125.78, DistDow, 123.38, DistUp, 442.18
, DistFront, 123.84, DistDow, 122.35, DistUp, 231.55
, DistFront, 119.83, DistDow, 121.34, DistUp, 302.18
, DistFront, 119.74, DistDow, 122.62, DistUp, 302.98
, DistFront, 120.49, DistDow, 122.53, DistUp, 440.73
, DistFront, 119.10, DistDow, 121.50, DistUp, 441.05
, DistFront, 120.24, DistDow, 122.26, DistUp, 440.99
, DistFront, 118.96, DistDow, 123.98, DistUp, 231.17
, DistFront, 122.77, DistDow, 121.70, DistUp, 440.49
, DistFront, 118.88, DistDow, 121.24, DistUp, 231.38
, DistFront, 119.13, DistDow, 122.06, DistUp, 441.39
, DistFront, 119.13, DistDow, 124.20, DistUp, 230.19
, DistFront, 118.33, DistDow, 121.17, DistUp, 291.97
, DistFront, 119.17, DistDow, 122.77, DistUp, 441.39
, DistFront, 119.20, DistDow, 126.77, DistUp, 230.63
, DistFront, 119.25, DistDow, 126.02, DistUp, 441.63
, DistFront, 120.63, DistDow, 123.54, DistUp, 442.16
, DistFront, 119.42, DistDow, 123.54, DistUp, 291.11
, DistFrontMean, 120.53, DistDowMean, 126.24, DistUpMean, 284.97
, DistFront, 119.97, DistDow, 121.97, DistUp, 290.73
, DistFront, 119.59, DistDow, 121.62, DistUp, 443.25
, DistFront, 120.99, DistDow, 123.49, DistUp, 441.48
, DistFront, 121.53, DistDow, 124.78, DistUp, 441.53
, DistFront, 120.34, DistDow, 127.98, DistUp, 441.24
, DistFront, 120.78, DistDow, 125.02, DistUp, 291.28
, DistFront, 122.53, DistDow, 124.68, DistUp, 290.56
, DistFront, 120.34, DistDow, 127.93, DistUp, 289.63
, DistFront, 120.32, DistDow, 125.43, DistUp, 283.45
, DistFront, 119.97, DistDow, 123.33, DistUp, 291.96
, DistFront, 120.02, DistDow, 3232.40, DistUp, 442.18
, DistFront, 119.54, DistDow, 121.11, DistUp, 444.17
, DistFront, 118.76, DistDow, 121.97, DistUp, 289.23
, DistFront, 120.75, DistDow, 124.95, DistUp, 290.92
, DistFront, 119.46, DistDow, 121.97, DistUp, 289.97
, DistFront, 120.83, DistDow, 121.60, DistUp, 441.75
, DistFront, 119.27, DistDow, 122.16, DistUp, 318.61
, DistFront, 120.14, DistDow, 120.95, DistUp, 284.98
, DistFront, 123.71, DistDow, 122.26, DistUp, 288.27
, DistFront, 120.24, DistDow, 122.31, DistUp, 285.49
, DistFrontMean, 119.17, DistDowMean, 121.12, DistUpMean, 287.41
, DistFront, 120.66, DistDow, 121.92, DistUp, 282.16
, DistFront, 119.76, DistDow, 120.97, DistUp, 289.06
, DistFront, 119.39, DistDow, 122.33, DistUp, 284.69
, DistFront, 123.91, DistDow, 122.38, DistUp, 285.90
, DistFront, 119.35, DistDow, 122.35, DistUp, 287.99
, DistFront, 124.27, DistDow, 121.90, DistUp, 229.66
, DistFront, 123.35, DistDow, 121.46, DistUp, 230.31
, DistFront, 122.89, DistDow, 121.85, DistUp, 320.20
, DistFront, 123.25, DistDow, 122.69, DistUp, 290.85
, DistFront, 123.18, DistDow, 123.49, DistUp, 286.28
, DistFront, 122.21, DistDow, 122.06, DistUp, 441.80
, DistFront, 122.13, DistDow, 121.55, DistUp, 442.13
, DistFront, 120.75, DistDow, 121.11, DistUp, 285.68
, DistFront, 120.75, DistDow, 124.95, DistUp, 286.17
, DistFront, 121.19, DistDow, 123.69, DistUp, 285.63
, DistFront, 120.75, DistDow, 122.77, DistUp, 286.09
, DistFront, 120.27, DistDow, 121.90, DistUp, 327.96
, DistFront, 121.17, DistDow, 122.77, DistUp, 289.78
, DistFront, 119.83, DistDow, 121.39, DistUp, 289.23
, DistFront, 120.19, DistDow, 121.39, DistUp, 288.78
, DistFrontMean, 119.54, DistDowMean, 125.43, DistUpMean, 283.96
, DistFront, 120.17, DistDow, 121.34, DistUp, 440.56
, DistFront, 120.48, DistDow, 123.38, DistUp, 441.84
, DistFront, 119.49, DistDow, 121.60, DistUp, 327.98
, DistFront, 119.42, DistDow, 122.77, DistUp, 443.04
, DistFront, 119.46, DistDow, 122.33, DistUp, 443.32
, DistFront, 120.70, DistDow, 120.99, DistUp, 291.48
, DistFront, 119.05, DistDow, 121.50, DistUp, 442.13
, DistFront, 120.88, DistDow, 122.06, DistUp, 441.04
, DistFront, 120.60, DistDow, 121.82, DistUp, 287.89
, DistFront, 119.54, DistDow, 120.68, DistUp, 290.48
, DistFront, 119.32, DistDow, 121.82, DistUp, 442.52
, DistFront, 121.28, DistDow, 124.18, DistUp, 297.33
, DistFront, 119.76, DistDow, 121.82, DistUp, 443.78
, DistFront, 120.34, DistDow, 121.96, DistUp, 289.59
, DistFront, 121.68, DistDow, 122.93, DistUp, 289.74
, DistFront, 124.54, DistDow, 126.02, DistUp, 286.50
, DistFront, 124.10, DistDow, 122.98, DistUp, 292.11
, DistFront, 123.62, DistDow, 122.81, DistUp, 291.26
, DistFront, 121.24, DistDow, 122.06, DistUp, 295.02
, DistFront, 120.97, DistDow, 124.69, DistUp, 229.95
, DistFrontMean, 124.66, DistDowMean, 122.60, DistUpMean, 441.02
, DistFront, 121.21, DistDow, 123.33, DistUp, 442.26
, DistFront, 123.61, DistDow, 123.25, DistUp, 442.21
, DistFront, 122.76, DistDow, 122.35, DistUp, 283.45
, DistFront, 121.89, DistDow, 121.85, DistUp, 441.14
, DistFront, 120.92, DistDow, 122.24, DistUp, 230.32
, DistFront, 120.90, DistDow, 123.04, DistUp, 441.96
, DistFront, 120.37, DistDow, 122.57, DistUp, 283.55
, DistFront, 120.32, DistDow, 122.96, DistUp, 284.78
, DistFront, 120.73, DistDow, 122.04, DistUp, 286.19
, DistFront, 120.70, DistDow, 122.04, DistUp, 232.48
, DistFront, 120.66, DistDow, 121.60, DistUp, 287.64
, DistFront, 119.49, DistDow, 122.02, DistUp, 287.28
, DistFront, 119.52, DistDow, 122.52, DistUp, 290.90
, DistFront, 120.34, DistDow, 122.93, DistUp, 232.21
, DistFront, 122.28, DistDow, 123.74, DistUp, 283.81
, DistFront, 119.78, DistDow, 121.90, DistUp, 228.74
, DistFront, 120.61, DistDow, 122.70, DistUp, 284.20
, DistFront, 119.63, DistDow, 121.70, DistUp, 281.14
, DistFront, 122.13, DistDow, 123.04, DistUp, 231.05
, DistFront, 121.53, DistDow, 122.57, DistUp, 294.69
, DistFrontMean, 118.45, DistDowMean, 123.16, DistUpMean, 439.05
, DistFront, 119.00, DistDow, 123.83, DistUp, 375.20
, DistFront, 120.20, DistDow, 121.97, DistUp, 232.57
, DistFront, 120.12, DistDow, 123.32, DistUp, 280.12
, DistFront, 118.81, DistDow, 122.41, DistUp, 279.85
, DistFront, 120.88, DistDow, 122.77, DistUp, 280.54
, DistFront, 119.05, DistDow, 122.21, DistUp, 281.04
, DistFront, 119.81, DistDow, 122.16, DistUp, 280.14
, DistFront, 118.59, DistDow, 122.52, DistUp, 281.34
, DistFront, 118.47, DistDow, 121.09, DistUp, 280.78
, DistFront, 118.27, DistDow, 121.45, DistUp, 282.53
, DistFront, 118.23, DistDow, 121.39, DistUp, 282.93
, DistFront, 119.49, DistDow, 121.26, DistUp, 279.83
, DistFront, 119.34, DistDow, 122.18, DistUp, 281.99
, DistFront, 118.52, DistDow, 121.63, DistUp, 280.27
, DistFront, 118.91, DistDow, 123.89, DistUp, 279.88
, DistFront, 120.66, DistDow, 122.16, DistUp, 280.66
, DistFront, 119.06, DistDow, 122.67, DistUp, 279.97
, DistFront, 119.27, DistDow, 123.25, DistUp, 281.73
, DistFront, 118.84, DistDow, 122.40, DistUp, 280.82
, DistFront, 119.32, DistDow, 122.02, DistUp, 282.62
, DistFrontMean, 120.88, DistDowMean, 122.76, DistUpMean, 282.04
, DistFront, 119.91, DistDow, 122.57, DistUp, 279.35
, DistFront, 119.63, DistDow, 123.59, DistUp, 281.62
, DistFront, 120.02, DistDow, 123.69, DistUp, 280.83
, DistFront, 119.27, DistDow, 124.61, DistUp, 281.73
, DistFront, 119.71, DistDow, 124.69, DistUp, 232.53
, DistFront, 118.55, DistDow, 124.59, DistUp, 232.40
, DistFront, 121.99, DistDow, 125.14, DistUp, 283.04
, DistFront, 120.17, DistDow, 123.38, DistUp, 232.91
, DistFront, 118.96, DistDow, 122.93, DistUp, 231.92
, DistFront, 120.63, DistDow, 125.56, DistUp, 231.97
, DistFront, 119.47, DistDow, 122.89, DistUp, 284.59
, DistFront, 120.60, DistDow, 122.84, DistUp, 230.20
, DistFront, 118.96, DistDow, 123.27, DistUp, 228.23
, DistFront, 120.27, DistDow, 123.67, DistUp, 282.09
, DistFront, 118.45, DistDow, 123.23, DistUp, 229.10
, DistFront, 119.05, DistDow, 124.03, DistUp, 280.41
, DistFront, 119.85, DistDow, 126.17, DistUp, 283.62
, DistFront, 118.47, DistDow, 122.98, DistUp, 281.09
, DistFront, 118.91, DistDow, 123.35, DistUp, 286.41
, DistFront, 118.89, DistDow, 124.20, DistUp, 283.98
, DistFrontMean, 118.20, DistDowMean, 125.99, DistUpMean, 279.90
, DistFront, 119.74, DistDow, 126.80, DistUp, 279.78
, DistFront, 118.35, DistDow, 3223.78, DistUp, 281.45
, DistFront, 119.20, DistDow, 128.45, DistUp, 280.56
, DistFront, 118.35, DistDow, 124.56, DistUp, 279.23
, DistFront, 119.47, DistDow, 123.95, DistUp, 280.03
, DistFront, 120.37, DistDow, 125.20, DistUp, 279.59
, DistFront, 119.39, DistDow, 124.25, DistUp, 282.82
, DistFront, 119.23, DistDow, 126.75, DistUp, 280.26
, DistFront, 118.32, DistDow, 124.98, DistUp, 282.67
, DistFront, 117.91, DistDow, 122.41, DistUp, 279.27
, DistFront, 118.32, DistDow, 122.93, DistUp, 282.96
, DistFront, 118.81, DistDow, 126.89, DistUp, 282.64
, DistFront, 119.76, DistDow, 124.39, DistUp, 280.61
, DistFront, 118.89, DistDow, 123.55, DistUp, 280.95
, DistFront, 119.35, DistDow, 124.03, DistUp, 282.64
, DistFront, 118.67, DistDow, 123.16, DistUp, 283.62
, DistFront, 118.78, DistDow, 126.28, DistUp, 281.60
, DistFront, 118.67, DistDow, 123.25, DistUp, 279.63
, DistFront, 118.32, DistDow, 119.68, DistUp, 296.53
, DistFront, 119.20, DistDow, 125.61, DistUp, 284.61
, DistFrontMean, 118.40, DistDowMean, 124.47, DistUpMean, 280.31
, DistFront, 120.68, DistDow, 126.55, DistUp, 282.57
, DistFront, 119.91, DistDow, 3211.70, DistUp, 281.96
, DistFront, 119.95, DistDow, 121.90, DistUp, 280.31
, DistFront, 120.88, DistDow, 123.18, DistUp, 281.50
, DistFront, 118.76, DistDow, 122.81, DistUp, 281.85
, DistFront, 120.10, DistDow, 122.31, DistUp, 287.96
, DistFront, 123.33, DistDow, 120.95, DistUp, 321.24
, DistFront, 119.25, DistDow, 120.83, DistUp, 287.81
, DistFront, 119.54, DistDow, 121.55, DistUp, 441.62
, DistFront, 118.69, DistDow, 124.98, DistUp, 441.70
, DistFront, 119.52, DistDow, 121.97, DistUp, 441.63
, DistFront, 118.35, DistDow, 120.32, DistUp, 442.11
, DistFront, 119.20, DistDow, 3205.12, DistUp, 441.39
, DistFront, 118.64, DistDow, 120.10, DistUp, 441.50
, DistFront, 119.12, DistDow, 121.97, DistUp, 292.70
, DistFront, 118.91, DistDow, 121.70, DistUp, 232.89
, DistFront, 121.73, DistDow, 122.81, DistUp, 229.97
, DistFront, 119.30, DistDow, 121.62, DistUp, 294.85
, DistFront, 119.56, DistDow, 121.80, DistUp, 292.52
, DistFront, 120.07, DistDow, 122.89, DistUp, 295.14
, DistFrontMean, 119.47, DistDowMean, 122.31, DistUpMean, 291.99
, DistFront, 120.24, DistDow, 121.73, DistUp, 295.73
, DistFront, 119.97, DistDow, 121.89, DistUp, 293.64
, DistFront, 120.43, DistDow, 121.48, DistUp, 295.41
, DistFront, 121.34, DistDow, 122.24, DistUp, 291.60
, DistFront, 121.80, DistDow, 121.97, DistUp, 292.40
, DistFront, 120.07, DistDow, 122.04, DistUp, 292.77
, DistFront, 121.45, DistDow, 122.52, DistUp, 442.45
, DistFront, 120.17, DistDow, 123.89, DistUp, 443.64
, DistFront, 120.63, DistDow, 123.03, DistUp, 230.88
, DistFront, 120.63, DistDow, 124.40, DistUp, 232.41
, DistFront, 121.50, DistDow, 123.45, DistUp, 230.07
, DistFront, 121.68, DistDow, 123.74, DistUp, 442.33
, DistFront, 122.57, DistDow, 125.07, DistUp, 295.26
, DistFront, 122.18, DistDow, 124.10, DistUp, 291.63
, DistFront, 121.68, DistDow, 124.25, DistUp, 291.33
, DistFront, 120.82, DistDow, 128.04, DistUp, 290.41
, DistFront, 122.04, DistDow, 124.13, DistUp, 291.24
, DistFront, 121.46, DistDow, 127.38, DistUp, 442.48
, DistFront, 121.70, DistDow, 126.38, DistUp, 442.28
, DistFront, 122.40, DistDow, 124.10, DistUp, 441.73
, DistFrontMean, 120.83, DistDowMean, 124.61, DistUpMean, 441.26
, DistFront, 124.03, DistDow, 126.21, DistUp, 442.40
, DistFront, 121.45, DistDow, 127.84, DistUp, 442.06
, DistFront, 123.61, DistDow, 122.74, DistUp, 442.09
, DistFront, 121.89, DistDow, 124.81, DistUp, 442.89
, DistFront, 122.35, DistDow, 123.18, DistUp, 292.16
, DistFront, 120.63, DistDow, 124.03, DistUp, 292.62
, DistFront, 121.55, DistDow, 123.23, DistUp, 441.77
, DistFront, 122.48, DistDow, 125.85, DistUp, 443.71
, DistFront, 122.16, DistDow, 125.90, DistUp, 442.02
, DistFront, 122.13, DistDow, 125.95, DistUp, 442.48
, DistFront, 123.04, DistDow, 128.42, DistUp, 443.27
, DistFront, 122.18, DistDow, 126.41, DistUp, 442.45
, DistFront, 121.34, DistDow, 124.32, DistUp, 318.71
, DistFront, 121.84, DistDow, 123.88, DistUp, 320.05
, DistFront, 122.77, DistDow, 124.76, DistUp, 443.03
, DistFront, 123.64, DistDow, 124.42, DistUp, 442.52
, DistFront, 123.13, DistDow, 123.47, DistUp, 443.45
, DistFront, 122.28, DistDow, 124.39, DistUp, 288.91
, DistFront, 121.96, DistDow, 123.96, DistUp, 232.24
, DistFront, 121.41, DistDow, 124.10, DistUp, 296.33
, DistFrontMean, 121.82, DistDowMean, 122.99, DistUpMean, 295.95
, DistFront, 122.91, DistDow, 124.95, DistUp, 297.55
, DistFront, 122.89, DistDow, 123.27, DistUp, 297.89
, DistFront, 121.70, DistDow, 123.67, DistUp, 442.38
, DistFront, 121.34, DistDow, 124.13, DistUp, 444.12
, DistFront, 121.80, DistDow, 124.27, DistUp, 442.89
, DistFront, 122.47, DistDow, 123.81, DistUp, 230.85
, DistFront, 121.05, DistDow, 124.32, DistUp, 288.76
, DistFront, 123.25, DistDow, 123.55, DistUp, 229.68
, DistFront, 121.53, DistDow, 123.95, DistUp, 289.69
, DistFront, 123.91, DistDow, 124.49, DistUp, 231.11
, DistFront, 123.04, DistDow, 124.47, DistUp, 444.42
, DistFront, 123.78, DistDow, 125.31, DistUp, 444.49
, DistFront, 122.99, DistDow, 124.69, DistUp, 288.40
, DistFront, 124.95, DistDow, 127.35, DistUp, 290.95
, DistFront, 124.13, DistDow, 126.21, DistUp, 290.03
, DistFront, 124.63, DistDow, 124.39, DistUp, 290.07
, DistFront, 125.03, DistDow, 124.59, DistUp, 290.12
, DistFront, 124.32, DistDow, 124.23, DistUp, 289.30
, DistFront, 124.39, DistDow, 124.27, DistUp, 292.24
, DistFront, 124.27, DistDow, 125.60, DistUp, 290.54
, DistFrontMean, 124.95, DistDowMean, 124.00, DistUpMean, 288.47
, DistFront, 124.88, DistDow, 125.17, DistUp, 288.47
, DistFront, 124.83, DistDow, 124.18, DistUp, 233.28
, DistFront, 122.64, DistDow, 123.88, DistUp, 295.43
, DistFront, 124.83, DistDow, 123.88, DistUp, 232.11
, DistFront, 124.49, DistDow, 123.84, DistUp, 230.83
, DistFront, 125.19, DistDow, 126.67, DistUp, 229.90
, DistFront, 123.33, DistDow, 126.26, DistUp, 290.95
, DistFront, 122.84, DistDow, 124.78, DistUp, 443.33
, DistFront, 123.20, DistDow, 125.26, DistUp, 299.23
, DistFront, 124.42, DistDow, 126.80, DistUp, 294.32
, DistFront, 122.62, DistDow, 124.68, DistUp, 292.62
, DistFront, 122.13, DistDow, 124.52, DistUp, 290.54
, DistFront, 123.38, DistDow, 125.83, DistUp, 292.60
, DistFront, 123.61, DistDow, 125.78, DistUp, 291.38
, DistFront, 122.33, DistDow, 123.52, DistUp, 442.47
, DistFront, 122.69, DistDow, 126.02, DistUp, 443.35
, DistFront, 121.73, DistDow, 127.62, DistUp, 442.47
, DistFront, 121.60, DistDow, 124.49, DistUp, 298.45
, DistFront, 122.82, DistDow, 123.59, DistUp, 299.25
, DistFront, 122.33, DistDow, 123.49, DistUp, 442.70
, DistFrontMean, 122.48, DistDowMean, 123.55, DistUpMean, 440.49
, DistFront, 121.84, DistDow, 123.32, DistUp, 442.98
, DistFront, 121.80, DistDow, 125.43, DistUp, 299.03
, DistFront, 122.60, DistDow, 125.49, DistUp, 297.91
, DistFront, 124.12, DistDow, 126.31, DistUp, 442.11
, DistFront, 124.17, DistDow, 124.54, DistUp, 293.78
, DistFront, 122.47, DistDow, 126.11, DistUp, 293.33
, DistFront, 121.96, DistDow, 130.37, DistUp, 291.67
, DistFront, 121.92, DistDow, 128.62, DistUp, 290.88
, DistFront, 121.89, DistDow, 126.11, DistUp, 292.53
, DistFront, 122.28, DistDow, 124.78, DistUp, 290.82
, DistFront, 122.21, DistDow, 124.71, DistUp, 289.98
, DistFront, 120.97, DistDow, 124.74, DistUp, 289.95
, DistFront, 122.21, DistDow, 124.27, DistUp, 441.77
, DistFront, 121.77, DistDow, 125.60, DistUp, 442.19
, DistFront, 123.42, DistDow, 126.31, DistUp, 442.04
, DistFront, 121.31, DistDow, 125.43, DistUp, 442.04
, DistFront, 121.77, DistDow, 124.59, DistUp, 441.63
, DistFront, 121.77, DistDow, 126.41, DistUp, 442.91
, DistFront, 123.04, DistDow, 126.04, DistUp, 291.04
, DistFront, 121.33, DistDow, 125.10, DistUp, 292.67
, DistFrontMean, 122.02, DistDowMean, 123.98, DistUpMean, 291.04
, DistFront, 122.69, DistDow, 125.20, DistUp, 441.82
, DistFront, 121.05, DistDow, 123.42, DistUp, 441.73
, DistFront, 121.97, DistDow, 124.90, DistUp, 442.76
, DistFront, 121.56, DistDow, 123.23, DistUp, 441.99
, DistFront, 122.98, DistDow, 125.85, DistUp, 442.77
, DistFront, 122.57, DistDow, 125.49, DistUp, 320.10
, DistFront, 122.18, DistDow, 124.23, DistUp, 445.02
, DistFront, 122.64, DistDow, 126.02, DistUp, 290.17
, DistFront, 123.13, DistDow, 126.48, DistUp, 290.14
, DistFront, 123.18, DistDow, 124.30, DistUp, 293.49
, DistFront, 122.33, DistDow, 125.66, DistUp, 297.24
, DistFront, 123.59, DistDow, 128.23, DistUp, 233.04
, DistFront, 122.99, DistDow, 125.19, DistUp, 443.10
, DistFront, 122.40, DistDow, 125.31, DistUp, 442.24
, DistFront, 123.33, DistDow, 123.62, DistUp, 290.02
, DistFront, 123.33, DistDow, 123.62, DistUp, 290.88
, DistFront, 123.67, DistDow, 124.06, DistUp, 289.61
, DistFront, 123.78, DistDow, 125.39, DistUp, 289.61
, DistFront, 122.82, DistDow, 126.31, DistUp, 291.33
, DistFront, 123.45, DistDow, 125.02, DistUp, 291.73
, DistFrontMean, 123.23, DistDowMean, 123.83, DistUpMean, 291.34
, DistFront, 123.47, DistDow, 124.20, DistUp, 286.48
, DistFront, 123.54, DistDow, 125.10, DistUp, 292.55
, DistFront, 123.54, DistDow, 124.25, DistUp, 292.98
, DistFront, 124.83, DistDow, 123.42, DistUp, 294.23
, DistFront, 124.42, DistDow, 124.30, DistUp, 292.18
, DistFront, 123.54, DistDow, 124.30, DistUp, 292.98
, DistFront, 123.59, DistDow, 122.91, DistUp, 292.57
, DistFront, 124.42, DistDow, 123.71, DistUp, 290.10
, DistFront, 123.10, DistDow, 123.84, DistUp, 289.27
, DistFront, 124.39, DistDow, 3222.21, DistUp, 288.47
, DistFront, 123.40, DistDow, 124.12, DistUp, 287.93
, DistFront, 123.47, DistDow, 123.35, DistUp, 290.90
, DistFront, 123.03, DistDow, 124.54, DistUp, 288.78
, DistFront, 123.42, DistDow, 123.78, DistUp, 290.12
, DistFront, 122.98, DistDow, 124.95, DistUp, 288.76
, DistFront, 123.74, DistDow, 123.69, DistUp, 290.05
, DistFront, 123.33, DistDow, 3201.80, DistUp, 290.73
, DistFront, 123.62, DistDow, 123.55, DistUp, 290.75
, DistFront, 124.12, DistDow, 123.13, DistUp, 443.10
, DistFront, 124.12, DistDow, 123.98, DistUp, 290.24
, DistFrontMean, 122.47, DistDowMean, 122.84, DistUpMean, 287.96
, DistFront, 123.67, DistDow, 122.21, DistUp, 291.09
, DistFront, 123.18, DistDow, 126.92, DistUp, 289.34
, DistFront, 124.47, DistDow, 127.21, DistUp, 288.91
, DistFront, 124.03, DistDow, 122.99, DistUp, 291.02
, DistFront, 123.13, DistDow, 123.88, DistUp, 289.35
, DistFront, 124.42, DistDow, 123.42, DistUp, 442.53
, DistFront, 123.10, DistDow, 122.11, DistUp, 442.96
, DistFront, 123.52, DistDow, 122.11, DistUp, 299.40
, DistFront, 124.34, DistDow, 124.59, DistUp, 297.26
, DistFront, 124.30, DistDow, 123.59, DistUp, 442.84
, DistFront, 120.78, DistDow, 122.82, DistUp, 442.06
, DistFront, 122.21, DistDow, 124.54, DistUp, 229.32
, DistFront, 121.12, DistDow, 123.16, DistUp, 301.97
, DistFront, 123.78, DistDow, 127.38, DistUp, 442.35
, DistFront, 122.84, DistDow, 125.70, DistUp, 231.75
, DistFront, 123.64, DistDow, 128.11, DistUp, 230.95
, DistFront, 122.89, DistDow, 121.62, DistUp, 301.05
, DistFront, 122.67, DistDow, 127.67, DistUp, 292.28
, DistFront, 123.47, DistDow, 123.28, DistUp, 441.67
, DistFront, 123.38, DistDow, 124.42, DistUp, 282.67
, DistFrontMean, 122.21, DistDowMean, 123.35, DistUpMean, 282.40
, DistFront, 122.41, DistDow, 123.98, DistUp, 288.81
, DistFront, 122.26, DistDow, 122.18, DistUp, 287.87
, DistFront, 122.18, DistDow, 122.52, DistUp, 291.19
, DistFront, 121.62, DistDow, 122.82, DistUp, 284.83
, DistFront, 121.96, DistDow, 122.67, DistUp, 288.91
, DistFront, 121.82, DistDow, 126.46, DistUp, 286.41
, DistFront, 122.62, DistDow, 123.78, DistUp, 442.28
, DistFront, 121.21, DistDow, 122.41, DistUp, 441.63
, DistFront, 120.24, DistDow, 124.34, DistUp, 441.60
, DistFront, 121.53, DistDow, 121.84, DistUp, 440.82
, DistFront, 120.68, DistDow, 121.41, DistUp, 286.97
, DistFront, 121.12, DistDow, 120.97, DistUp, 291.85
, DistFront, 122.02, DistDow, 123.16, DistUp, 440.82
, DistFront, 119.88, DistDow, 122.35, DistUp, 442.48
, DistFront, 119.88, DistDow, 121.84, DistUp, 232.87
, DistFront, 119.47, DistDow, 124.98, DistUp, 288.23
, DistFront, 120.78, DistDow, 124.06, DistUp, 441.26
, DistFront, 120.78, DistDow, 122.82, DistUp, 441.34
, DistFront, 119.42, DistDow, 124.47, DistUp, 441.17
, DistFront, 119.42, DistDow, 123.62, DistUp, 441.31
, DistFrontMean, 119.18, DistDowMean, 121.63, DistUpMean, 232.89
, DistFront, 120.32, DistDow, 122.31, DistUp, 285.32
, DistFront, 120.75, DistDow, 123.16, DistUp, 293.03
, DistFront, 119.46, DistDow, 123.18, DistUp, 294.74
, DistFront, 120.27, DistDow, 121.85, DistUp, 293.16
, DistFront, 119.05, DistDow, 124.42, DistUp, 293.10
, DistFront, 120.27, DistDow, 124.03, DistUp, 293.54
, DistFront, 121.55, DistDow, 125.19, DistUp, 440.75
, DistFront, 123.20, DistDow, 124.00, DistUp, 293.54
, DistFront, 120.70, DistDow, 128.62, DistUp, 293.95
, DistFront, 122.77, DistDow, 123.11, DistUp, 441.73
, DistFront, 119.88, DistDow, 122.31, DistUp, 441.67
, DistFront, 120.75, DistDow, 121.50, DistUp, 441.26
, DistFront, 119.90, DistDow, 121.96, DistUp, 289.54
, DistFront, 120.39, DistDow, 123.27, DistUp, 290.83
, DistFront, 122.19, DistDow, 122.91, DistUp, 443.55
, DistFront, 120.95, DistDow, 121.26, DistUp, 290.14
, DistFront, 120.07, DistDow, 124.74, DistUp, 287.57
, DistFront, 120.49, DistDow, 120.88, DistUp, 286.82
, DistFront, 122.33, DistDow, 122.19, DistUp, 288.42
, DistFront, 122.82, DistDow, 121.82, DistUp, 284.27
, DistFrontMean, 121.77, DistDowMean, 121.14, DistUpMean, 289.85
, DistFront, 122.82, DistDow, 122.26, DistUp, 287.76
, DistFront, 120.19, DistDow, 120.99, DistUp, 231.31
, DistFront, 122.99, DistDow, 122.76, DistUp, 287.70
, DistFront, 123.47, DistDow, 123.69, DistUp, 230.97
, DistFront, 120.75, DistDow, 122.84, DistUp, 229.68
, DistFront, 123.96, DistDow, 121.99, DistUp, 230.10
, DistFront, 120.39, DistDow, 122.91, DistUp, 229.34
, DistFront, 120.07, DistDow, 122.87, DistUp, 230.70
, DistFront, 122.74, DistDow, 121.50, DistUp, 231.50
, DistFront, 119.52, DistDow, 121.90, DistUp, 229.40
, DistFront, 119.81, DistDow, 122.28, DistUp, 229.32
, DistFront, 118.91, DistDow, 123.11, DistUp, 228.91
, DistFront, 120.49, DistDow, 121.75, DistUp, 230.54
, DistFront, 120.85, DistDow, 122.55, DistUp, 228.83
, DistFront, 119.17, DistDow, 121.67, DistUp, 227.99
, DistFront, 119.12, DistDow, 122.04, DistUp, 231.21
, DistFront, 120.19, DistDow, 122.45, DistUp, 231.73
, DistFront, 120.20, DistDow, 123.76, DistUp, 229.61
, DistFront, 119.56, DistDow, 121.60, DistUp, 231.26
, DistFront, 119.10, DistDow, 121.19, DistUp, 231.55
, DistFrontMean, 119.30, DistDowMean, 121.89, DistUpMean, 282.93
, DistFront, 119.61, DistDow, 120.83, DistUp, 230.02
, DistFront, 119.69, DistDow, 123.11, DistUp, 289.68
, DistFront, 121.46, DistDow, 120.99, DistUp, 229.59
, DistFront, 119.47, DistDow, 121.99, DistUp, 232.52
, DistFront, 120.82, DistDow, 122.84, DistUp, 285.26
, DistFront, 119.52, DistDow, 121.70, DistUp, 287.31
, DistFront, 120.85, DistDow, 123.55, DistUp, 231.17
, DistFront, 119.81, DistDow, 123.23, DistUp, 230.46
, DistFront, 120.39, DistDow, 123.32, DistUp, 228.83
, DistFront, 121.67, DistDow, 124.74, DistUp, 228.35
, DistFront, 119.68, DistDow, 123.95, DistUp, 229.52
, DistFront, 119.76, DistDow, 122.74, DistUp, 231.19
, DistFront, 120.70, DistDow, 123.16, DistUp, 291.31
, DistFront, 119.68, DistDow, 125.14, DistUp, 285.27
, DistFront, 120.97, DistDow, 123.47, DistUp, 230.77
, DistFront, 123.10, DistDow, 123.52, DistUp, 292.60
, DistFront, 122.77, DistDow, 123.61, DistUp, 442.09
, DistFront, 120.83, DistDow, 123.18, DistUp, 290.46
, DistFront, 120.63, DistDow, 123.23, DistUp, 291.84
, DistFront, 121.17, DistDow, 123.69, DistUp, 228.76
, DistFrontMean, 121.28, DistDowMean, 123.89, DistUpMean, 229.27
, DistFront, 121.56, DistDow, 123.69, DistUp, 230.43
, DistFront, 120.70, DistDow, 123.25, DistUp, 232.26
, DistFront, 121.26, DistDow, 125.05, DistUp, 230.61
, DistFront, 121.11, DistDow, 122.82, DistUp, 230.26
, DistFront, 121.53, DistDow, 122.82, DistUp, 291.62
, DistFront, 121.14, DistDow, 122.70, DistUp, 289.17
, DistFront, 123.23, DistDow, 123.71, DistUp, 231.17
, DistFront, 120.82, DistDow, 122.87, DistUp, 228.76
, DistFront, 120.43, DistDow, 124.63, DistUp, 230.90
, DistFront, 120.43, DistDow, 124.12, DistUp, 230.05
, DistFront, 122.21, DistDow, 122.45, DistUp, 229.13
, DistFront, 120.56, DistDow, 122.52, DistUp, 229.68
, DistFront, 122.57, DistDow, 122.96, DistUp, 235.49
, DistFront, 121.62, DistDow, 123.42, DistUp, 231.02
, DistFront, 121.38, DistDow, 123.47, DistUp, 230.17
, DistFront, 121.50, DistDow, 122.64, DistUp, 292.31
, DistFront, 120.73, DistDow, 124.42, DistUp, 229.61
, DistFront, 120.77, DistDow, 123.59, DistUp, 229.76
, DistFront, 121.62, DistDow, 123.18, DistUp, 230.90
, DistFront, 121.21, DistDow, 124.10, DistUp, 232.31
, DistFrontMean, 120.46, DistDowMean, 123.28, DistUpMean, 231.34
, DistFront, 123.64, DistDow, 123.11, DistUp, 232.33
, DistFront, 121.56, DistDow, 124.61, DistUp, 231.96
, DistFront, 123.27, DistDow, 123.64, DistUp, 231.14
, DistFront, 122.21, DistDow, 124.63, DistUp, 230.77
, DistFront, 121.82, DistDow, 125.14, DistUp, 232.81
, DistFront, 123.47, DistDow, 125.99, DistUp, 230.32
, DistFront, 123.47, DistDow, 125.03, DistUp, 232.87
, DistFront, 122.67, DistDow, 123.83, DistUp, 231.73
, DistFront, 123.47, DistDow, 124.27, DistUp, 231.26
, DistFront, 123.88, DistDow, 123.83, DistUp, 231.97
, DistFront, 121.70, DistDow, 126.38, DistUp, 234.03
, DistFront, 121.84, DistDow, 125.03, DistUp, 232.28
, DistFront, 121.38, DistDow, 123.76, DistUp, 232.35
, DistFront, 123.03, DistDow, 123.32, DistUp, 230.92
, DistFront, 121.77, DistDow, 124.56, DistUp, 230.41
, DistFront, 120.90, DistDow, 125.03, DistUp, 232.57
, DistFront, 120.92, DistDow, 125.49, DistUp, 231.28
, DistFront, 122.57, DistDow, 125.03, DistUp, 230.32
, DistFront, 122.47, DistDow, 124.61, DistUp, 229.88
, DistFront, 122.18, DistDow, 124.47, DistUp, 230.37
, DistFrontMean, 120.92, DistDowMean, 123.91, DistUpMean, 230.53
, DistFront, 122.89, DistDow, 125.92, DistUp, 232.70
, DistFront, 120.85, DistDow, 123.27, DistUp, 233.25
, DistFront, 120.75, DistDow, 124.61, DistUp, 231.55
, DistFront, 121.14, DistDow, 123.69, DistUp, 285.34
, DistFront, 121.14, DistDow, 125.02, DistUp, 283.69
, DistFront, 120.85, DistDow, 125.03, DistUp, 292.40
, DistFront, 121.12, DistDow, 124.05, DistUp, 230.19
, DistFront, 120.82, DistDow, 124.98, DistUp, 234.35
, DistFront, 121.02, DistDow, 124.46, DistUp, 231.34
, DistFront, 122.91, DistDow, 123.55, DistUp, 230.92
, DistFront, 122.26, DistDow, 125.34, DistUp, 230.60
, DistFront, 122.47, DistDow, 124.88, DistUp, 229.66
, DistFront, 121.38, DistDow, 123.49, DistUp, 231.04
, DistFront, 121.38, DistDow, 123.38, DistUp, 231.50
, DistFront, 120.95, DistDow, 124.68, DistUp, 230.27
, DistFront, 122.26, DistDow, 124.34, DistUp, 291.12
, DistFront, 121.05, DistDow, 125.66, DistUp, 284.59
, DistFront, 120.95, DistDow, 125.54, DistUp, 230.26
, DistFront, 120.88, DistDow, 125.19, DistUp, 230.73
, DistFront, 122.89, DistDow, 124.74, DistUp, 229.06
, DistFrontMean, 121.48, DistDowMean, 124.39, DistUpMean, 227.82
, DistFront, 122.16, DistDow, 122.93, DistUp, 229.49
, DistFront, 120.97, DistDow, 120.73, DistUp, 289.88
, DistFront, 121.02, DistDow, 124.27, DistUp, 289.91
, DistFront, 121.41, DistDow, 123.83, DistUp, 293.78
, DistFront, 120.97, DistDow, 124.98, DistUp, 230.85
, DistFront, 121.77, DistDow, 123.71, DistUp, 230.85
, DistFront, 121.19, DistDow, 121.96, DistUp, 229.18
, DistFront, 122.47, DistDow, 122.40, DistUp, 230.75
, DistFront, 121.21, DistDow, 125.02, DistUp, 230.07
, DistFront, 121.62, DistDow, 121.89, DistUp, 232.93
, DistFront, 121.24, DistDow, 122.81, DistUp, 234.06
, DistFront, 120.43, DistDow, 122.76, DistUp, 233.35
, DistFront, 122.06, DistDow, 123.62, DistUp, 230.75
, DistFront, 121.26, DistDow, 123.18, DistUp, 230.46
, DistFront, 120.41, DistDow, 123.52, DistUp, 229.66
, DistFront, 120.68, DistDow, 124.06, DistUp, 230.12
, DistFront, 120.48, DistDow, 122.81, DistUp, 229.32
, DistFront, 122.11, DistDow, 122.84, DistUp, 230.07
, DistFront, 120.46, DistDow, 122.40, DistUp, 229.74
, DistFront, 124.59, DistDow, 123.32, DistUp, 231.33
, DistFrontMean, 121.21, DistDowMean, 122.18, DistUpMean, 230.19
, DistFront, 122.84, DistDow, 122.41, DistUp, 230.49
, DistFront, 121.75, DistDow, 123.78, DistUp, 229.74
, DistFront, 120.95, DistDow, 124.23, DistUp, 230.90
, DistFront, 121.80, DistDow, 124.27, DistUp, 232.64
, DistFront, 121.60, DistDow, 125.60, DistUp, 233.33
, DistFront, 122.70, DistDow, 124.20, DistUp, 231.19
, DistFront, 121.05, DistDow, 122.55, DistUp, 291.38
, DistFront, 123.45, DistDow, 124.32, DistUp, 232.06
, DistFront, 123.06, DistDow, 123.47, DistUp, 229.81
, DistFront, 120.68, DistDow, 124.39, DistUp, 230.37
, DistFront, 122.70, DistDow, 124.30, DistUp, 230.73
, DistFront, 121.14, DistDow, 124.40, DistUp, 233.20
, DistFront, 121.62, DistDow, 123.11, DistUp, 230.99
, DistFront, 121.53, DistDow, 124.03, DistUp, 231.50
, DistFront, 121.60, DistDow, 125.34, DistUp, 442.21
, DistFront, 120.99, DistDow, 123.32, DistUp, 286.19
, DistFront, 121.38, DistDow, 126.53, DistUp, 230.77
, DistFront, 123.47, DistDow, 126.21, DistUp, 230.43
, DistFront, 121.55, DistDow, 122.76, DistUp, 285.49
, DistFront, 122.06, DistDow, 122.87, DistUp, 286.80
, DistFrontMean, 122.19, DistDowMean, 122.69, DistUpMean, 286.21
, DistFront, 122.19, DistDow, 127.33, DistUp, 233.06
, DistFront, 123.84, DistDow, 126.11, DistUp, 287.82
, DistFront, 122.74, DistDow, 126.05, DistUp, 234.18
, DistFront, 122.48, DistDow, 126.14, DistUp, 231.70
, DistFront, 121.97, DistDow, 125.85, DistUp, 231.26
, DistFront, 121.97, DistDow, 126.77, DistUp, 291.50
, DistFront, 122.60, DistDow, 125.78, DistUp, 293.59
, DistFront, 123.33, DistDow, 124.90, DistUp, 293.11
, DistFront, 124.17, DistDow, 126.31, DistUp, 294.34
, DistFront, 123.74, DistDow, 126.31, DistUp, 233.62
, DistFront, 123.28, DistDow, 126.77, DistUp, 442.87
, DistFront, 121.97, DistDow, 128.83, DistUp, 232.24
, DistFront, 122.11, DistDow, 128.47, DistUp, 230.17
, DistFront, 122.11, DistDow, 128.89, DistUp, 231.11
, DistFront, 122.81, DistDow, 128.76, DistUp, 231.09
, DistFront, 121.21, DistDow, 129.18, DistUp, 230.99
, DistFront, 121.89, DistDow, 3207.52, DistUp, 286.12
, DistFront, 122.77, DistDow, 133.84, DistUp, 231.82
, DistFront, 123.49, DistDow, 122.48, DistUp, 298.64
, DistFront, 122.28, DistDow, 123.32, DistUp, 229.83
, DistFrontMean, 122.31, DistDowMean, 121.67, DistUpMean, 228.62
, DistFront, 122.09, DistDow, 125.90, DistUp, 231.96
, DistFront, 122.19, DistDow, 123.67, DistUp, 284.25
, DistFront, 123.40, DistDow, 124.54, DistUp, 229.42
, DistFront, 121.92, DistDow, 124.88, DistUp, 231.60
, DistFront, 123.03, DistDow, 123.91, DistUp, 291.45
, DistFront, 123.16, DistDow, 122.55, DistUp, 231.41
, DistFront, 122.06, DistDow, 123.32, DistUp, 293.67
, DistFront, 120.90, DistDow, 123.62, DistUp, 291.67
, DistFront, 124.23, DistDow, 123.64, DistUp, 290.10
, DistFront, 125.92, DistDow, 124.83, DistUp, 231.67
, DistFront, 124.76, DistDow, 121.80, DistUp, 291.89
, DistFront, 123.33, DistDow, 3213.10, DistUp, 292.93
, DistFront, 122.33, DistDow, 125.70, DistUp, 230.60
, DistFront, 122.48, DistDow, 124.17, DistUp, 297.16
, DistFront, 123.32, DistDow, 124.54, DistUp, 291.75
, DistFront, 121.56, DistDow, 123.95, DistUp, 290.05
, DistFront, 123.04, DistDow, 126.33, DistUp, 293.04
, DistFront, 122.02, DistDow, 122.77, DistUp, 292.19
, DistFront, 120.95, DistDow, 3218.52, DistUp, 440.88
, DistFront, 123.59, DistDow, 121.55, DistUp, 301.97
, DistFrontMean, 119.20, DistDowMean, 121.62, DistUpMean, 300.32
, DistFront, 123.76, DistDow, 122.21, DistUp, 440.49
, DistFront, 120.49, DistDow, 121.26, DistUp, 440.54
, DistFront, 119.59, DistDow, 120.75, DistUp, 440.90
, DistFront, 119.13, DistDow, 124.63, DistUp, 440.77
, DistFront, 120.49, DistDow, 122.02, DistUp, 232.96
, DistFront, 119.27, DistDow, 123.83, DistUp, 231.31
, DistFront, 119.54, DistDow, 120.78, DistUp, 443.81
, DistFront, 119.63, DistDow, 121.24, DistUp, 231.70
, DistFront, 119.69, DistDow, 122.18, DistUp, 440.63
, DistFront, 118.91, DistDow, 121.31, DistUp, 440.56
, DistFront, 119.78, DistDow, 123.54, DistUp, 230.27
, DistFront, 119.40, DistDow, 121.34, DistUp, 232.06
, DistFront, 119.03, DistDow, 120.90, DistUp, 230.43
, DistFront, 120.26, DistDow, 120.90, DistUp, 441.11
, DistFront, 119.34, DistDow, 123.06, DistUp, 439.69
, DistFront, 120.63, DistDow, 121.31, DistUp, 440.54
, DistFront, 119.25, DistDow, 121.31, DistUp, 440.49
, DistFront, 119.34, DistDow, 122.16, DistUp, 440.17
, DistFront, 119.78, DistDow, 121.31, DistUp, 441.92
, DistFront, 120.26, DistDow, 120.90, DistUp, 441.39
, DistFrontMean, 119.98, DistDowMean, 120.66, DistUpMean, 230.32
, DistFront, 119.81, DistDow, 120.88, DistUp, 229.98
, DistFront, 118.91, DistDow, 121.28, DistUp, 230.83
, DistFront, 118.98, DistDow, 121.73, DistUp, 229.52
, DistFront, 119.35, DistDow, 121.28, DistUp, 230.34
, DistFront, 119.68, DistDow, 121.26, DistUp, 232.40
, DistFront, 119.25, DistDow, 121.70, DistUp, 440.85
, DistFront, 119.66, DistDow, 122.98, DistUp, 440.39
, DistFront, 118.91, DistDow, 122.09, DistUp, 440.83
, DistFront, 122.24, DistDow, 121.63, DistUp, 232.99
, DistFront, 120.05, DistDow, 121.21, DistUp, 441.28
, DistFront, 118.42, DistDow, 121.70, DistUp, 440.12
, DistFront, 122.93, DistDow, 121.77, DistUp, 295.10
, DistFront, 119.40, DistDow, 123.11, DistUp, 440.20
, DistFront, 123.10, DistDow, 124.90, DistUp, 442.55
, DistFront, 119.59, DistDow, 122.91, DistUp, 296.34
, DistFront, 120.07, DistDow, 123.40, DistUp, 231.14
, DistFront, 119.71, DistDow, 123.06, DistUp, 298.98
, DistFront, 120.82, DistDow, 122.82, DistUp, 294.52
, DistFront, 123.20, DistDow, 122.70, DistUp, 294.52
, DistFront, 121.21, DistDow, 125.41, DistUp, 292.89
, DistFrontMean, 122.26, DistDowMean, 122.93, DistUpMean, 290.83
, DistFront, 120.90, DistDow, 125.46, DistUp, 442.89
, DistFront, 120.48, DistDow, 125.39, DistUp, 294.13
, DistFront, 123.54, DistDow, 126.48, DistUp, 443.89
, DistFront, 120.78, DistDow, 122.67, DistUp, 230.85
, DistFront, 121.56, DistDow, 122.76, DistUp, 442.18
, DistFront, 121.82, DistDow, 123.67, DistUp, 231.26
, DistFront, 123.03, DistDow, 123.32, DistUp, 289.85
, DistFront, 121.70, DistDow, 126.82, DistUp, 231.24
, DistFront, 119.88, DistDow, 122.99, DistUp, 229.95
, DistFront, 122.47, DistDow, 125.24, DistUp, 230.90
, DistFront, 122.62, DistDow, 125.37, DistUp, 232.60
, DistFront, 122.11, DistDow, 134.35, DistUp, 230.12
, DistFront, 122.64, DistDow, 122.96, DistUp, 230.97
, DistFront, 120.73, DistDow, 124.30, DistUp, 232.16
, DistFront, 122.96, DistDow, 126.05, DistUp, 230.53
, DistFront, 124.12, DistDow, 126.56, DistUp, 232.35
, DistFront, 122.45, DistDow, 123.89, DistUp, 290.17
, DistFront, 122.84, DistDow, 126.17, DistUp, 232.11
, DistFront, 123.42, DistDow, 124.40, DistUp, 231.28
, DistFront, 122.91, DistDow, 129.05, DistUp, 233.76
, DistFrontMean, 122.04, DistDowMean, 126.50, DistUpMean, 291.85
, DistFront, 122.55, DistDow, 126.39, DistUp, 230.78
, DistFront, 122.31, DistDow, 128.49, DistUp, 446.12
, DistFront, 123.11, DistDow, 126.14, DistUp, 443.11
, DistFront, 122.45, DistDow, 127.04, DistUp, 443.62
, DistFront, 121.92, DistDow, 127.38, DistUp, 443.45
, DistFront, 122.06, DistDow, 125.95, DistUp, 442.53
, DistFront, 121.85, DistDow, 123.83, DistUp, 443.35
, DistFront, 122.69, DistDow, 123.84, DistUp, 292.99
, DistFront, 123.95, DistDow, 121.68, DistUp, 291.68
, DistFront, 121.70, DistDow, 124.18, DistUp, 293.42
, DistFront, 122.74, DistDow, 123.89, DistUp, 291.77
, DistFront, 122.06, DistDow, 123.98, DistUp, 290.56
, DistFront, 121.55, DistDow, 129.56, DistUp, 289.85
, DistFront, 122.48, DistDow, 127.38, DistUp, 232.74
, DistFront, 121.67, DistDow, 127.57, DistUp, 292.40
, DistFront, 122.21, DistDow, 125.54, DistUp, 292.48
, DistFront, 121.99, DistDow, 123.88, DistUp, 293.64
, DistFront, 121.24, DistDow, 124.52, DistUp, 292.93
, DistFront, 121.77, DistDow, 123.74, DistUp, 291.80
, DistFront, 121.38, DistDow, 125.90, DistUp, 291.90
, DistFrontMean, 121.21, DistDowMean, 123.10, DistUpMean, 441.92
, DistFront, 122.41, DistDow, 123.83, DistUp, 443.61
, DistFront, 122.48, DistDow, 124.95, DistUp, 294.74
, DistFront, 121.67, DistDow, 123.67, DistUp, 294.35
, DistFront, 122.19, DistDow, 124.95, DistUp, 443.83
, DistFront, 122.69, DistDow, 124.66, DistUp, 443.40
, DistFront, 122.64, DistDow, 124.74, DistUp, 444.42
, DistFront, 121.45, DistDow, 124.18, DistUp, 446.02
, DistFront, 123.16, DistDow, 124.30, DistUp, 443.88
, DistFront, 121.80, DistDow, 125.10, DistUp, 292.62
, DistFront, 122.60, DistDow, 123.18, DistUp, 444.20
, DistFront, 121.67, DistDow, 123.54, DistUp, 444.98
, DistFront, 122.47, DistDow, 124.39, DistUp, 293.27
, DistFront, 121.99, DistDow, 125.24, DistUp, 293.67
, DistFront, 122.33, DistDow, 123.47, DistUp, 443.98
, DistFront, 122.24, DistDow, 124.69, DistUp, 445.26
, DistFront, 121.85, DistDow, 125.03, DistUp, 446.39
, DistFront, 121.99, DistDow, 123.59, DistUp, 442.47
, DistFront, 124.59, DistDow, 123.52, DistUp, 294.18
, DistFront, 121.89, DistDow, 123.52, DistUp, 444.23
, DistFront, 121.92, DistDow, 123.89, DistUp, 442.41
, DistFrontMean, 122.53, DistDowMean, 124.17, DistUpMean, 440.95
, DistFront, 123.81, DistDow, 124.10, DistUp, 443.81
, DistFront, 125.63, DistDow, 125.10, DistUp, 443.47
, DistFront, 123.10, DistDow, 123.84, DistUp, 443.23
, DistFront, 121.89, DistDow, 124.78, DistUp, 442.82
, DistFront, 126.68, DistDow, 125.75, DistUp, 300.17
, DistFront, 125.53, DistDow, 126.62, DistUp, 443.62
, DistFront, 126.05, DistDow, 3223.13, DistUp, 293.27
, DistFront, 123.03, DistDow, 125.39, DistUp, 297.09
, DistFront, 123.49, DistDow, 125.41, DistUp, 299.63
, DistFront, 126.73, DistDow, 128.49, DistUp, 300.85
, DistFront, 122.98, DistDow, 127.47, DistUp, 443.88
, DistFront, 122.53, DistDow, 126.31, DistUp, 443.83
, DistFront, 126.09, DistDow, 131.63, DistUp, 233.74
, DistFront, 125.78, DistDow, 3220.24, DistUp, 443.64
, DistFront, 121.73, DistDow, 125.34, DistUp, 443.11
, DistFront, 125.63, DistDow, 123.27, DistUp, 444.10
, DistFront, 124.88, DistDow, 124.23, DistUp, 293.96
, DistFront, 123.13, DistDow, 125.03, DistUp, 443.67
, DistFront, 122.28, DistDow, 126.05, DistUp, 445.48
, DistFront, 123.13, DistDow, 127.69, DistUp, 446.19
, DistFrontMean, 122.93, DistDowMean, 122.69, DistUpMean, 441.56
, DistFront, 123.20, DistDow, 124.74, DistUp, 443.23
, DistFront, 124.03, DistDow, 123.89, DistUp, 444.59
, DistFront, 121.89, DistDow, 123.33, DistUp, 444.00
, DistFront, 122.19, DistDow, 124.30, DistUp, 443.20
, DistFront, 121.80, DistDow, 124.69, DistUp, 443.88
, DistFront, 122.64, DistDow, 126.38, DistUp, 442.98
, DistFront, 122.18, DistDow, 122.82, DistUp, 444.27
, DistFront, 122.16, DistDow, 123.28, DistUp, 442.48
, DistFront, 122.98, DistDow, 124.10, DistUp, 442.99
, DistFront, 123.33, DistDow, 124.05, DistUp, 442.48
, DistFront, 123.25, DistDow, 124.42, DistUp, 442.81
, DistFront, 121.80, DistDow, 123.27, DistUp, 442.67
, DistFront, 121.41, DistDow, 123.38, DistUp, 442.77
, DistFront, 122.33, DistDow, 123.42, DistUp, 443.61
, DistFront, 121.92, DistDow, 123.47, DistUp, 442.35
, DistFront, 122.89, DistDow, 123.98, DistUp, 443.18
, DistFront, 121.60, DistDow, 123.52, DistUp, 442.45
, DistFront, 122.89, DistDow, 124.34, DistUp, 442.77
, DistFront, 122.40, DistDow, 123.06, DistUp, 442.67
, DistFront, 121.53, DistDow, 124.85, DistUp, 443.13
, DistFrontMean, 120.83, DistDowMean, 124.06, DistUpMean, 441.12
, DistFront, 122.70, DistDow, 124.18, DistUp, 444.35
, DistFront, 122.21, DistDow, 125.10, DistUp, 442.60
, DistFront, 121.28, DistDow, 122.87, DistUp, 443.03
, DistFront, 125.24, DistDow, 124.13, DistUp, 290.95
, DistFront, 125.99, DistDow, 123.23, DistUp, 443.38
, DistFront, 121.99, DistDow, 126.26, DistUp, 443.45
, DistFront, 121.48, DistDow, 123.95, DistUp, 442.84
, DistFront, 124.47, DistDow, 124.23, DistUp, 292.09
, DistFront, 125.24, DistDow, 124.54, DistUp, 292.55
, DistFront, 124.46, DistDow, 124.18, DistUp, 442.55
, DistFront, 120.34, DistDow, 123.62, DistUp, 443.67
, DistFront, 122.64, DistDow, 124.74, DistUp, 293.55
, DistFront, 120.48, DistDow, 127.64, DistUp, 441.17
, DistFront, 121.24, DistDow, 126.70, DistUp, 441.55
, DistFront, 121.28, DistDow, 123.62, DistUp, 291.02
, DistFront, 119.59, DistDow, 123.18, DistUp, 288.49
, DistFront, 120.03, DistDow, 121.60, DistUp, 291.39
, DistFront, 121.73, DistDow, 122.41, DistUp, 444.20
, DistFront, 122.09, DistDow, 121.92, DistUp, 288.55
, DistFront, 120.75, DistDow, 122.21, DistUp, 285.27
, DistFrontMean, 121.82, DistDowMean, 122.04, DistUpMean, 288.45
, DistFront, 121.14, DistDow, 122.28, DistUp, 283.69
, DistFront, 121.56, DistDow, 122.26, DistUp, 281.92
, DistFront, 121.96, DistDow, 125.31, DistUp, 289.88
, DistFront, 120.99, DistDow, 123.95, DistUp, 442.06
, DistFront, 121.46, DistDow, 122.18, DistUp, 441.89
, DistFront, 120.97, DistDow, 122.57, DistUp, 290.19
, DistFront, 122.33, DistDow, 123.89, DistUp, 441.14
, DistFront, 121.48, DistDow, 122.18, DistUp, 286.80
, DistFront, 121.48, DistDow, 122.21, DistUp, 288.10
, DistFront, 122.87, DistDow, 121.34, DistUp, 283.69
, DistFront, 122.06, DistDow, 122.38, DistUp, 442.18
, DistFront, 121.73, DistDow, 123.76, DistUp, 441.70
, DistFront, 122.74, DistDow, 122.57, DistUp, 284.68
, DistFront, 122.35, DistDow, 124.27, DistUp, 285.56
, DistFront, 123.33, DistDow, 122.28, DistUp, 286.55
, DistFront, 122.98, DistDow, 122.81, DistUp, 290.20
, DistFront, 123.47, DistDow, 122.33, DistUp, 285.24
, DistFront, 122.69, DistDow, 123.74, DistUp, 288.55
, DistFront, 124.13, DistDow, 122.67, DistUp, 295.24
, DistFront, 123.78, DistDow, 123.13, DistUp, 296.89
, DistFrontMean, 123.98, DistDowMean, 122.48, DistUpMean, 230.48
, DistFront, 120.61, DistDow, 123.18, DistUp, 285.68
, DistFront, 124.27, DistDow, 124.49, DistUp, 443.61
, DistFront, 124.27, DistDow, 124.49, DistUp, 441.77
, DistFront, 123.40, DistDow, 121.85, DistUp, 284.05
, DistFront, 123.78, DistDow, 123.96, DistUp, 443.06
, DistFront, 123.18, DistDow, 123.52, DistUp, 296.85
, DistFront, 123.62, DistDow, 122.55, DistUp, 289.78
, DistFront, 123.59, DistDow, 122.09, DistUp, 285.66
, DistFront, 124.00, DistDow, 122.52, DistUp, 288.18
, DistFront, 122.53, DistDow, 122.82, DistUp, 442.89
, DistFront, 122.38, DistDow, 124.10, DistUp, 442.87
, DistFront, 121.56, DistDow, 123.18, DistUp, 292.11
, DistFront, 121.09, DistDow, 122.67, DistUp, 442.69
, DistFront, 120.66, DistDow, 124.68, DistUp, 441.75
, DistFront, 121.46, DistDow, 122.99, DistUp, 442.67
, DistFront, 121.84, DistDow, 124.27, DistUp, 444.39
, DistFront, 121.39, DistDow, 126.02, DistUp, 441.67
, DistFront, 120.49, DistDow, 126.82, DistUp, 292.02
, DistFront, 122.19, DistDow, 126.38, DistUp, 286.90
, DistFront, 120.83, DistDow, 124.59, DistUp, 291.84
, DistFrontMean, 120.19, DistDowMean, 121.77, DistUpMean, 290.46
, DistFront, 120.85, DistDow, 122.47, DistUp, 292.26
, DistFront, 121.73, DistDow, 124.54, DistUp, 441.99
, DistFront, 122.13, DistDow, 124.91, DistUp, 441.90
, DistFront, 121.63, DistDow, 124.13, DistUp, 441.96
, DistFront, 123.98, DistDow, 124.54, DistUp, 441.48
, DistFront, 121.11, DistDow, 127.93, DistUp, 441.41
, DistFront, 122.70, DistDow, 124.03, DistUp, 441.38
, DistFront, 120.60, DistDow, 126.05, DistUp, 441.26
, DistFront, 122.24, DistDow, 124.71, DistUp, 441.24
, DistFront, 121.46, DistDow, 124.39, DistUp, 440.92
, DistFront, 120.54, DistDow, 123.95, DistUp, 441.33
, DistFront, 122.62, DistDow, 123.06, DistUp, 440.90
, DistFront, 120.99, DistDow, 123.54, DistUp, 440.82
, DistFront, 122.69, DistDow, 124.46, DistUp, 443.03
, DistFront, 122.70, DistDow, 125.77, DistUp, 441.31
, DistFront, 123.96, DistDow, 125.31, DistUp, 441.84
, DistFront, 121.14, DistDow, 125.75, DistUp, 319.18
, DistFront, 123.89, DistDow, 128.28, DistUp, 319.06
, DistFront, 123.32, DistDow, 3233.04, DistUp, 440.77
, DistFront, 122.45, DistDow, 3262.69, DistUp, 442.26
, DistFrontMean, 122.70, DistDowMean, 3222.18, DistUpMean, 440.17
, DistFront, 122.48, DistDow, 122.77, DistUp, 439.20
, DistFront, 120.26, DistDow, 124.10, DistUp, 441.39
, DistFront, 121.84, DistDow, 123.06, DistUp, 440.48
, DistFront, 120.02, DistDow, 123.88, DistUp, 440.73
, DistFront, 120.82, DistDow, 124.63, DistUp, 441.21
, DistFront, 122.35, DistDow, 3267.33, DistUp, 440.41
, DistFront, 123.59, DistDow, 3214.74, DistUp, 440.75
, DistFront, 121.60, DistDow, 122.82, DistUp, 440.92
, DistFront, 122.24, DistDow, 126.89, DistUp, 317.24
, DistFront, 122.18, DistDow, 3246.89, DistUp, 439.27
, DistFront, 119.17, DistDow, 3244.81, DistUp, 439.06
, DistFront, 121.11, DistDow, 3249.83, DistUp, 439.85
, DistFront, 121.70, DistDow, 121.19, DistUp, 439.49
, DistFront, 122.55, DistDow, 3252.11, DistUp, 438.59
, DistFront, 122.47, DistDow, 123.18, DistUp, 320.95
, DistFront, 123.38, DistDow, 122.41, DistUp, 320.02
, DistFront, 122.53, DistDow, 121.99, DistUp, 320.92
, DistFront, 122.11, DistDow, 3243.33, DistUp, 439.88
, DistFront, 123.55, DistDow, 3231.19, DistUp, 439.95
, DistFront, 121.53, DistDow, 124.10, DistUp, 439.17
, DistFrontMean, 120.48, DistDowMean, 122.02, DistUpMean, 441.28
, DistFront, 121.62, DistDow, 125.82, DistUp, 439.49
, DistFront, 122.11, DistDow, 122.91, DistUp, 440.49
, DistFront, 119.91, DistDow, 123.27, DistUp, 440.48
, DistFront, 121.28, DistDow, 124.74, DistUp, 441.05
, DistFront, 123.03, DistDow, 124.74, DistUp, 440.27
, DistFront, 120.85, DistDow, 125.14, DistUp, 441.05
, DistFront, 122.06, DistDow, 123.20, DistUp, 322.13
, DistFront, 123.69, DistDow, 121.96, DistUp, 320.53
, DistFront, 122.48, DistDow, 121.45, DistUp, 321.28
, DistFront, 124.63, DistDow, 122.31, DistUp, 320.95
, DistFront, 120.70, DistDow, 3266.02, DistUp, 440.17
, DistFront, 123.35, DistDow, 3222.19, DistUp, 439.63
, DistFront, 120.14, DistDow, 123.59, DistUp, 439.88
, DistFront, 120.49, DistDow, 123.03, DistUp, 439.46
, DistFront, 120.82, DistDow, 123.33, DistUp, 439.27
, DistFront, 120.31, DistDow, 123.23, DistUp, 441.04
, DistFront, 122.74, DistDow, 123.03, DistUp, 297.35
, DistFront, 119.63, DistDow, 122.98, DistUp, 294.34
, DistFront, 119.95, DistDow, 123.67, DistUp, 294.32
, DistFront, 120.31, DistDow, 124.47, DistUp, 439.05
, DistFrontMean, 120.43, DistDowMean, 124.30, DistUpMean, 440.34
, DistFront, 121.05, DistDow, 126.26, DistUp, 440.26
, DistFront, 118.69, DistDow, 3255.97, DistUp, 439.10
, DistFront, 118.27, DistDow, 123.84, DistUp, 438.71
, DistFront, 119.98, DistDow, 122.06, DistUp, 438.69
, DistFront, 119.98, DistDow, 125.90, DistUp, 439.00
, DistFront, 119.54, DistDow, 122.53, DistUp, 439.40
, DistFront, 119.95, DistDow, 122.52, DistUp, 439.03
, DistFront, 119.05, DistDow, 122.91, DistUp, 438.55
, DistFront, 120.82, DistDow, 121.62, DistUp, 439.49
, DistFront, 118.20, DistDow, 122.06, DistUp, 440.37
, DistFront, 118.69, DistDow, 121.19, DistUp, 439.46
, DistFront, 119.17, DistDow, 122.57, DistUp, 439.10
, DistFront, 119.23, DistDow, 123.06, DistUp, 441.84
, DistFront, 119.71, DistDow, 121.34, DistUp, 441.50
, DistFront, 118.89, DistDow, 123.18, DistUp, 439.76
, DistFront, 120.27, DistDow, 123.23, DistUp, 440.37
, DistFront, 119.49, DistDow, 121.99, DistUp, 440.32
, DistFront, 119.54, DistDow, 123.38, DistUp, 438.62
, DistFront, 121.73, DistDow, 122.53, DistUp, 440.53
, DistFront, 121.39, DistDow, 123.76, DistUp, 439.20
, DistFrontMean, 118.59, DistDowMean, 122.84, DistUpMean, 437.52
, DistFront, 119.71, DistDow, 122.96, DistUp, 295.63
, DistFront, 120.19, DistDow, 122.57, DistUp, 439.25
, DistFront, 120.63, DistDow, 124.10, DistUp, 440.90
, DistFront, 120.68, DistDow, 121.90, DistUp, 439.74
, DistFront, 123.33, DistDow, 126.77, DistUp, 440.19
, DistFront, 122.48, DistDow, 121.50, DistUp, 440.05
, DistFront, 123.04, DistDow, 121.09, DistUp, 440.24
, DistFront, 123.49, DistDow, 3222.02, DistUp, 440.61
, DistFront, 123.06, DistDow, 130.27, DistUp, 440.61
, DistFront, 123.49, DistDow, 128.69, DistUp, 236.14
, DistFront, 122.84, DistDow, 3251.67, DistUp, 441.04
, DistFront, 123.52, DistDow, 127.87, DistUp, 318.40
, DistFront, 124.54, DistDow, 129.74, DistUp, 443.35
, DistFront, 124.20, DistDow, 128.49, DistUp, 441.73
, DistFront, 124.68, DistDow, 129.46, DistUp, 442.19
, DistFront, 124.18, DistDow, 3257.06, DistUp, 444.98
, DistFront, 120.73, DistDow, 123.23, DistUp, 441.99
, DistFront, 121.14, DistDow, 123.23, DistUp, 444.12
, DistFront, 121.99, DistDow, 122.26, DistUp, 441.09
, DistFront, 120.99, DistDow, 123.03, DistUp, 441.53
, DistFrontMean, 119.83, DistDowMean, 121.38, DistUpMean, 442.31
, DistFront, 120.41, DistDow, 124.23, DistUp, 440.90
, DistFront, 120.78, DistDow, 123.23, DistUp, 440.49
, DistFront, 121.48, DistDow, 122.74, DistUp, 441.33
, DistFront, 120.26, DistDow, 121.75, DistUp, 440.32
, DistFront, 119.78, DistDow, 123.06, DistUp, 441.26
, DistFront, 121.89, DistDow, 121.70, DistUp, 440.70
, DistFront, 121.05, DistDow, 122.57, DistUp, 441.63
, DistFront, 121.11, DistDow, 122.18, DistUp, 441.14
, DistFront, 119.85, DistDow, 121.34, DistUp, 440.41
, DistFront, 121.62, DistDow, 123.16, DistUp, 441.19
, DistFront, 120.02, DistDow, 123.27, DistUp, 440.97
, DistFront, 121.41, DistDow, 122.06, DistUp, 442.33
, DistFront, 121.11, DistDow, 122.16, DistUp, 441.89
, DistFront, 120.75, DistDow, 123.18, DistUp, 441.67
, DistFront, 120.78, DistDow, 121.85, DistUp, 441.28
, DistFront, 121.70, DistDow, 123.25, DistUp, 442.55
, DistFront, 121.73, DistDow, 122.82, DistUp, 441.70
, DistFront, 121.73, DistDow, 123.27, DistUp, 441.02
, DistFront, 120.88, DistDow, 122.40, DistUp, 441.41
, DistFront, 122.16, DistDow, 123.23, DistUp, 442.69
, DistFrontMean, 121.24, DistDowMean, 123.06, DistUpMean, 442.13
, DistFront, 122.04, DistDow, 121.80, DistUp, 442.98
, DistFront, 120.77, DistDow, 122.69, DistUp, 443.10
, DistFront, 120.32, DistDow, 124.39, DistUp, 441.77
, DistFront, 120.88, DistDow, 121.84, DistUp, 441.77
, DistFront, 120.88, DistDow, 123.64, DistUp, 442.28
, DistFront, 121.56, DistDow, 123.06, DistUp, 444.54
, DistFront, 122.13, DistDow, 124.06, DistUp, 441.77
, DistFront, 121.84, DistDow, 123.32, DistUp, 442.74
, DistFront, 123.20, DistDow, 123.03, DistUp, 441.92
, DistFront, 122.41, DistDow, 123.52, DistUp, 442.84
, DistFront, 121.80, DistDow, 123.16, DistUp, 302.96
, DistFront, 122.33, DistDow, 123.03, DistUp, 441.34
, DistFront, 122.57, DistDow, 124.13, DistUp, 441.68
, DistFront, 123.28, DistDow, 121.90, DistUp, 440.85
, DistFront, 121.39, DistDow, 122.60, DistUp, 440.78
, DistFront, 121.09, DistDow, 121.39, DistUp, 440.19
, DistFront, 121.09, DistDow, 122.40, DistUp, 439.78
, DistFront, 120.39, DistDow, 121.68, DistUp, 440.56
, DistFront, 118.59, DistDow, 120.68, DistUp, 438.74
, DistFront, 118.88, DistDow, 117.99, DistUp, 297.09
, DistFrontMean, 116.75, DistDowMean, 116.62, DistUpMean, 436.46
, DistFront, 116.11, DistDow, 116.41, DistUp, 294.88
, DistFront, 113.67, DistDow, 112.21, DistUp, 378.32
, DistFront, 110.20, DistDow, 110.34, DistUp, 296.99
, DistFront, 105.88, DistDow, 110.20, DistUp, 288.38
, DistFront, 103.61, DistDow, 105.54, DistUp, 264.03
, DistFront, 98.03, DistDow, 110.14, DistUp, 422.04
, DistFront, 94.98, DistDow, 95.85, DistUp, 417.81
, DistFront, 4.13, DistDow, 219.18, DistUp, 82.99
, DistFront, 566.24, DistDow, 0.00, DistUp, 341.12
, DistFront, 283.71, DistDow, 3308.28, DistUp, 327.38
, DistFront, 67.57, DistDow, 68.83, DistUp, 327.74
, DistFront, 69.05, DistDow, 69.20, DistUp, 326.67
, DistFront, 69.42, DistDow, 69.34, DistUp, 260.48
, DistFront, 70.32, DistDow, 69.74, DistUp, 254.13
, DistFront, 69.47, DistDow, 69.71, DistUp, 261.50
, DistFront, 68.62, DistDow, 70.24, DistUp, 252.93
, DistFront, 67.62, DistDow, 3284.90, DistUp, 336.14
, DistFront, 65.46, DistDow, 3270.02, DistUp, 245.02
, DistFront, 64.85, DistDow, 3305.83, DistUp, 244.68
, DistFront, 64.42, DistDow, 279.00, DistUp, 246.68
, DistFrontMean, 64.00, DistDowMean, 280.02, DistUpMean, 243.40
, DistFront, 64.90, DistDow, 280.19, DistUp, 244.32
, DistFront, 64.32, DistDow, 3322.41, DistUp, 247.96
, DistFront, 63.61, DistDow, 65.32, DistUp, 243.64
, DistFront, 62.70, DistDow, 65.78, DistUp, 242.45
, DistFront, 62.35, DistDow, 66.70, DistUp, 244.13
, DistFront, 62.60, DistDow, 208.16, DistUp, 245.88
, DistFront, 63.98, DistDow, 62.45, DistUp, 242.70
, DistFront, 65.19, DistDow, 64.52, DistUp, 245.73
, DistFront, 68.54, DistDow, 66.55, DistUp, 246.04
, DistFront, 65.26, DistDow, 67.02, DistUp, 245.73
, DistFront, 65.34, DistDow, 66.68, DistUp, 246.33
, DistFront, 66.60, DistDow, 66.75, DistUp, 244.12
, DistFront, 67.28, DistDow, 66.26, DistUp, 246.41
, DistFront, 68.38, DistDow, 68.35, DistUp, 243.95
, DistFront, 68.74, DistDow, 203.13, DistUp, 236.73
, DistFront, 67.45, DistDow, 68.11, DistUp, 198.11
, DistFront, 67.91, DistDow, 66.02, DistUp, 237.38
, DistFront, 65.82, DistDow, 65.97, DistUp, 239.83
, DistFront, 63.38, DistDow, 65.37, DistUp, 211.38
, DistFront, 63.67, DistDow, 65.27, DistUp, 209.46
, DistFrontMean, 63.62, DistDowMean, 64.78, DistUpMean, 236.17
, DistFront, 63.88, DistDow, 65.24, DistUp, 239.98
, DistFront, 62.99, DistDow, 64.40, DistUp, 237.70
, DistFront, 63.04, DistDow, 66.02, DistUp, 239.17
, DistFront, 64.46, DistDow, 67.69, DistUp, 240.12
, DistFront, 65.92, DistDow, 72.64, DistUp, 202.93
, DistFront, 67.60, DistDow, 284.03, DistUp, 242.04
, DistFront, 281.55, DistDow, 283.47, DistUp, 242.24
, DistFront, 68.10, DistDow, 282.38, DistUp, 240.27
, DistFront, 68.23, DistDow, 71.05, DistUp, 202.33
, DistFront, 68.27, DistDow, 69.54, DistUp, 205.34
, DistFront, 66.63, DistDow, 70.05, DistUp, 239.35
, DistFront, 67.19, DistDow, 70.14, DistUp, 239.42
, DistFront, 66.75, DistDow, 69.32, DistUp, 207.04
, DistFront, 66.46, DistDow, 68.84, DistUp, 239.54
, DistFront, 65.82, DistDow, 67.64, DistUp, 241.67
, DistFront, 65.95, DistDow, 67.28, DistUp, 210.63
, DistFront, 65.49, DistDow, 66.56, DistUp, 213.54
, DistFront, 66.38, DistDow, 66.46, DistUp, 240.48
, DistFront, 66.31, DistDow, 67.19, DistUp, 237.24
, DistFront, 66.96, DistDow, 65.68, DistUp, 236.09
, DistFrontMean, 66.68, DistDowMean, 65.70, DistUpMean, 235.20
, DistFront, 66.70, DistDow, 67.09, DistUp, 237.45
, DistFront, 67.69, DistDow, 66.73, DistUp, 236.17
, DistFront, 71.48, DistDow, 65.99, DistUp, 236.97
, DistFront, 70.99, DistDow, 65.82, DistUp, 237.04
, DistFront, 70.10, DistDow, 66.21, DistUp, 238.55
, DistFront, 71.68, DistDow, 66.63, DistUp, 236.31
, DistFront, 71.55, DistDow, 66.73, DistUp, 201.14
, DistFront, 71.45, DistDow, 66.50, DistUp, 238.67
, DistFront, 66.62, DistDow, 66.80, DistUp, 237.84
, DistFront, 65.75, DistDow, 69.32, DistUp, 205.77
, DistFront, 64.97, DistDow, 70.90, DistUp, 237.18
, DistFront, 65.53, DistDow, 282.53, DistUp, 237.38
, DistFront, 66.31, DistDow, 288.11, DistUp, 237.55
, DistFront, 66.33, DistDow, 207.82, DistUp, 238.91
, DistFront, 66.21, DistDow, 207.53, DistUp, 184.90
, DistFront, 65.82, DistDow, 209.25, DistUp, 245.68
, DistFront, 65.49, DistDow, 69.66, DistUp, 244.20
, DistFront, 65.34, DistDow, 68.52, DistUp, 241.70
, DistFront, 64.88, DistDow, 68.16, DistUp, 241.67
, DistFront, 65.27, DistDow, 68.04, DistUp, 242.89
, DistFrontMean, 65.68, DistDowMean, 67.93, DistUpMean, 243.64
, DistFront, 65.14, DistDow, 67.87, DistUp, 243.69
, DistFront, 64.83, DistDow, 67.16, DistUp, 242.06
, DistFront, 64.78, DistDow, 68.06, DistUp, 244.42
, DistFront, 65.27, DistDow, 68.35, DistUp, 243.67
, DistFront, 65.20, DistDow, 68.76, DistUp, 238.64
, DistFront, 64.56, DistDow, 68.32, DistUp, 240.02
, DistFront, 65.19, DistDow, 69.61, DistUp, 238.27
, DistFront, 65.41, DistDow, 210.10, DistUp, 244.95
, DistFront, 65.46, DistDow, 64.74, DistUp, 241.04
, DistFront, 65.05, DistDow, 3273.16, DistUp, 244.25
, DistFront, 64.68, DistDow, 3286.56, DistUp, 244.18
, DistFront, 68.47, DistDow, 67.09, DistUp, 246.99
, DistFront, 68.47, DistDow, 67.96, DistUp, 243.23
, DistFront, 68.27, DistDow, 67.40, DistUp, 243.96
, DistFront, 67.38, DistDow, 66.89, DistUp, 237.31
, DistFront, 68.11, DistDow, 66.80, DistUp, 242.57
, DistFront, 69.30, DistDow, 66.31, DistUp, 242.18
, DistFront, 69.27, DistDow, 66.19, DistUp, 238.95
, DistFront, 64.40, DistDow, 65.95, DistUp, 240.82
, DistFront, 64.32, DistDow, 65.95, DistUp, 239.10
, DistFrontMean, 65.20, DistDowMean, 65.88, DistUpMean, 237.70
, DistFront, 64.23, DistDow, 65.78, DistUp, 244.42
, DistFront, 64.83, DistDow, 65.90, DistUp, 242.26
, DistFront, 64.18, DistDow, 65.83, DistUp, 240.53
, DistFront, 64.56, DistDow, 65.27, DistUp, 238.13
, DistFront, 64.18, DistDow, 65.83, DistUp, 236.48
, DistFront, 70.27, DistDow, 65.43, DistUp, 242.64
, DistFront, 70.26, DistDow, 65.48, DistUp, 239.76
, DistFront, 68.20, DistDow, 66.28, DistUp, 236.48
, DistFront, 66.73, DistDow, 66.90, DistUp, 244.39
, DistFront, 65.03, DistDow, 67.82, DistUp, 245.56
, DistFront, 65.05, DistDow, 208.91, DistUp, 261.60
, DistFront, 67.28, DistDow, 64.46, DistUp, 245.95
, DistFront, 68.55, DistDow, 202.96, DistUp, 243.76
, DistFront, 68.20, DistDow, 203.84, DistUp, 236.45
, DistFront, 69.35, DistDow, 65.41, DistUp, 237.84
, DistFront, 69.90, DistDow, 202.70, DistUp, 241.21
, DistFront, 69.20, DistDow, 205.90, DistUp, 239.76
, DistFront, 70.19, DistDow, 201.80, DistUp, 238.10
, DistFront, 70.75, DistDow, 202.87, DistUp, 237.81
, DistFront, 66.04, DistDow, 205.90, DistUp, 241.21
, DistFrontMean, 69.74, DistDowMean, 204.18, DistUpMean, 235.54
, DistFront, 68.95, DistDow, 71.97, DistUp, 247.70
, DistFront, 66.92, DistDow, 70.19, DistUp, 239.46
, DistFront, 66.28, DistDow, 71.04, DistUp, 243.23
, DistFront, 67.06, DistDow, 70.56, DistUp, 262.09
, DistFront, 67.21, DistDow, 70.75, DistUp, 244.13
, DistFront, 66.31, DistDow, 70.61, DistUp, 242.45
, DistFront, 66.28, DistDow, 70.85, DistUp, 275.48
, DistFront, 66.67, DistDow, 70.95, DistUp, 246.21
, DistFront, 66.33, DistDow, 72.62, DistUp, 246.14
, DistFront, 66.96, DistDow, 71.38, DistUp, 243.96
, DistFront, 66.05, DistDow, 206.55, DistUp, 243.91
, DistFront, 66.73, DistDow, 205.54, DistUp, 243.67
, DistFront, 66.11, DistDow, 206.92, DistUp, 265.03
, DistFront, 66.28, DistDow, 205.31, DistUp, 392.69
, DistFront, 65.85, DistDow, 206.46, DistUp, 244.13
, DistFront, 65.63, DistDow, 68.10, DistUp, 245.26
, DistFront, 65.27, DistDow, 66.39, DistUp, 242.19
, DistFront, 65.17, DistDow, 66.68, DistUp, 242.53
, DistFront, 64.03, DistDow, 67.04, DistUp, 244.59
, DistFront, 64.18, DistDow, 208.74, DistUp, 242.76
, DistFrontMean, 64.83, DistDowMean, 205.31, DistUpMean, 235.68
, DistFront, 68.49, DistDow, 66.05, DistUp, 236.97
, DistFront, 63.62, DistDow, 64.74, DistUp, 207.48
, DistFront, 62.67, DistDow, 64.13, DistUp, 238.55
, DistFront, 62.69, DistDow, 64.47, DistUp, 212.84
, DistFront, 62.99, DistDow, 64.76, DistUp, 236.89
, DistFront, 63.76, DistDow, 65.05, DistUp, 237.35
, DistFront, 63.81, DistDow, 64.59, DistUp, 237.16
, DistFront, 64.78, DistDow, 65.10, DistUp, 238.38
, DistFront, 64.88, DistDow, 64.27, DistUp, 237.62
, DistFront, 64.68, DistDow, 64.90, DistUp, 239.39
, DistFront, 64.68, DistDow, 64.12, DistUp, 239.46
, DistFront, 64.35, DistDow, 64.13, DistUp, 238.32
, DistFront, 65.27, DistDow, 64.30, DistUp, 237.96
, DistFront, 64.95, DistDow, 64.52, DistUp, 238.83
, DistFront, 64.63, DistDow, 64.68, DistUp, 238.88
, DistFront, 64.25, DistDow, 64.68, DistUp, 240.10
, DistFront, 65.07, DistDow, 65.26, DistUp, 238.91
, DistFront, 64.59, DistDow, 64.42, DistUp, 237.69
, DistFront, 64.68, DistDow, 64.81, DistUp, 240.61
, DistFront, 65.07, DistDow, 64.52, DistUp, 239.90
, DistFrontMean, 64.78, DistDowMean, 64.88, DistUpMean, 238.45
, DistFront, 65.92, DistDow, 65.70, DistUp, 241.92
, DistFront, 65.19, DistDow, 64.63, DistUp, 239.97
, DistFront, 64.78, DistDow, 65.27, DistUp, 240.66
, DistFront, 64.83, DistDow, 64.59, DistUp, 239.40
, DistFront, 64.88, DistDow, 64.74, DistUp, 238.55
, DistFront, 65.27, DistDow, 64.83, DistUp, 238.95
, DistFront, 65.75, DistDow, 65.60, DistUp, 240.20
, DistFront, 65.73, DistDow, 65.19, DistUp, 238.52
, DistFront, 65.73, DistDow, 64.78, DistUp, 238.55
, DistFront, 65.73, DistDow, 64.78, DistUp, 239.12
, DistFront, 65.68, DistDow, 64.74, DistUp, 238.67
, DistFront, 66.04, DistDow, 64.68, DistUp, 241.39
, DistFront, 65.99, DistDow, 65.75, DistUp, 238.35
, DistFront, 65.88, DistDow, 65.78, DistUp, 237.84
, DistFront, 66.80, DistDow, 65.32, DistUp, 236.55
, DistFront, 65.39, DistDow, 65.75, DistUp, 238.64
, DistFront, 65.32, DistDow, 65.73, DistUp, 238.61
, DistFront, 65.73, DistDow, 65.31, DistUp, 238.27
, DistFront, 64.88, DistDow, 65.19, DistUp, 238.98
, DistFront, 64.88, DistDow, 65.27, DistUp, 237.82
, DistFrontMean, 65.39, DistDowMean, 65.17, DistUpMean, 236.90
, DistFront, 65.41, DistDow, 65.99, DistUp, 236.85
, DistFront, 65.02, DistDow, 65.75, DistUp, 238.55
, DistFront, 65.85, DistDow, 65.78, DistUp, 239.49
, DistFront, 65.41, DistDow, 65.43, DistUp, 239.85
, DistFront, 65.07, DistDow, 65.60, DistUp, 237.87
, DistFront, 65.12, DistDow, 66.09, DistUp, 237.09
, DistFront, 65.56, DistDow, 66.14, DistUp, 237.96
, DistFront, 64.78, DistDow, 65.75, DistUp, 238.84
, DistFront, 64.76, DistDow, 65.60, DistUp, 238.04
, DistFront, 65.20, DistDow, 65.31, DistUp, 239.74
, DistFront, 65.24, DistDow, 65.56, DistUp, 237.28
, DistFront, 64.39, DistDow, 65.19, DistUp, 237.77
, DistFront, 64.78, DistDow, 66.11, DistUp, 238.47
, DistFront, 64.34, DistDow, 65.34, DistUp, 207.96
, DistFront, 64.42, DistDow, 65.63, DistUp, 209.32
, DistFront, 64.30, DistDow, 65.54, DistUp, 238.78
, DistFront, 63.88, DistDow, 65.95, DistUp, 236.70
, DistFront, 64.27, DistDow, 66.46, DistUp, 207.67
, DistFront, 64.30, DistDow, 66.31, DistUp, 207.13
, DistFront, 64.27, DistDow, 66.45, DistUp, 237.28
, DistFrontMean, 65.60, DistDowMean, 65.92, DistUpMean, 235.02
, DistFront, 68.28, DistDow, 67.02, DistUp, 238.78
, DistFront, 69.52, DistDow, 66.77, DistUp, 199.32
, DistFront, 68.18, DistDow, 67.24, DistUp, 203.81
, DistFront, 67.82, DistDow, 67.55, DistUp, 237.06
, DistFront, 67.35, DistDow, 203.81, DistUp, 236.73
, DistFront, 66.73, DistDow, 206.46, DistUp, 239.17
, DistFront, 68.78, DistDow, 203.49, DistUp, 237.24
, DistFront, 68.38, DistDow, 205.66, DistUp, 242.13
, DistFront, 68.04, DistDow, 70.92, DistUp, 245.54
, DistFront, 68.52, DistDow, 69.20, DistUp, 243.04
, DistFront, 68.67, DistDow, 68.11, DistUp, 199.91
, DistFront, 68.71, DistDow, 68.59, DistUp, 236.92
, DistFront, 68.62, DistDow, 69.42, DistUp, 239.25
, DistFront, 67.77, DistDow, 204.30, DistUp, 240.90
, DistFront, 68.25, DistDow, 203.88, DistUp, 239.74
, DistFront, 68.35, DistDow, 203.83, DistUp, 237.40
, DistFront, 68.76, DistDow, 203.54, DistUp, 238.38
, DistFront, 70.19, DistDow, 70.17, DistUp, 242.57
, DistFront, 70.32, DistDow, 69.88, DistUp, 239.39
, DistFront, 69.17, DistDow, 69.23, DistUp, 125.61
, DistFrontMean, 69.20, DistDowMean, 69.98, DistUpMean, 241.46
, DistFront, 70.43, DistDow, 70.02, DistUp, 238.45
, DistFront, 70.05, DistDow, 68.91, DistUp, 238.47
, DistFront, 69.27, DistDow, 69.06, DistUp, 240.07
, DistFront, 69.71, DistDow, 69.42, DistUp, 242.53
, DistFront, 69.32, DistDow, 69.03, DistUp, 239.66
, DistFront, 69.34, DistDow, 69.03, DistUp, 239.18
, DistFront, 69.32, DistDow, 70.31, DistUp, 126.19
, DistFront, 70.14, DistDow, 70.56, DistUp, 239.95
, DistFront, 69.56, DistDow, 70.41, DistUp, 238.40
, DistFront, 69.23, DistDow, 203.52, DistUp, 393.04
, DistFront, 68.71, DistDow, 203.62, DistUp, 262.38
, DistFront, 66.97, DistDow, 203.54, DistUp, 243.61
, DistFront, 66.50, DistDow, 205.17, DistUp, 244.42
, DistFront, 66.82, DistDow, 204.23, DistUp, 244.35
, DistFront, 67.06, DistDow, 204.66, DistUp, 245.12
, DistFront, 66.89, DistDow, 204.23, DistUp, 246.97
, DistFront, 65.85, DistDow, 205.88, DistUp, 273.27
, DistFront, 66.90, DistDow, 71.75, DistUp, 140.90
, DistFront, 66.82, DistDow, 70.32, DistUp, 246.80
, DistFront, 66.75, DistDow, 68.62, DistUp, 270.90
, DistFrontMean, 65.85, DistDowMean, 67.99, DistUpMean, 244.95
, DistFront, 66.62, DistDow, 67.47, DistUp, 245.88
, DistFront, 67.04, DistDow, 66.70, DistUp, 336.68
, DistFront, 65.60, DistDow, 67.16, DistUp, 248.32
, DistFront, 65.24, DistDow, 67.87, DistUp, 246.85
, DistFront, 64.39, DistDow, 67.76, DistUp, 251.53
, DistFront, 63.96, DistDow, 66.38, DistUp, 255.82
, DistFront, 65.46, DistDow, 65.61, DistUp, 243.96
, DistFront, 65.83, DistDow, 67.31, DistUp, 243.13
, DistFront, 66.24, DistDow, 70.83, DistUp, 249.25
, DistFront, 277.19, DistDow, 66.89, DistUp, 254.49
, DistFront, 70.82, DistDow, 3282.77, DistUp, 243.35
, DistFront, 4.03, DistDow, 54.90, DistUp, 251.97
, DistFront, 65.92, DistDow, 67.52, DistUp, 252.31
, DistFront, 65.75, DistDow, 68.16, DistUp, 251.90
, DistFront, 64.78, DistDow, 67.67, DistUp, 244.97
, DistFront, 65.05, DistDow, 68.25, DistUp, 245.26
, DistFront, 64.98, DistDow, 67.52, DistUp, 250.19
, DistFront, 66.09, DistDow, 67.19, DistUp, 246.41
, DistFront, 64.69, DistDow, 69.78, DistUp, 245.05
, DistFront, 65.53, DistDow, 69.35, DistUp, 198.88
, DistFrontMean, 68.20, DistDowMean, 67.33, DistUpMean, 242.40
, DistFront, 68.33, DistDow, 66.97, DistUp, 242.02
, DistFront, 65.53, DistDow, 66.45, DistUp, 240.61
, DistFront, 64.39, DistDow, 65.39, DistUp, 240.07
, DistFront, 64.59, DistDow, 65.99, DistUp, 208.42
, DistFront, 65.60, DistDow, 67.24, DistUp, 240.37
, DistFront, 67.04, DistDow, 70.43, DistUp, 206.17
, DistFront, 68.61, DistDow, 67.96, DistUp, 240.99
, DistFront, 74.32, DistDow, 69.71, DistUp, 244.68
, DistFront, 66.67, DistDow, 286.68, DistUp, 255.14
, DistFront, 66.90, DistDow, 73.98, DistUp, 244.25
, DistFront, 67.38, DistDow, 210.17, DistUp, 244.40
, DistFront, 66.04, DistDow, 213.03, DistUp, 241.85
, DistFront, 66.92, DistDow, 287.19, DistUp, 251.31
, DistFront, 285.12, DistDow, 70.27, DistUp, 243.28
, DistFront, 285.63, DistDow, 70.48, DistUp, 242.19
, DistFront, 284.56, DistDow, 68.35, DistUp, 242.48
, DistFront, 284.61, DistDow, 68.06, DistUp, 244.30
, DistFront, 283.96, DistDow, 68.83, DistUp, 242.53
, DistFront, 283.88, DistDow, 68.76, DistUp, 242.02
, DistFront, 284.78, DistDow, 68.38, DistUp, 241.28
, DistFrontMean, 285.17, DistDowMean, 68.18, DistUpMean, 240.12
, DistFront, 285.17, DistDow, 69.52, DistUp, 241.24
, DistFront, 284.00, DistDow, 68.96, DistUp, 242.99
, DistFront, 284.06, DistDow, 68.54, DistUp, 243.06
, DistFront, 71.41, DistDow, 69.06, DistUp, 241.11
, DistFront, 210.27, DistDow, 69.63, DistUp, 242.81
, DistFront, 284.56, DistDow, 68.91, DistUp, 240.78
, DistFront, 285.31, DistDow, 69.52, DistUp, 241.28
, DistFront, 285.12, DistDow, 69.06, DistUp, 240.70
, DistFront, 286.21, DistDow, 69.98, DistUp, 243.27
, DistFront, 286.02, DistDow, 71.11, DistUp, 243.42
, DistFront, 289.32, DistDow, 287.89, DistUp, 243.16
, DistFront, 69.00, DistDow, 288.40, DistUp, 250.46
, DistFront, 70.03, DistDow, 207.99, DistUp, 251.90
, DistFront, 70.17, DistDow, 208.04, DistUp, 241.63
, DistFront, 68.62, DistDow, 288.71, DistUp, 250.05
, DistFront, 67.89, DistDow, 289.27, DistUp, 250.99
, DistFront, 67.89, DistDow, 289.63, DistUp, 242.04
, DistFront, 66.75, DistDow, 71.17, DistUp, 241.75
, DistFront, 68.40, DistDow, 71.68, DistUp, 242.24
, DistFront, 67.60, DistDow, 71.21, DistUp, 243.54
, DistFrontMean, 68.42, DistDowMean, 71.11, DistUpMean, 240.99
, DistFront, 67.96, DistDow, 71.46, DistUp, 244.39
, DistFront, 66.85, DistDow, 70.77, DistUp, 243.13
, DistFront, 67.55, DistDow, 71.50, DistUp, 243.64
, DistFront, 66.82, DistDow, 71.62, DistUp, 243.27
, DistFront, 66.70, DistDow, 71.75, DistUp, 243.78
, DistFront, 67.13, DistDow, 72.13, DistUp, 243.45
, DistFront, 66.85, DistDow, 73.13, DistUp, 253.40
, DistFront, 66.75, DistDow, 72.48, DistUp, 252.02
, DistFront, 68.11, DistDow, 74.46, DistUp, 241.45
, DistFront, 67.24, DistDow, 74.00, DistUp, 242.31
, DistFront, 68.27, DistDow, 75.99, DistUp, 244.59
, DistFront, 67.84, DistDow, 212.93, DistUp, 245.46
, DistFront, 68.74, DistDow, 210.37, DistUp, 245.90
, DistFront, 69.63, DistDow, 208.98, DistUp, 244.32
, DistFront, 70.12, DistDow, 207.62, DistUp, 243.54
, DistFront, 69.83, DistDow, 207.89, DistUp, 242.69
, DistFront, 70.73, DistDow, 207.02, DistUp, 244.83
, DistFront, 71.17, DistDow, 288.20, DistUp, 243.88
, DistFront, 70.39, DistDow, 73.23, DistUp, 243.81
, DistFront, 73.74, DistDow, 75.66, DistUp, 89.90
, DistFrontMean, 71.90, DistDowMean, 73.16, DistUpMean, 124.40
, DistFront, 72.11, DistDow, 75.73, DistUp, 244.23
, DistFront, 71.75, DistDow, 72.99, DistUp, 125.31
, DistFront, 71.75, DistDow, 72.98, DistUp, 207.57
, DistFront, 72.52, DistDow, 72.57, DistUp, 242.99
, DistFront, 72.16, DistDow, 73.25, DistUp, 207.16
, DistFront, 72.99, DistDow, 73.03, DistUp, 209.35
, DistFront, 72.87, DistDow, 73.13, DistUp, 205.60
, DistFront, 73.45, DistDow, 73.11, DistUp, 205.99
, DistFront, 72.16, DistDow, 73.23, DistUp, 210.10
, DistFront, 72.11, DistDow, 72.69, DistUp, 124.06
, DistFront, 72.98, DistDow, 73.13, DistUp, 122.52
, DistFront, 73.84, DistDow, 72.28, DistUp, 123.32
, DistFront, 72.19, DistDow, 72.84, DistUp, 401.04
, DistFront, 71.80, DistDow, 72.31, DistUp, 102.52
, DistFront, 71.89, DistDow, 73.27, DistUp, 100.02
, DistFront, 72.98, DistDow, 73.64, DistUp, 205.20
, DistFront, 71.80, DistDow, 74.30, DistUp, 241.97
, DistFront, 71.46, DistDow, 73.23, DistUp, 126.67
, DistFront, 71.50, DistDow, 73.59, DistUp, 206.09
, DistFront, 71.48, DistDow, 73.76, DistUp, 206.89
, DistFrontMean, 71.41, DistDowMean, 74.56, DistUpMean, 122.81
, DistFront, 71.80, DistDow, 74.61, DistUp, 124.52
, DistFront, 71.96, DistDow, 74.54, DistUp, 123.89
, DistFront, 72.21, DistDow, 205.12, DistUp, 244.61
, DistFront, 71.09, DistDow, 75.34, DistUp, 122.67
, DistFront, 71.96, DistDow, 203.61, DistUp, 242.93
, DistFront, 73.13, DistDow, 73.81, DistUp, 100.54
, DistFront, 68.81, DistDow, 73.38, DistUp, 107.24
, DistFront, 71.96, DistDow, 73.95, DistUp, 102.70
, DistFront, 72.04, DistDow, 74.18, DistUp, 242.21
, DistFront, 72.09, DistDow, 75.61, DistUp, 91.62
, DistFront, 69.30, DistDow, 73.49, DistUp, 127.40
, DistFront, 72.93, DistDow, 73.98, DistUp, 124.34
, DistFront, 71.77, DistDow, 73.59, DistUp, 124.81
, DistFront, 71.28, DistDow, 74.00, DistUp, 126.53
, DistFront, 71.24, DistDow, 73.45, DistUp, 123.69
, DistFront, 73.64, DistDow, 73.06, DistUp, 92.06
, DistFront, 70.82, DistDow, 74.63, DistUp, 124.54
, DistFront, 71.11, DistDow, 74.23, DistUp, 243.47
, DistFront, 71.50, DistDow, 205.85, DistUp, 246.38
, DistFront, 71.84, DistDow, 74.88, DistUp, 124.85
, DistFrontMean, 71.02, DistDowMean, 74.90, DistUpMean, 123.83
, DistFront, 71.34, DistDow, 205.82, DistUp, 244.63
, DistFront, 71.73, DistDow, 205.99, DistUp, 246.26
, DistFront, 70.46, DistDow, 205.88, DistUp, 244.56
, DistFront, 70.39, DistDow, 75.24, DistUp, 124.56
, DistFront, 71.60, DistDow, 205.17, DistUp, 243.69
, DistFront, 70.31, DistDow, 207.67, DistUp, 244.49
, DistFront, 71.48, DistDow, 205.61, DistUp, 244.49
, DistFront, 71.73, DistDow, 205.60, DistUp, 244.71
, DistFront, 70.99, DistDow, 207.24, DistUp, 243.89
, DistFront, 71.77, DistDow, 74.42, DistUp, 123.32
, DistFront, 71.39, DistDow, 73.28, DistUp, 124.18
, DistFront, 70.99, DistDow, 73.28, DistUp, 243.47
, DistFront, 72.21, DistDow, 204.42, DistUp, 243.03
, DistFront, 71.34, DistDow, 73.32, DistUp, 124.20
, DistFront, 70.99, DistDow, 206.50, DistUp, 243.03
, DistFront, 71.04, DistDow, 75.31, DistUp, 245.03
, DistFront, 70.07, DistDow, 73.38, DistUp, 95.70
, DistFront, 71.48, DistDow, 206.33, DistUp, 248.13
, DistFront, 70.68, DistDow, 207.64, DistUp, 243.52
, DistFront, 70.73, DistDow, 207.21, DistUp, 244.00
, DistFrontMean, 70.34, DistDowMean, 206.04, DistUpMean, 244.34
, DistFront, 71.14, DistDow, 206.82, DistUp, 243.23
, DistFront, 71.17, DistDow, 205.83, DistUp, 244.78
, DistFront, 71.17, DistDow, 207.81, DistUp, 244.10
, DistFront, 71.09, DistDow, 206.92, DistUp, 242.84
, DistFront, 70.34, DistDow, 207.40, DistUp, 244.56
, DistFront, 70.73, DistDow, 207.02, DistUp, 243.69
, DistFront, 70.27, DistDow, 207.41, DistUp, 243.69
, DistFront, 71.09, DistDow, 208.33, DistUp, 244.95
, DistFront, 70.24, DistDow, 207.02, DistUp, 243.67
, DistFront, 70.19, DistDow, 207.87, DistUp, 243.62
, DistFront, 70.14, DistDow, 207.57, DistUp, 209.90
, DistFront, 70.07, DistDow, 207.62, DistUp, 243.98
, DistFront, 70.46, DistDow, 207.64, DistUp, 245.19
, DistFront, 69.56, DistDow, 208.98, DistUp, 395.54
, DistFront, 69.49, DistDow, 208.20, DistUp, 254.06
, DistFront, 69.03, DistDow, 209.10, DistUp, 243.84
, DistFront, 68.61, DistDow, 208.69, DistUp, 245.02
, DistFront, 69.39, DistDow, 208.20, DistUp, 253.61
, DistFront, 68.55, DistDow, 208.69, DistUp, 244.66
, DistFront, 68.54, DistDow, 208.69, DistUp, 244.20
, DistFrontMean, 69.40, DistDowMean, 206.24, DistUpMean, 251.46
, DistFront, 68.67, DistDow, 211.56, DistUp, 251.99
, DistFront, 69.85, DistDow, 208.67, DistUp, 244.95
, DistFront, 69.46, DistDow, 207.74, DistUp, 242.93
, DistFront, 69.42, DistDow, 208.16, DistUp, 254.81
, DistFront, 69.42, DistDow, 207.31, DistUp, 243.81
, DistFront, 68.59, DistDow, 208.11, DistUp, 244.18
, DistFront, 69.39, DistDow, 207.76, DistUp, 277.13
, DistFront, 69.78, DistDow, 207.35, DistUp, 244.59
, DistFront, 69.34, DistDow, 207.31, DistUp, 244.17
, DistFront, 69.34, DistDow, 208.64, DistUp, 243.76
, DistFront, 68.47, DistDow, 208.62, DistUp, 242.47
, DistFront, 69.23, DistDow, 207.82, DistUp, 242.84
, DistFront, 68.33, DistDow, 75.73, DistUp, 203.55
, DistFront, 69.18, DistDow, 73.62, DistUp, 243.11
, DistFront, 68.40, DistDow, 73.42, DistUp, 207.91
, DistFront, 69.61, DistDow, 72.60, DistUp, 244.76
, DistFront, 69.76, DistDow, 72.60, DistUp, 207.69
, DistFront, 71.90, DistDow, 71.89, DistUp, 209.91
, DistFront, 71.48, DistDow, 71.31, DistUp, 211.62
, DistFront, 71.48, DistDow, 71.33, DistUp, 209.46
, DistFrontMean, 72.76, DistDowMean, 71.12, DistUpMean, 240.34
, DistFront, 285.10, DistDow, 71.50, DistUp, 243.25
, DistFront, 284.69, DistDow, 71.90, DistUp, 243.27
, DistFront, 286.38, DistDow, 71.34, DistUp, 242.38
, DistFront, 67.60, DistDow, 70.77, DistUp, 212.89
, DistFront, 67.60, DistDow, 71.31, DistUp, 242.82
, DistFront, 67.99, DistDow, 71.24, DistUp, 241.68
, DistFront, 67.60, DistDow, 71.38, DistUp, 243.35
, DistFront, 66.75, DistDow, 71.73, DistUp, 244.27
, DistFront, 66.85, DistDow, 71.84, DistUp, 244.27
, DistFront, 67.64, DistDow, 72.69, DistUp, 242.69
, DistFront, 66.70, DistDow, 211.05, DistUp, 244.00
, DistFront, 67.52, DistDow, 210.41, DistUp, 245.31
, DistFront, 67.38, DistDow, 73.67, DistUp, 252.76
, DistFront, 67.33, DistDow, 73.62, DistUp, 243.74
, DistFront, 67.28, DistDow, 72.93, DistUp, 243.28
, DistFront, 67.98, DistDow, 72.91, DistUp, 252.60
, DistFront, 67.45, DistDow, 213.27, DistUp, 244.00
, DistFront, 67.69, DistDow, 210.85, DistUp, 254.95
, DistFront, 67.11, DistDow, 72.55, DistUp, 244.18
, DistFront, 67.38, DistDow, 210.92, DistUp, 251.04
, DistFrontMean, 66.53, DistDowMean, 210.53, DistUpMean, 250.41
, DistFront, 67.28, DistDow, 212.98, DistUp, 252.13
, DistFront, 67.60, DistDow, 208.71, DistUp, 252.47
, DistFront, 66.73, DistDow, 209.54, DistUp, 264.27
, DistFront, 66.75, DistDow, 208.64, DistUp, 243.40
, DistFront, 66.34, DistDow, 74.34, DistUp, 276.33
, DistFront, 66.80, DistDow, 210.53, DistUp, 242.18
, DistFront, 66.50, DistDow, 74.32, DistUp, 242.19
, DistFront, 66.14, DistDow, 210.24, DistUp, 342.70
, DistFront, 67.09, DistDow, 75.10, DistUp, 251.70
, DistFront, 66.92, DistDow, 210.49, DistUp, 244.97
, DistFront, 66.55, DistDow, 73.71, DistUp, 340.19
, DistFront, 66.63, DistDow, 78.64, DistUp, 244.68
, DistFront, 67.48, DistDow, 211.90, DistUp, 242.26
, DistFront, 67.96, DistDow, 209.54, DistUp, 243.95
, DistFront, 67.93, DistDow, 74.34, DistUp, 254.17
, DistFront, 67.96, DistDow, 73.03, DistUp, 254.18
, DistFront, 67.60, DistDow, 209.90, DistUp, 242.67
, DistFront, 67.09, DistDow, 211.31, DistUp, 242.18
, DistFront, 67.48, DistDow, 210.34, DistUp, 242.13
, DistFront, 67.04, DistDow, 210.54, DistUp, 244.18
, DistFrontMean, 66.67, DistDowMean, 211.39, DistUpMean, 240.39
, DistFront, 67.87, DistDow, 209.27, DistUp, 243.76
, DistFront, 66.56, DistDow, 209.59, DistUp, 321.92
, DistFront, 66.99, DistDow, 210.14, DistUp, 253.64
, DistFront, 66.99, DistDow, 210.90, DistUp, 251.04
, DistFront, 66.99, DistDow, 210.60, DistUp, 251.11
, DistFront, 67.11, DistDow, 209.66, DistUp, 243.74
, DistFront, 66.97, DistDow, 211.92, DistUp, 252.82
, DistFront, 67.93, DistDow, 209.66, DistUp, 244.18
, DistFront, 67.84, DistDow, 210.26, DistUp, 249.95
, DistFront, 67.04, DistDow, 210.66, DistUp, 251.17
, DistFront, 67.45, DistDow, 210.14, DistUp, 243.88
, DistFront, 67.41, DistDow, 210.17, DistUp, 253.71
, DistFront, 68.62, DistDow, 207.69, DistUp, 253.69
, DistFront, 67.33, DistDow, 288.45, DistUp, 252.40
, DistFront, 67.77, DistDow, 288.83, DistUp, 251.99
, DistFront, 67.69, DistDow, 209.74, DistUp, 253.67
, DistFront, 67.69, DistDow, 209.69, DistUp, 252.81
, DistFront, 67.69, DistDow, 211.34, DistUp, 254.91
, DistFront, 68.95, DistDow, 208.42, DistUp, 254.52
, DistFront, 68.59, DistDow, 209.69, DistUp, 255.03
, DistFrontMean, 68.69, DistDowMean, 206.84, DistUpMean, 252.96
, DistFront, 68.71, DistDow, 209.95, DistUp, 255.19
, DistFront, 69.30, DistDow, 75.34, DistUp, 125.90
, DistFront, 68.16, DistDow, 73.98, DistUp, 279.78
, DistFront, 68.18, DistDow, 212.21, DistUp, 253.64
, DistFront, 68.28, DistDow, 209.61, DistUp, 391.55
, DistFront, 68.04, DistDow, 210.61, DistUp, 242.99
, DistFront, 68.20, DistDow, 208.55, DistUp, 255.49
, DistFront, 68.33, DistDow, 212.70, DistUp, 276.41
, DistFront, 68.54, DistDow, 76.41, DistUp, 205.92
, DistFront, 68.89, DistDow, 75.26, DistUp, 244.69
, DistFront, 67.70, DistDow, 73.49, DistUp, 244.27
, DistFront, 68.55, DistDow, 75.37, DistUp, 390.63
, DistFront, 67.76, DistDow, 74.66, DistUp, 205.26
, DistFront, 67.76, DistDow, 211.89, DistUp, 244.71
, DistFront, 67.74, DistDow, 257.57, DistUp, 243.89
, DistFront, 68.13, DistDow, 210.60, DistUp, 393.62
, DistFront, 68.61, DistDow, 212.87, DistUp, 252.64
, DistFront, 68.64, DistDow, 288.83, DistUp, 251.90
, DistFront, 68.69, DistDow, 210.10, DistUp, 251.97
, DistFront, 68.74, DistDow, 209.66, DistUp, 252.76
, DistFrontMean, 68.81, DistDowMean, 209.06, DistUpMean, 243.74
, DistFront, 69.66, DistDow, 213.28, DistUp, 393.76
, DistFront, 69.34, DistDow, 214.17, DistUp, 251.17
, DistFront, 68.98, DistDow, 212.81, DistUp, 265.46
, DistFront, 70.32, DistDow, 209.97, DistUp, 253.96
, DistFront, 69.98, DistDow, 209.54, DistUp, 254.76
, DistFront, 70.03, DistDow, 209.54, DistUp, 250.68
, DistFront, 70.05, DistDow, 209.56, DistUp, 391.09
, DistFront, 70.05, DistDow, 210.90, DistUp, 250.24
, DistFront, 70.05, DistDow, 210.83, DistUp, 249.42
, DistFront, 70.43, DistDow, 210.10, DistUp, 250.56
, DistFront, 70.43, DistDow, 209.54, DistUp, 249.39
, DistFront, 69.88, DistDow, 210.83, DistUp, 250.63
, DistFront, 70.39, DistDow, 209.05, DistUp, 256.04
, DistFront, 69.54, DistDow, 211.53, DistUp, 255.17
, DistFront, 69.47, DistDow, 209.30, DistUp, 253.10
, DistFront, 69.42, DistDow, 211.77, DistUp, 256.67
, DistFront, 69.39, DistDow, 209.69, DistUp, 253.27
, DistFront, 69.78, DistDow, 210.99, DistUp, 252.40
, DistFront, 68.55, DistDow, 211.34, DistUp, 254.03
, DistFront, 69.46, DistDow, 210.05, DistUp, 255.27
, DistFrontMean, 67.93, DistDowMean, 210.43, DistUpMean, 253.18
, DistFront, 69.42, DistDow, 210.41, DistUp, 245.37
, DistFront, 67.96, DistDow, 212.53, DistUp, 254.54
, DistFront, 68.10, DistDow, 287.62, DistUp, 256.21
, DistFront, 68.69, DistDow, 210.82, DistUp, 255.56
, DistFront, 68.18, DistDow, 210.60, DistUp, 241.85
, DistFront, 67.84, DistDow, 211.11, DistUp, 243.74
, DistFront, 68.69, DistDow, 211.67, DistUp, 252.02
, DistFront, 67.91, DistDow, 212.77, DistUp, 251.53
, DistFront, 68.76, DistDow, 209.97, DistUp, 242.21
, DistFront, 68.33, DistDow, 209.95, DistUp, 244.71
, DistFront, 67.64, DistDow, 287.13, DistUp, 253.32
, DistFront, 67.96, DistDow, 213.32, DistUp, 254.69
, DistFront, 67.93, DistDow, 210.17, DistUp, 256.77
, DistFront, 68.35, DistDow, 210.97, DistUp, 254.34
, DistFront, 67.99, DistDow, 211.77, DistUp, 252.67
, DistFront, 67.91, DistDow, 211.38, DistUp, 253.06
, DistFront, 67.96, DistDow, 214.27, DistUp, 243.67
, DistFront, 69.30, DistDow, 211.38, DistUp, 252.89
, DistFront, 68.55, DistDow, 211.31, DistUp, 253.38
, DistFront, 68.64, DistDow, 288.35, DistUp, 93.74
, DistFrontMean, 68.32, DistDowMean, 285.88, DistUpMean, 243.84
, DistFront, 69.59, DistDow, 211.50, DistUp, 253.42
, DistFront, 69.23, DistDow, 214.42, DistUp, 244.10
, DistFront, 68.95, DistDow, 75.19, DistUp, 253.18
, DistFront, 70.24, DistDow, 75.75, DistUp, 254.17
, DistFront, 69.49, DistDow, 76.26, DistUp, 245.05
, DistFront, 69.13, DistDow, 76.31, DistUp, 245.88
, DistFront, 70.03, DistDow, 75.39, DistUp, 246.33
, DistFront, 70.53, DistDow, 209.66, DistUp, 243.88
, DistFront, 70.26, DistDow, 211.17, DistUp, 246.90
, DistFront, 69.54, DistDow, 76.70, DistUp, 242.77
, DistFront, 69.66, DistDow, 75.95, DistUp, 245.34
, DistFront, 70.19, DistDow, 78.28, DistUp, 203.47
, DistFront, 70.32, DistDow, 75.26, DistUp, 245.14
, DistFront, 69.98, DistDow, 210.32, DistUp, 244.35
, DistFront, 70.32, DistDow, 212.48, DistUp, 243.54
, DistFront, 71.34, DistDow, 210.34, DistUp, 255.56
, DistFront, 71.39, DistDow, 210.37, DistUp, 244.42
, DistFront, 70.60, DistDow, 209.49, DistUp, 245.24
, DistFront, 71.39, DistDow, 208.67, DistUp, 254.39
, DistFront, 71.28, DistDow, 209.13, DistUp, 254.90
, DistFrontMean, 70.56, DistDowMean, 207.53, DistUpMean, 253.47
, DistFront, 70.92, DistDow, 209.63, DistUp, 255.34
, DistFront, 70.34, DistDow, 208.35, DistUp, 253.20
, DistFront, 70.68, DistDow, 208.38, DistUp, 244.49
, DistFront, 70.27, DistDow, 211.39, DistUp, 254.39
, DistFront, 71.45, DistDow, 210.60, DistUp, 244.40
, DistFront, 71.80, DistDow, 209.34, DistUp, 393.49
, DistFront, 70.46, DistDow, 208.95, DistUp, 243.88
, DistFront, 71.19, DistDow, 208.52, DistUp, 245.39
, DistFront, 70.31, DistDow, 210.63, DistUp, 244.52
, DistFront, 70.27, DistDow, 208.78, DistUp, 244.18
, DistFront, 70.99, DistDow, 209.30, DistUp, 245.39
, DistFront, 70.24, DistDow, 209.69, DistUp, 244.54
, DistFront, 70.24, DistDow, 208.78, DistUp, 243.67
, DistFront, 69.85, DistDow, 209.59, DistUp, 243.67
, DistFront, 70.24, DistDow, 208.98, DistUp, 254.42
, DistFront, 70.63, DistDow, 75.19, DistUp, 243.98
, DistFront, 69.39, DistDow, 76.46, DistUp, 255.88
, DistFront, 69.39, DistDow, 76.85, DistUp, 244.34
, DistFront, 69.00, DistDow, 75.19, DistUp, 244.30
, DistFront, 71.50, DistDow, 75.61, DistUp, 206.90
, DistFrontMean, 69.00, DistDowMean, 74.83, DistUpMean, 206.56
, DistFront, 69.40, DistDow, 75.12, DistUp, 208.55
, DistFront, 69.05, DistDow, 74.91, DistUp, 210.70
, DistFront, 69.05, DistDow, 74.25, DistUp, 207.33
, DistFront, 68.64, DistDow, 74.27, DistUp, 242.99
, DistFront, 69.10, DistDow, 74.18, DistUp, 210.19
, DistFront, 68.74, DistDow, 74.74, DistUp, 208.59
, DistFront, 69.61, DistDow, 74.71, DistUp, 242.28
, DistFront, 69.13, DistDow, 75.60, DistUp, 244.03
, DistFront, 69.27, DistDow, 75.10, DistUp, 244.05
, DistFront, 69.30, DistDow, 75.24, DistUp, 243.96
, DistFront, 69.32, DistDow, 75.27, DistUp, 207.38
, DistFront, 70.46, DistDow, 75.19, DistUp, 209.06
, DistFront, 69.32, DistDow, 75.70, DistUp, 207.41
, DistFront, 69.71, DistDow, 75.02, DistUp, 205.41
, DistFront, 69.69, DistDow, 209.56, DistUp, 255.26
, DistFront, 69.66, DistDow, 288.10, DistUp, 255.19
, DistFront, 70.02, DistDow, 209.40, DistUp, 244.13
, DistFront, 70.05, DistDow, 209.91, DistUp, 397.98
, DistFront, 70.03, DistDow, 210.43, DistUp, 394.20
, DistFront, 70.39, DistDow, 209.05, DistUp, 340.05
, DistFrontMean, 69.97, DistDowMean, 207.99, DistUpMean, 396.50
, DistFront, 70.77, DistDow, 208.78, DistUp, 397.82
, DistFront, 71.09, DistDow, 208.42, DistUp, 264.42
, DistFront, 71.84, DistDow, 207.40, DistUp, 250.60
, DistFront, 288.40, DistDow, 290.66, DistUp, 3.78
, DistFront, 289.10, DistDow, 290.27, DistUp, 249.05
, DistFront, 289.20, DistDow, 290.63, DistUp, 263.28
, DistFront, 313.18, DistDow, 290.56, DistUp, 249.34
, DistFront, 291.46, DistDow, 290.46, DistUp, 249.95
, DistFront, 287.91, DistDow, 289.76, DistUp, 248.04
, DistFront, 287.35, DistDow, 289.63, DistUp, 250.03
, DistFront, 288.06, DistDow, 289.06, DistUp, 249.88
, DistFront, 280.14, DistDow, 289.42, DistUp, 248.54
, DistFront, 287.18, DistDow, 288.88, DistUp, 249.27
, DistFront, 287.89, DistDow, 289.74, DistUp, 248.45
, DistFront, 287.74, DistDow, 290.05, DistUp, 3429.46
, DistFront, 66.62, DistDow, 210.49, DistUp, 263.78
, DistFront, 67.31, DistDow, 210.54, DistUp, 391.09
, DistFront, 66.90, DistDow, 72.19, DistUp, 241.90
, DistFront, 284.90, DistDow, 70.82, DistUp, 243.27
, DistFront, 285.77, DistDow, 69.83, DistUp, 241.45
, DistFrontMean, 71.48, DistDowMean, 69.95, DistUpMean, 240.48
, DistFront, 68.95, DistDow, 207.40, DistUp, 241.39
, DistFront, 72.77, DistDow, 71.14, DistUp, 124.40
, DistFront, 67.70, DistDow, 70.20, DistUp, 240.95
, DistFront, 67.91, DistDow, 232.76, DistUp, 242.35
, DistFront, 68.16, DistDow, 284.05, DistUp, 241.90
, DistFront, 68.35, DistDow, 209.46, DistUp, 242.89
, DistFront, 68.06, DistDow, 207.38, DistUp, 244.54
, DistFront, 68.89, DistDow, 71.31, DistUp, 241.96
, DistFront, 68.88, DistDow, 73.11, DistUp, 244.27
, DistFront, 68.32, DistDow, 71.99, DistUp, 208.13
, DistFront, 73.74, DistDow, 71.63, DistUp, 121.84
, DistFront, 70.03, DistDow, 208.91, DistUp, 241.97
, DistFront, 72.06, DistDow, 70.77, DistUp, 242.09
, DistFront, 69.61, DistDow, 72.64, DistUp, 244.40
, DistFront, 67.64, DistDow, 74.34, DistUp, 207.67
, DistFront, 68.55, DistDow, 210.92, DistUp, 251.60
, DistFront, 67.76, DistDow, 213.16, DistUp, 254.98
, DistFront, 67.76, DistDow, 285.99, DistUp, 254.34
, DistFront, 67.76, DistDow, 74.00, DistUp, 254.23
, DistFront, 67.38, DistDow, 72.45, DistUp, 242.91
, DistFrontMean, 68.69, DistDowMean, 71.28, DistUpMean, 243.23
, DistFront, 286.17, DistDow, 71.17, DistUp, 243.52
, DistFront, 286.11, DistDow, 70.92, DistUp, 242.09
, DistFront, 284.90, DistDow, 72.53, DistUp, 241.84
, DistFront, 70.12, DistDow, 206.77, DistUp, 240.43
, DistFront, 69.61, DistDow, 71.24, DistUp, 238.61
, DistFront, 69.12, DistDow, 70.77, DistUp, 241.05
, DistFront, 67.77, DistDow, 70.24, DistUp, 130.12
, DistFront, 68.89, DistDow, 206.90, DistUp, 241.50
, DistFront, 68.81, DistDow, 206.80, DistUp, 240.61
, DistFront, 69.17, DistDow, 207.53, DistUp, 240.14
, DistFront, 68.71, DistDow, 232.55, DistUp, 240.61
, DistFront, 68.28, DistDow, 207.13, DistUp, 240.49
, DistFront, 68.35, DistDow, 285.63, DistUp, 240.83
, DistFront, 68.91, DistDow, 71.33, DistUp, 240.48
, DistFront, 68.67, DistDow, 71.92, DistUp, 240.99
, DistFront, 68.42, DistDow, 72.19, DistUp, 241.46
, DistFront, 68.91, DistDow, 71.09, DistUp, 241.02
, DistFront, 68.55, DistDow, 71.48, DistUp, 206.60
, DistFront, 72.74, DistDow, 71.84, DistUp, 124.34
, DistFront, 72.02, DistDow, 72.81, DistUp, 243.89
, DistFrontMean, 284.03, DistDowMean, 74.47, DistUpMean, 242.77
, DistFront, 285.78, DistDow, 288.25, DistUp, 240.46
, DistFront, 217.67, DistDow, 287.76, DistUp, 241.82
, DistFront, 218.49, DistDow, 73.16, DistUp, 242.33
, DistFront, 286.45, DistDow, 71.96, DistUp, 243.25
, DistFront, 75.73, DistDow, 71.53, DistUp, 240.34
, DistFront, 286.70, DistDow, 71.56, DistUp, 244.06
, DistFront, 286.38, DistDow, 72.04, DistUp, 242.99
, DistFront, 286.34, DistDow, 71.63, DistUp, 241.77
, DistFront, 287.69, DistDow, 71.21, DistUp, 242.69
, DistFront, 286.89, DistDow, 71.63, DistUp, 242.31
, DistFront, 289.03, DistDow, 71.62, DistUp, 241.48
, DistFront, 289.46, DistDow, 71.62, DistUp, 243.23
, DistFront, 288.13, DistDow, 71.14, DistUp, 241.50
, DistFront, 288.06, DistDow, 71.56, DistUp, 241.92
, DistFront, 288.42, DistDow, 71.53, DistUp, 242.74
, DistFront, 288.40, DistDow, 71.09, DistUp, 243.10
, DistFront, 287.11, DistDow, 71.48, DistUp, 241.84
, DistFront, 288.49, DistDow, 71.48, DistUp, 243.91
, DistFront, 287.70, DistDow, 71.53, DistUp, 254.32
, DistFront, 287.77, DistDow, 71.97, DistUp, 243.96
, DistFrontMean, 286.55, DistDowMean, 71.48, DistUpMean, 242.99
, DistFront, 289.35, DistDow, 73.27, DistUp, 242.67
, DistFront, 288.06, DistDow, 71.48, DistUp, 242.19
, DistFront, 287.64, DistDow, 71.84, DistUp, 241.75
, DistFront, 288.04, DistDow, 71.77, DistUp, 241.31
, DistFront, 287.55, DistDow, 71.28, DistUp, 242.06
, DistFront, 288.04, DistDow, 72.04, DistUp, 242.40
, DistFront, 287.64, DistDow, 71.53, DistUp, 241.90
, DistFront, 287.55, DistDow, 72.33, DistUp, 242.24
, DistFront, 70.75, DistDow, 3284.63, DistUp, 252.62
, DistFront, 69.81, DistDow, 290.17, DistUp, 253.76
, DistFront, 70.32, DistDow, 291.50, DistUp, 264.54
, DistFront, 69.05, DistDow, 290.46, DistUp, 253.78
, DistFront, 69.91, DistDow, 291.38, DistUp, 242.26
, DistFront, 71.14, DistDow, 289.42, DistUp, 241.89
, DistFront, 288.38, DistDow, 72.76, DistUp, 241.04
, DistFront, 287.89, DistDow, 71.92, DistUp, 241.92
, DistFront, 288.74, DistDow, 72.45, DistUp, 241.56
, DistFront, 289.59, DistDow, 71.63, DistUp, 242.09
, DistFront, 287.98, DistDow, 72.13, DistUp, 244.30
, DistFront, 289.23, DistDow, 71.80, DistUp, 243.10
, DistFrontMean, 286.75, DistDowMean, 71.85, DistUpMean, 240.97
, DistFront, 287.41, DistDow, 71.45, DistUp, 243.64
, DistFront, 286.68, DistDow, 72.26, DistUp, 242.38
, DistFront, 286.90, DistDow, 71.84, DistUp, 243.20
, DistFront, 74.34, DistDow, 71.41, DistUp, 254.25
, DistFront, 73.47, DistDow, 70.73, DistUp, 244.47
, DistFront, 286.73, DistDow, 71.04, DistUp, 241.92
, DistFront, 286.80, DistDow, 71.48, DistUp, 242.33
, DistFront, 286.73, DistDow, 70.68, DistUp, 242.76
, DistFront, 286.19, DistDow, 71.60, DistUp, 243.61
, DistFront, 70.48, DistDow, 71.34, DistUp, 128.18
, DistFront, 69.32, DistDow, 71.48, DistUp, 241.90
, DistFront, 70.61, DistDow, 290.24, DistUp, 244.85
, DistFront, 70.26, DistDow, 210.66, DistUp, 241.48
, DistFront, 69.91, DistDow, 209.68, DistUp, 241.89
, DistFront, 70.41, DistDow, 288.11, DistUp, 241.85
, DistFront, 73.47, DistDow, 205.41, DistUp, 241.96
, DistFront, 286.34, DistDow, 288.98, DistUp, 244.49
, DistFront, 70.97, DistDow, 3272.84, DistUp, 242.02
, DistFront, 71.17, DistDow, 73.23, DistUp, 241.26
, DistFront, 69.91, DistDow, 72.98, DistUp, 241.17
, DistFrontMean, 70.34, DistDowMean, 72.33, DistUpMean, 242.33
, DistFront, 71.14, DistDow, 72.16, DistUp, 242.02
, DistFront, 69.88, DistDow, 71.99, DistUp, 243.69
, DistFront, 70.95, DistDow, 72.60, DistUp, 240.73
, DistFront, 69.78, DistDow, 71.50, DistUp, 241.48
, DistFront, 70.12, DistDow, 71.80, DistUp, 240.20
, DistFront, 69.91, DistDow, 71.34, DistUp, 243.11
, DistFront, 69.91, DistDow, 71.24, DistUp, 241.85
, DistFront, 69.83, DistDow, 71.89, DistUp, 240.92
, DistFront, 70.03, DistDow, 71.89, DistUp, 242.11
, DistFront, 70.02, DistDow, 73.11, DistUp, 241.26
, DistFront, 69.91, DistDow, 73.03, DistUp, 243.18
, DistFront, 69.76, DistDow, 365.53, DistUp, 241.99
, DistFront, 69.20, DistDow, 210.49, DistUp, 241.09
, DistFront, 69.12, DistDow, 287.28, DistUp, 241.45
, DistFront, 69.69, DistDow, 207.69, DistUp, 241.77
, DistFront, 68.84, DistDow, 208.06, DistUp, 242.13
, DistFront, 69.17, DistDow, 255.77, DistUp, 244.18
, DistFront, 68.62, DistDow, 288.16, DistUp, 241.19
, DistFront, 68.11, DistDow, 209.78, DistUp, 241.53
, DistFront, 67.99, DistDow, 209.90, DistUp, 241.09
, DistFrontMean, 67.99, DistDowMean, 208.27, DistUpMean, 240.20
, DistFront, 69.13, DistDow, 254.95, DistUp, 242.31
, DistFront, 68.23, DistDow, 288.28, DistUp, 242.24
, DistFront, 68.11, DistDow, 210.39, DistUp, 241.75
, DistFront, 67.99, DistDow, 208.74, DistUp, 240.90
, DistFront, 67.52, DistDow, 211.26, DistUp, 243.45
, DistFront, 67.87, DistDow, 210.82, DistUp, 240.88
, DistFront, 67.82, DistDow, 287.18, DistUp, 242.09
, DistFront, 67.33, DistDow, 287.98, DistUp, 242.11
, DistFront, 67.33, DistDow, 288.42, DistUp, 243.33
, DistFront, 66.90, DistDow, 211.56, DistUp, 240.83
, DistFront, 66.97, DistDow, 209.42, DistUp, 243.38
, DistFront, 67.84, DistDow, 209.47, DistUp, 241.75
, DistFront, 67.11, DistDow, 208.62, DistUp, 241.33
, DistFront, 67.67, DistDow, 286.77, DistUp, 241.39
, DistFront, 67.40, DistDow, 208.91, DistUp, 241.09
, DistFront, 67.74, DistDow, 210.83, DistUp, 241.60
, DistFront, 68.20, DistDow, 71.38, DistUp, 242.09
, DistFront, 68.81, DistDow, 72.09, DistUp, 243.88
, DistFront, 69.35, DistDow, 71.77, DistUp, 242.69
, DistFront, 68.28, DistDow, 71.38, DistUp, 241.92
, DistFrontMean, 68.35, DistDowMean, 71.14, DistUpMean, 241.04
, DistFront, 69.23, DistDow, 71.19, DistUp, 241.62
, DistFront, 69.35, DistDow, 70.68, DistUp, 241.67
, DistFront, 68.67, DistDow, 71.14, DistUp, 239.66
, DistFront, 68.35, DistDow, 71.24, DistUp, 244.35
, DistFront, 69.71, DistDow, 71.04, DistUp, 242.70
, DistFront, 69.42, DistDow, 71.04, DistUp, 240.73
, DistFront, 69.56, DistDow, 71.28, DistUp, 241.24
, DistFront, 69.66, DistDow, 71.39, DistUp, 241.19
, DistFront, 69.39, DistDow, 72.93, DistUp, 241.63
, DistFront, 69.40, DistDow, 71.55, DistUp, 240.41
, DistFront, 70.31, DistDow, 71.89, DistUp, 241.26
, DistFront, 69.81, DistDow, 72.91, DistUp, 241.70
, DistFront, 69.91, DistDow, 72.91, DistUp, 240.85
, DistFront, 69.90, DistDow, 291.73, DistUp, 241.75
, DistFront, 71.14, DistDow, 231.48, DistUp, 241.34
, DistFront, 70.31, DistDow, 209.18, DistUp, 241.31
, DistFront, 71.96, DistDow, 290.97, DistUp, 241.24
, DistFront, 287.91, DistDow, 289.18, DistUp, 241.96
, DistFront, 215.99, DistDow, 288.81, DistUp, 240.10
, DistFront, 287.28, DistDow, 74.20, DistUp, 240.03
, DistFrontMean, 74.83, DistDowMean, 72.93, DistUpMean, 239.85
, DistFront, 73.42, DistDow, 73.27, DistUp, 242.04
, DistFront, 72.55, DistDow, 72.62, DistUp, 240.31
, DistFront, 71.68, DistDow, 72.16, DistUp, 241.17
, DistFront, 71.38, DistDow, 71.28, DistUp, 241.60
, DistFront, 72.60, DistDow, 71.28, DistUp, 242.89
, DistFront, 72.19, DistDow, 71.31, DistUp, 243.32
, DistFront, 70.99, DistDow, 71.09, DistUp, 240.39
, DistFront, 71.82, DistDow, 71.63, DistUp, 241.68
, DistFront, 72.21, DistDow, 71.73, DistUp, 240.37
, DistFront, 72.06, DistDow, 70.83, DistUp, 241.21
, DistFront, 71.67, DistDow, 71.19, DistUp, 242.87
, DistFront, 71.56, DistDow, 70.63, DistUp, 240.27
, DistFront, 71.02, DistDow, 70.83, DistUp, 241.89
, DistFront, 71.26, DistDow, 69.95, DistUp, 242.33
, DistFront, 288.18, DistDow, 70.46, DistUp, 242.41
, DistFront, 285.97, DistDow, 69.81, DistUp, 241.50
, DistFront, 214.68, DistDow, 70.41, DistUp, 240.43
, DistFront, 68.89, DistDow, 70.32, DistUp, 241.12
, DistFront, 66.77, DistDow, 68.28, DistUp, 240.19
, DistFront, 66.84, DistDow, 68.67, DistUp, 149.59
, DistFrontMean, 69.03, DistDowMean, 70.70, DistUpMean, 238.69
, DistFront, 67.81, DistDow, 73.32, DistUp, 247.06
, DistFront, 69.06, DistDow, 71.50, DistUp, 253.52
, DistFront, 69.23, DistDow, 71.70, DistUp, 243.52
, DistFront, 68.96, DistDow, 70.34, DistUp, 256.28
, DistFront, 70.46, DistDow, 72.76, DistUp, 247.60
, DistFront, 73.55, DistDow, 73.35, DistUp, 246.96
, DistFront, 71.33, DistDow, 74.61, DistUp, 248.71
, DistFront, 71.02, DistDow, 72.52, DistUp, 249.39
, DistFront, 75.90, DistDow, 72.81, DistUp, 249.39
, DistFront, 72.45, DistDow, 73.74, DistUp, 246.90
, DistFront, 72.84, DistDow, 278.40, DistUp, 274.68
, DistFront, 72.06, DistDow, 73.45, DistUp, 250.43
, DistFront, 72.82, DistDow, 72.24, DistUp, 250.34
, DistFront, 73.11, DistDow, 72.52, DistUp, 246.96
, DistFront, 76.68, DistDow, 72.09, DistUp, 247.31
, DistFront, 71.68, DistDow, 72.16, DistUp, 247.96
, DistFront, 71.48, DistDow, 72.41, DistUp, 248.71
, DistFront, 71.28, DistDow, 72.67, DistUp, 286.56
, DistFront, 71.19, DistDow, 72.99, DistUp, 244.34
, DistFront, 70.92, DistDow, 71.45, DistUp, 276.17
, DistFrontMean, 70.46, DistDowMean, 70.75, DistUpMean, 240.24
, DistFront, 71.60, DistDow, 71.39, DistUp, 275.20
, DistFront, 71.09, DistDow, 71.21, DistUp, 242.69
, DistFront, 70.07, DistDow, 70.75, DistUp, 244.66
, DistFront, 69.49, DistDow, 70.20, DistUp, 249.91
, DistFront, 68.88, DistDow, 70.68, DistUp, 274.18
, DistFront, 68.23, DistDow, 69.59, DistUp, 249.97
, DistFront, 67.93, DistDow, 70.14, DistUp, 248.78
, DistFront, 67.60, DistDow, 3269.03, DistUp, 247.57
, DistFront, 66.55, DistDow, 3256.90, DistUp, 248.88
, DistFront, 67.16, DistDow, 68.23, DistUp, 248.23
, DistFront, 67.45, DistDow, 69.47, DistUp, 247.62
, DistFront, 68.83, DistDow, 68.88, DistUp, 249.49
, DistFront, 69.10, DistDow, 70.43, DistUp, 241.14
, DistFront, 69.71, DistDow, 3293.84, DistUp, 243.88
, DistFront, 69.74, DistDow, 70.73, DistUp, 246.41
, DistFront, 68.98, DistDow, 70.54, DistUp, 144.40
, DistFront, 70.27, DistDow, 71.05, DistUp, 241.62
, DistFront, 69.54, DistDow, 71.56, DistUp, 250.37
, DistFront, 71.24, DistDow, 72.47, DistUp, 247.09
, DistFront, 72.16, DistDow, 69.98, DistUp, 248.69
, DistFrontMean, 70.02, DistDowMean, 73.96, DistUpMean, 247.77
, DistFront, 70.34, DistDow, 72.99, DistUp, 246.90
, DistFront, 69.10, DistDow, 72.45, DistUp, 243.47
, DistFront, 68.64, DistDow, 71.73, DistUp, 246.77
, DistFront, 68.98, DistDow, 71.85, DistUp, 248.42
, DistFront, 68.54, DistDow, 71.28, DistUp, 246.75
, DistFront, 69.34, DistDow, 71.26, DistUp, 246.70
, DistFront, 68.42, DistDow, 71.19, DistUp, 242.91
, DistFront, 69.23, DistDow, 71.14, DistUp, 247.93
, DistFront, 67.93, DistDow, 70.54, DistUp, 246.12
, DistFront, 67.84, DistDow, 71.33, DistUp, 244.88
, DistFront, 68.18, DistDow, 71.26, DistUp, 246.85
, DistFront, 68.78, DistDow, 71.38, DistUp, 248.25
, DistFront, 68.13, DistDow, 70.85, DistUp, 248.16
, DistFront, 67.69, DistDow, 70.31, DistUp, 247.06
, DistFront, 68.04, DistDow, 70.70, DistUp, 247.93
, DistFront, 68.83, DistDow, 69.95, DistUp, 249.52
, DistFront, 68.38, DistDow, 70.34, DistUp, 247.04
, DistFront, 69.23, DistDow, 70.37, DistUp, 245.92
, DistFront, 69.25, DistDow, 71.67, DistUp, 245.92
, DistFront, 75.78, DistDow, 3273.35, DistUp, 248.03
, DistFrontMean, 68.33, DistDowMean, 68.76, DistUpMean, 391.26
, DistFront, 68.67, DistDow, 281.12, DistUp, 248.83
, DistFront, 68.18, DistDow, 74.17, DistUp, 247.18
, DistFront, 68.13, DistDow, 72.81, DistUp, 248.64
, DistFront, 68.06, DistDow, 71.82, DistUp, 246.56
, DistFront, 68.10, DistDow, 71.34, DistUp, 247.82
, DistFront, 67.64, DistDow, 69.90, DistUp, 273.04
, DistFront, 68.04, DistDow, 69.63, DistUp, 272.53
, DistFront, 68.88, DistDow, 70.03, DistUp, 269.63
, DistFront, 68.89, DistDow, 69.18, DistUp, 271.67
, DistFront, 69.34, DistDow, 69.18, DistUp, 271.99
, DistFront, 70.61, DistDow, 69.25, DistUp, 274.49
, DistFront, 71.12, DistDow, 68.83, DistUp, 245.41
, DistFront, 71.19, DistDow, 69.18, DistUp, 269.78
, DistFront, 71.89, DistDow, 70.07, DistUp, 246.31
, DistFront, 71.33, DistDow, 69.83, DistUp, 247.60
, DistFront, 71.84, DistDow, 69.47, DistUp, 247.26
, DistFront, 70.60, DistDow, 69.03, DistUp, 248.54
, DistFront, 69.76, DistDow, 70.12, DistUp, 248.18
, DistFront, 68.78, DistDow, 69.18, DistUp, 248.62
, DistFront, 68.54, DistDow, 70.27, DistUp, 270.60
, DistFrontMean, 68.91, DistDowMean, 69.12, DistUpMean, 265.88
, DistFront, 68.49, DistDow, 69.54, DistUp, 248.20
, DistFront, 68.20, DistDow, 70.31, DistUp, 247.81
, DistFront, 68.67, DistDow, 69.95, DistUp, 268.91
, DistFront, 68.33, DistDow, 70.54, DistUp, 269.03
, DistFront, 67.98, DistDow, 70.10, DistUp, 247.99
, DistFront, 69.30, DistDow, 70.26, DistUp, 268.98
, DistFront, 68.18, DistDow, 70.27, DistUp, 248.54
, DistFront, 69.34, DistDow, 70.61, DistUp, 256.67
, DistFront, 68.55, DistDow, 70.37, DistUp, 258.71
, DistFront, 68.62, DistDow, 69.90, DistUp, 247.57
, DistFront, 68.54, DistDow, 70.31, DistUp, 269.06
, DistFront, 69.40, DistDow, 70.63, DistUp, 246.45
, DistFront, 69.39, DistDow, 70.77, DistUp, 272.47
, DistFront, 69.39, DistDow, 70.19, DistUp, 248.11
, DistFront, 69.40, DistDow, 70.31, DistUp, 248.83
, DistFront, 69.47, DistDow, 69.90, DistUp, 246.85
, DistFront, 69.39, DistDow, 70.73, DistUp, 268.91
, DistFront, 69.78, DistDow, 70.61, DistUp, 248.55
, DistFront, 72.06, DistDow, 70.32, DistUp, 248.47
, DistFront, 71.99, DistDow, 69.69, DistUp, 248.13
, DistFrontMean, 72.55, DistDowMean, 69.76, DistUpMean, 244.69
, DistFront, 71.96, DistDow, 70.26, DistUp, 246.89
, DistFront, 70.73, DistDow, 70.05, DistUp, 246.41
, DistFront, 69.42, DistDow, 70.46, DistUp, 270.43
, DistFront, 68.98, DistDow, 70.10, DistUp, 247.67
, DistFront, 69.03, DistDow, 70.48, DistUp, 248.40
, DistFront, 68.95, DistDow, 70.82, DistUp, 247.52
, DistFront, 68.89, DistDow, 70.10, DistUp, 249.32
, DistFront, 68.89, DistDow, 69.95, DistUp, 248.89
, DistFront, 69.74, DistDow, 70.05, DistUp, 247.98
, DistFront, 69.34, DistDow, 70.07, DistUp, 248.54
, DistFront, 69.34, DistDow, 70.02, DistUp, 269.81
, DistFront, 69.78, DistDow, 70.10, DistUp, 269.81
, DistFront, 69.39, DistDow, 70.14, DistUp, 271.45
, DistFront, 69.83, DistDow, 70.78, DistUp, 248.59
, DistFront, 70.27, DistDow, 71.14, DistUp, 247.74
, DistFront, 69.47, DistDow, 70.05, DistUp, 248.98
, DistFront, 69.56, DistDow, 70.39, DistUp, 269.85
, DistFront, 69.18, DistDow, 70.82, DistUp, 395.99
, DistFront, 69.68, DistDow, 70.53, DistUp, 247.48
, DistFront, 70.56, DistDow, 71.04, DistUp, 270.53
, DistFrontMean, 69.42, DistDowMean, 71.04, DistUpMean, 276.04
, DistFront, 70.26, DistDow, 71.56, DistUp, 249.25
, DistFront, 69.10, DistDow, 70.99, DistUp, 272.98
, DistFront, 69.95, DistDow, 71.46, DistUp, 270.49
, DistFront, 69.52, DistDow, 71.05, DistUp, 248.47
, DistFront, 69.59, DistDow, 71.50, DistUp, 247.21
, DistFront, 69.20, DistDow, 71.19, DistUp, 274.69
, DistFront, 70.03, DistDow, 71.96, DistUp, 278.54
, DistFront, 69.63, DistDow, 71.63, DistUp, 249.76
, DistFront, 69.25, DistDow, 71.26, DistUp, 278.98
, DistFront, 69.23, DistDow, 71.33, DistUp, 270.12
, DistFront, 69.98, DistDow, 70.73, DistUp, 277.70
, DistFront, 69.69, DistDow, 71.80, DistUp, 250.63
, DistFront, 70.14, DistDow, 71.31, DistUp, 270.12
, DistFront, 70.60, DistDow, 71.67, DistUp, 396.53
, DistFront, 70.75, DistDow, 71.04, DistUp, 247.28
, DistFront, 70.54, DistDow, 71.04, DistUp, 304.27
, DistFront, 70.99, DistDow, 70.85, DistUp, 248.16
, DistFront, 70.97, DistDow, 71.70, DistUp, 271.04
, DistFront, 70.99, DistDow, 70.85, DistUp, 249.06
, DistFront, 70.24, DistDow, 70.88, DistUp, 305.41
, DistFrontMean, 69.81, DistDowMean, 70.66, DistUpMean, 246.05
, DistFront, 70.99, DistDow, 71.02, DistUp, 248.95
, DistFront, 70.56, DistDow, 71.67, DistUp, 268.88
, DistFront, 69.71, DistDow, 70.77, DistUp, 249.42
, DistFront, 70.07, DistDow, 71.75, DistUp, 250.61
, DistFront, 70.07, DistDow, 70.70, DistUp, 270.03
, DistFront, 70.37, DistDow, 70.66, DistUp, 246.92
, DistFront, 71.73, DistDow, 70.70, DistUp, 246.82
, DistFront, 72.64, DistDow, 70.61, DistUp, 248.59
, DistFront, 72.21, DistDow, 70.32, DistUp, 247.81
, DistFront, 72.24, DistDow, 70.14, DistUp, 246.82
, DistFront, 70.19, DistDow, 70.56, DistUp, 269.54
, DistFront, 69.34, DistDow, 70.54, DistUp, 277.41
, DistFront, 69.74, DistDow, 71.04, DistUp, 269.90
, DistFront, 69.30, DistDow, 71.55, DistUp, 248.04
, DistFront, 69.27, DistDow, 70.60, DistUp, 246.92
, DistFront, 69.30, DistDow, 70.60, DistUp, 248.03
, DistFront, 69.97, DistDow, 70.92, DistUp, 247.21
, DistFront, 70.88, DistDow, 70.85, DistUp, 274.18
, DistFront, 69.63, DistDow, 70.83, DistUp, 248.81
, DistFront, 70.34, DistDow, 71.04, DistUp, 269.66
, DistFrontMean, 70.46, DistDowMean, 70.24, DistUpMean, 246.96
, DistFront, 70.85, DistDow, 71.38, DistUp, 247.98
, DistFront, 69.23, DistDow, 70.43, DistUp, 247.45
, DistFront, 69.20, DistDow, 71.04, DistUp, 247.93
, DistFront, 69.18, DistDow, 70.41, DistUp, 269.98
, DistFront, 68.83, DistDow, 70.49, DistUp, 248.76
, DistFront, 69.13, DistDow, 70.39, DistUp, 268.28
, DistFront, 69.23, DistDow, 70.49, DistUp, 268.13
, DistFront, 68.78, DistDow, 70.90, DistUp, 248.33
, DistFront, 68.67, DistDow, 70.90, DistUp, 269.00
, DistFront, 69.54, DistDow, 71.33, DistUp, 269.95
, DistFront, 69.91, DistDow, 69.95, DistUp, 247.28
, DistFront, 69.95, DistDow, 71.14, DistUp, 269.10
, DistFront, 71.55, DistDow, 70.48, DistUp, 249.32
, DistFront, 71.45, DistDow, 70.48, DistUp, 248.52
, DistFront, 70.14, DistDow, 70.75, DistUp, 249.03
, DistFront, 70.02, DistDow, 71.84, DistUp, 248.98
, DistFront, 69.35, DistDow, 74.35, DistUp, 248.16
, DistFront, 69.42, DistDow, 73.88, DistUp, 248.04
, DistFront, 69.54, DistDow, 75.34, DistUp, 248.20
, DistFront, 71.75, DistDow, 70.78, DistUp, 246.24
, DistFrontMean, 71.02, DistDowMean, 73.23, DistUpMean, 246.21
, DistFront, 70.66, DistDow, 73.27, DistUp, 247.09
, DistFront, 70.34, DistDow, 72.62, DistUp, 248.52
, DistFront, 69.95, DistDow, 72.81, DistUp, 248.61
, DistFront, 71.19, DistDow, 72.41, DistUp, 249.40
, DistFront, 70.53, DistDow, 72.47, DistUp, 246.62
, DistFront, 71.45, DistDow, 72.98, DistUp, 248.35
, DistFront, 75.77, DistDow, 73.18, DistUp, 247.57
, DistFront, 71.48, DistDow, 73.59, DistUp, 246.75
, DistFront, 71.62, DistDow, 287.06, DistUp, 244.61
, DistFront, 71.67, DistDow, 72.06, DistUp, 247.04
, DistFront, 72.06, DistDow, 280.03, DistUp, 246.19
, DistFront, 75.92, DistDow, 71.19, DistUp, 246.62
, DistFront, 76.34, DistDow, 73.74, DistUp, 247.53
, DistFront, 72.02, DistDow, 73.25, DistUp, 248.76
, DistFront, 72.02, DistDow, 73.25, DistUp, 249.49
, DistFront, 71.24, DistDow, 72.84, DistUp, 249.52
, DistFront, 71.68, DistDow, 73.28, DistUp, 249.12
, DistFront, 70.88, DistDow, 72.91, DistUp, 248.71
, DistFront, 70.95, DistDow, 73.69, DistUp, 250.03
, DistFront, 71.33, DistDow, 72.87, DistUp, 250.46
, DistFrontMean, 72.60, DistDowMean, 72.81, DistUpMean, 247.13
, DistFront, 71.80, DistDow, 73.64, DistUp, 248.89
, DistFront, 71.45, DistDow, 73.11, DistUp, 250.24
, DistFront, 71.77, DistDow, 73.13, DistUp, 251.92
, DistFront, 71.12, DistDow, 73.18, DistUp, 249.49
, DistFront, 71.85, DistDow, 73.64, DistUp, 249.97
, DistFront, 71.60, DistDow, 74.27, DistUp, 250.46
, DistFront, 72.04, DistDow, 74.46, DistUp, 249.66
, DistFront, 72.04, DistDow, 74.05, DistUp, 250.05
, DistFront, 71.60, DistDow, 71.96, DistUp, 249.10
, DistFront, 70.90, DistDow, 73.45, DistUp, 248.74
, DistFront, 70.88, DistDow, 73.33, DistUp, 248.42
, DistFront, 71.45, DistDow, 72.98, DistUp, 250.56
, DistFront, 72.24, DistDow, 73.04, DistUp, 248.96
, DistFront, 71.85, DistDow, 73.10, DistUp, 250.26
, DistFront, 72.04, DistDow, 72.67, DistUp, 249.40
, DistFront, 72.04, DistDow, 72.57, DistUp, 250.10
, DistFront, 71.17, DistDow, 72.57, DistUp, 250.54
, DistFront, 71.56, DistDow, 73.42, DistUp, 247.99
, DistFront, 71.46, DistDow, 73.96, DistUp, 250.83
, DistFront, 71.84, DistDow, 73.74, DistUp, 249.91
, DistFrontMean, 70.83, DistDowMean, 285.95, DistUpMean, 248.54
, DistFront, 73.32, DistDow, 3280.48, DistUp, 248.91
, DistFront, 71.92, DistDow, 72.48, DistUp, 247.52
, DistFront, 70.48, DistDow, 72.77, DistUp, 248.47
, DistFront, 70.24, DistDow, 72.21, DistUp, 249.69
, DistFront, 70.39, DistDow, 71.97, DistUp, 244.05
, DistFront, 70.99, DistDow, 72.18, DistUp, 247.21
, DistFront, 69.98, DistDow, 71.97, DistUp, 246.99
, DistFront, 70.63, DistDow, 72.40, DistUp, 245.78
, DistFront, 70.07, DistDow, 71.96, DistUp, 248.23
, DistFront, 69.54, DistDow, 71.92, DistUp, 244.61
, DistFront, 72.64, DistDow, 71.70, DistUp, 240.32
, DistFront, 71.68, DistDow, 3302.28, DistUp, 244.12
, DistFront, 70.14, DistDow, 283.95, DistUp, 245.27
, DistFront, 70.03, DistDow, 3230.90, DistUp, 242.52
, DistFront, 69.83, DistDow, 206.34, DistUp, 247.02
, DistFront, 69.30, DistDow, 279.76, DistUp, 242.47
, DistFront, 69.39, DistDow, 71.56, DistUp, 247.02
, DistFront, 69.42, DistDow, 281.55, DistUp, 243.78
, DistFront, 69.13, DistDow, 3270.43, DistUp, 242.35
, DistFront, 69.95, DistDow, 280.02, DistUp, 249.13
, DistFrontMean, 70.46, DistDowMean, 278.88, DistUpMean, 246.05
, DistFront, 69.71, DistDow, 3269.49, DistUp, 246.17
, DistFront, 70.63, DistDow, 365.60, DistUp, 246.96
, DistFront, 69.91, DistDow, 3268.23, DistUp, 247.19
, DistFront, 70.24, DistDow, 3254.47, DistUp, 244.46
, DistFront, 70.39, DistDow, 3217.31, DistUp, 246.68
, DistFront, 70.43, DistDow, 283.96, DistUp, 243.52
, DistFront, 71.97, DistDow, 71.41, DistUp, 248.74
, DistFront, 69.54, DistDow, 68.32, DistUp, 249.39
, DistFront, 68.10, DistDow, 69.91, DistUp, 248.69
, DistFront, 68.32, DistDow, 69.52, DistUp, 242.24
, DistFront, 68.54, DistDow, 68.64, DistUp, 270.61
, DistFront, 68.83, DistDow, 69.13, DistUp, 240.66
, DistFront, 70.92, DistDow, 69.40, DistUp, 242.60
, DistFront, 70.88, DistDow, 3258.32, DistUp, 247.24
, DistFront, 68.10, DistDow, 68.54, DistUp, 246.24
, DistFront, 68.67, DistDow, 69.88, DistUp, 242.67
, DistFront, 68.74, DistDow, 69.30, DistUp, 248.20
, DistFront, 68.04, DistDow, 68.98, DistUp, 242.81
, DistFront, 69.00, DistDow, 69.63, DistUp, 246.70
, DistFront, 68.28, DistDow, 69.23, DistUp, 242.21
, DistFrontMean, 69.23, DistDowMean, 70.07, DistUpMean, 246.73
, DistFront, 68.84, DistDow, 70.53, DistUp, 242.35
, DistFront, 68.13, DistDow, 70.31, DistUp, 243.62
, DistFront, 68.25, DistDow, 71.67, DistUp, 242.06
, DistFront, 69.17, DistDow, 71.63, DistUp, 244.66
, DistFront, 69.23, DistDow, 282.38, DistUp, 244.78
, DistFront, 68.40, DistDow, 70.07, DistUp, 247.31
, DistFront, 69.49, DistDow, 69.39, DistUp, 246.21
, DistFront, 69.49, DistDow, 68.91, DistUp, 245.88
, DistFront, 69.78, DistDow, 70.07, DistUp, 243.49
, DistFront, 70.31, DistDow, 69.18, DistUp, 279.90
, DistFront, 70.34, DistDow, 71.62, DistUp, 247.69
, DistFront, 70.14, DistDow, 71.62, DistUp, 248.23
, DistFront, 70.78, DistDow, 74.20, DistUp, 246.96
, DistFront, 71.19, DistDow, 69.23, DistUp, 247.38
, DistFront, 70.70, DistDow, 69.90, DistUp, 279.10
, DistFront, 71.82, DistDow, 69.46, DistUp, 247.76
, DistFront, 70.54, DistDow, 69.78, DistUp, 247.76
, DistFront, 69.34, DistDow, 70.70, DistUp, 246.38
, DistFront, 69.68, DistDow, 74.97, DistUp, 246.41
, DistFront, 70.24, DistDow, 70.95, DistUp, 245.19
, DistFrontMean, 71.09, DistDowMean, 70.43, DistUpMean, 246.17
, DistFront, 71.50, DistDow, 70.82, DistUp, 245.99
, DistFront, 71.84, DistDow, 69.78, DistUp, 246.24
, DistFront, 71.89, DistDow, 71.19, DistUp, 245.46
, DistFront, 70.60, DistDow, 70.97, DistUp, 246.19
, DistFront, 70.53, DistDow, 72.57, DistUp, 245.73
, DistFront, 69.20, DistDow, 67.69, DistUp, 247.67
, DistFront, 69.13, DistDow, 68.88, DistUp, 247.18
, DistFront, 68.69, DistDow, 71.26, DistUp, 246.73
, DistFront, 68.23, DistDow, 72.41, DistUp, 246.73
, DistFront, 68.20, DistDow, 3207.11, DistUp, 245.77
, DistFront, 68.32, DistDow, 3235.31, DistUp, 247.24
, DistFront, 68.54, DistDow, 71.68, DistUp, 247.74
, DistFront, 69.47, DistDow, 71.39, DistUp, 245.68
, DistFront, 69.59, DistDow, 70.46, DistUp, 393.71
, DistFront, 68.83, DistDow, 71.31, DistUp, 247.47
, DistFront, 68.95, DistDow, 72.84, DistUp, 246.12
, DistFront, 69.47, DistDow, 75.78, DistUp, 245.88
, DistFront, 70.48, DistDow, 70.60, DistUp, 246.73
, DistFront, 69.78, DistDow, 70.70, DistUp, 248.33
, DistFront, 70.68, DistDow, 69.54, DistUp, 247.91
, DistFrontMean, 69.90, DistDowMean, 70.68, DistUpMean, 245.41
, DistFront, 71.14, DistDow, 3277.57, DistUp, 247.26
, DistFront, 69.05, DistDow, 3245.48, DistUp, 246.28
, DistFront, 69.10, DistDow, 3243.83, DistUp, 247.26
, DistFront, 69.23, DistDow, 3256.17, DistUp, 245.97
, DistFront, 69.13, DistDow, 284.78, DistUp, 245.07
, DistFront, 68.59, DistDow, 71.56, DistUp, 246.33
, DistFront, 67.84, DistDow, 72.57, DistUp, 245.49
, DistFront, 67.84, DistDow, 73.06, DistUp, 245.53
, DistFront, 68.25, DistDow, 73.54, DistUp, 249.23
, DistFront, 68.62, DistDow, 73.62, DistUp, 246.34
, DistFront, 68.49, DistDow, 69.23, DistUp, 247.87
, DistFront, 68.83, DistDow, 71.62, DistUp, 245.77
, DistFront, 68.33, DistDow, 72.82, DistUp, 244.78
, DistFront, 68.42, DistDow, 74.10, DistUp, 246.17
, DistFront, 70.32, DistDow, 69.78, DistUp, 246.12
, DistFront, 69.66, DistDow, 69.18, DistUp, 246.41
, DistFront, 69.25, DistDow, 67.70, DistUp, 246.68
, DistFront, 69.27, DistDow, 69.69, DistUp, 244.95
, DistFront, 69.74, DistDow, 69.69, DistUp, 246.19
, DistFront, 70.19, DistDow, 70.14, DistUp, 247.31
, DistFrontMean, 70.66, DistDowMean, 70.41, DistUpMean, 243.96
, DistFront, 70.66, DistDow, 71.28, DistUp, 246.21
, DistFront, 69.49, DistDow, 72.89, DistUp, 247.11
, DistFront, 70.53, DistDow, 70.27, DistUp, 246.85
, DistFront, 69.00, DistDow, 72.40, DistUp, 246.04
, DistFront, 69.90, DistDow, 75.49, DistUp, 246.63
, DistFront, 69.74, DistDow, 69.63, DistUp, 246.46
, DistFront, 70.14, DistDow, 70.78, DistUp, 246.75
, DistFront, 69.85, DistDow, 69.69, DistUp, 246.85
, DistFront, 69.17, DistDow, 73.27, DistUp, 246.04
, DistFront, 68.62, DistDow, 72.21, DistUp, 247.28
, DistFront, 69.42, DistDow, 71.67, DistUp, 248.11
, DistFront, 69.10, DistDow, 71.77, DistUp, 247.24
, DistFront, 69.40, DistDow, 71.73, DistUp, 246.75
, DistFront, 68.59, DistDow, 72.13, DistUp, 247.19
, DistFront, 68.54, DistDow, 72.04, DistUp, 242.53
, DistFront, 68.89, DistDow, 72.53, DistUp, 245.48
, DistFront, 68.84, DistDow, 72.48, DistUp, 242.53
, DistFront, 69.34, DistDow, 72.33, DistUp, 245.03
, DistFront, 68.40, DistDow, 71.67, DistUp, 247.11
, DistFront, 68.74, DistDow, 71.53, DistUp, 246.56
, DistFrontMean, 68.69, DistDowMean, 71.31, DistUpMean, 246.17
, DistFront, 69.90, DistDow, 72.09, DistUp, 242.04
, DistFront, 69.03, DistDow, 73.04, DistUp, 246.63
, DistFront, 68.98, DistDow, 72.69, DistUp, 246.92
, DistFront, 68.95, DistDow, 73.49, DistUp, 246.56
, DistFront, 69.63, DistDow, 3262.87, DistUp, 246.50
, DistFront, 68.95, DistDow, 71.56, DistUp, 242.28
, DistFront, 68.40, DistDow, 71.39, DistUp, 245.97
, DistFront, 67.93, DistDow, 70.43, DistUp, 242.62
, DistFront, 67.81, DistDow, 70.61, DistUp, 246.99
, DistFront, 68.10, DistDow, 69.90, DistUp, 242.93
, DistFront, 67.62, DistDow, 70.75, DistUp, 247.38
, DistFront, 67.48, DistDow, 71.17, DistUp, 243.42
, DistFront, 68.20, DistDow, 70.61, DistUp, 246.34
, DistFront, 67.64, DistDow, 70.41, DistUp, 247.96
, DistFront, 67.16, DistDow, 69.91, DistUp, 246.05
, DistFront, 66.68, DistDow, 69.85, DistUp, 241.48
, DistFront, 66.67, DistDow, 70.66, DistUp, 242.28
, DistFront, 66.99, DistDow, 70.90, DistUp, 244.32
, DistFront, 67.35, DistDow, 70.83, DistUp, 245.90
, DistFront, 67.38, DistDow, 70.90, DistUp, 245.48
, DistFrontMean, 67.02, DistDowMean, 70.54, DistUpMean, 242.89
, DistFront, 67.82, DistDow, 70.97, DistUp, 247.52
, DistFront, 67.96, DistDow, 70.88, DistUp, 244.35
, DistFront, 67.64, DistDow, 70.46, DistUp, 246.55
, DistFront, 67.35, DistDow, 70.17, DistUp, 247.09
, DistFront, 67.48, DistDow, 70.82, DistUp, 272.84
, DistFront, 68.49, DistDow, 70.75, DistUp, 243.98
, DistFront, 67.81, DistDow, 71.11, DistUp, 247.87
, DistFront, 67.93, DistDow, 71.26, DistUp, 246.28
, DistFront, 68.49, DistDow, 70.97, DistUp, 243.52
, DistFront, 68.27, DistDow, 71.53, DistUp, 246.09
, DistFront, 68.40, DistDow, 71.67, DistUp, 247.04
, DistFront, 69.34, DistDow, 71.34, DistUp, 247.19
, DistFront, 68.64, DistDow, 72.33, DistUp, 247.13
, DistFront, 69.13, DistDow, 71.17, DistUp, 246.34
, DistFront, 69.13, DistDow, 71.26, DistUp, 246.92
, DistFront, 68.96, DistDow, 71.55, DistUp, 245.68
, DistFront, 68.64, DistDow, 72.18, DistUp, 246.97
, DistFront, 69.10, DistDow, 71.92, DistUp, 246.05
, DistFront, 69.98, DistDow, 71.99, DistUp, 247.89
, DistFront, 69.61, DistDow, 72.02, DistUp, 247.38
, DistFrontMean, 69.23, DistDowMean, 72.67, DistUpMean, 247.82
, DistFront, 69.63, DistDow, 72.62, DistUp, 248.64
, DistFront, 70.05, DistDow, 72.02, DistUp, 248.28
, DistFront, 69.18, DistDow, 71.56, DistUp, 138.74
, DistFront, 69.54, DistDow, 71.56, DistUp, 248.23
, DistFront, 69.12, DistDow, 72.11, DistUp, 243.61
, DistFront, 69.05, DistDow, 71.77, DistUp, 246.92
, DistFront, 69.40, DistDow, 73.16, DistUp, 248.04
, DistFront, 70.63, DistDow, 3248.28, DistUp, 247.33
, DistFront, 69.71, DistDow, 71.96, DistUp, 247.64
, DistFront, 68.98, DistDow, 71.73, DistUp, 271.97
, DistFront, 68.89, DistDow, 72.13, DistUp, 247.77
, DistFront, 69.30, DistDow, 71.56, DistUp, 247.38
, DistFront, 70.60, DistDow, 68.74, DistUp, 247.04
, DistFront, 70.99, DistDow, 70.37, DistUp, 247.81
, DistFront, 70.75, DistDow, 70.14, DistUp, 247.91
, DistFront, 70.39, DistDow, 69.69, DistUp, 256.45
, DistFront, 69.63, DistDow, 70.41, DistUp, 246.70
, DistFront, 68.89, DistDow, 70.14, DistUp, 248.04
, DistFront, 68.98, DistDow, 70.34, DistUp, 246.38
, DistFront, 69.10, DistDow, 70.37, DistUp, 247.24
, DistFrontMean, 68.76, DistDowMean, 70.24, DistUpMean, 246.33
, DistFront, 69.23, DistDow, 70.70, DistUp, 269.71
, DistFront, 68.89, DistDow, 70.46, DistUp, 247.38
, DistFront, 69.78, DistDow, 70.85, DistUp, 269.69
, DistFront, 69.42, DistDow, 71.67, DistUp, 269.83
, DistFront, 69.90, DistDow, 70.46, DistUp, 246.62
, DistFront, 69.49, DistDow, 71.62, DistUp, 268.89
, DistFront, 69.49, DistDow, 70.77, DistUp, 247.31
, DistFront, 70.19, DistDow, 71.17, DistUp, 248.25
, DistFront, 70.24, DistDow, 71.21, DistUp, 270.82
, DistFront, 70.10, DistDow, 71.05, DistUp, 248.88
, DistFront, 69.32, DistDow, 70.17, DistUp, 246.31
, DistFront, 70.05, DistDow, 70.46, DistUp, 247.57
, DistFront, 68.76, DistDow, 70.99, DistUp, 270.41
, DistFront, 68.69, DistDow, 70.31, DistUp, 244.95
, DistFront, 68.64, DistDow, 70.14, DistUp, 246.62
, DistFront, 69.39, DistDow, 70.73, DistUp, 267.31
, DistFront, 68.91, DistDow, 70.56, DistUp, 246.17
, DistFront, 69.30, DistDow, 70.49, DistUp, 244.49
, DistFront, 69.23, DistDow, 70.46, DistUp, 244.90
, DistFront, 68.40, DistDow, 69.61, DistUp, 246.17
, DistFrontMean, 68.78, DistDowMean, 69.76, DistUpMean, 246.89
, DistFront, 69.97, DistDow, 69.71, DistUp, 247.74
, DistFront, 68.32, DistDow, 70.49, DistUp, 268.38
, DistFront, 69.56, DistDow, 69.49, DistUp, 271.41
, DistFront, 68.16, DistDow, 69.76, DistUp, 246.11
, DistFront, 68.84, DistDow, 69.63, DistUp, 269.68
, DistFront, 68.28, DistDow, 69.42, DistUp, 245.20
, DistFront, 68.20, DistDow, 68.98, DistUp, 268.27
, DistFront, 67.67, DistDow, 69.00, DistUp, 247.57
, DistFront, 68.33, DistDow, 69.13, DistUp, 268.11
, DistFront, 67.35, DistDow, 69.05, DistUp, 245.77
, DistFront, 68.04, DistDow, 68.98, DistUp, 248.23
, DistFront, 67.11, DistDow, 68.67, DistUp, 246.46
, DistFront, 67.40, DistDow, 69.34, DistUp, 3.78
, DistFront, 66.90, DistDow, 69.13, DistUp, 270.54
, DistFront, 66.75, DistDow, 68.38, DistUp, 272.96
, DistFront, 66.99, DistDow, 68.42, DistUp, 245.60
, DistFront, 66.85, DistDow, 68.71, DistUp, 270.19
, DistFront, 66.31, DistDow, 68.38, DistUp, 272.16
, DistFront, 66.68, DistDow, 68.45, DistUp, 272.06
, DistFront, 66.50, DistDow, 68.61, DistUp, 244.88
, DistFrontMean, 66.04, DistDowMean, 67.96, DistUpMean, 402.28
, DistFront, 66.48, DistDow, 68.74, DistUp, 272.82
, DistFront, 66.24, DistDow, 68.28, DistUp, 245.27
, DistFront, 66.34, DistDow, 68.45, DistUp, 246.09
, DistFront, 65.95, DistDow, 69.10, DistUp, 245.73
, DistFront, 66.02, DistDow, 68.27, DistUp, 269.17
, DistFront, 66.50, DistDow, 68.78, DistUp, 270.60
, DistFront, 65.78, DistDow, 68.88, DistUp, 268.89
, DistFront, 66.75, DistDow, 68.16, DistUp, 247.52
, DistFront, 66.48, DistDow, 68.33, DistUp, 268.69
, DistFront, 65.88, DistDow, 68.55, DistUp, 268.49
, DistFront, 66.46, DistDow, 68.49, DistUp, 246.62
, DistFront, 67.06, DistDow, 68.47, DistUp, 246.73
, DistFront, 66.85, DistDow, 69.05, DistUp, 274.71
, DistFront, 68.25, DistDow, 68.61, DistUp, 327.47
, DistFront, 67.60, DistDow, 68.76, DistUp, 246.96
, DistFront, 68.16, DistDow, 69.10, DistUp, 246.62
, DistFront, 69.10, DistDow, 69.10, DistUp, 247.53
, DistFront, 71.24, DistDow, 69.69, DistUp, 269.78
, DistFront, 71.70, DistDow, 69.74, DistUp, 247.84
, DistFront, 71.70, DistDow, 69.42, DistUp, 269.95
, DistFrontMean, 71.99, DistDowMean, 69.46, DistUpMean, 269.06
, DistFront, 72.52, DistDow, 70.27, DistUp, 273.25
, DistFront, 4.13, DistDow, 69.49, DistUp, 247.98
, DistFront, 70.63, DistDow, 69.46, DistUp, 245.95
, DistFront, 69.42, DistDow, 69.39, DistUp, 268.96
, DistFront, 68.69, DistDow, 69.17, DistUp, 245.19
, DistFront, 69.20, DistDow, 69.13, DistUp, 268.96
, DistFront, 69.30, DistDow, 70.20, DistUp, 248.25
, DistFront, 69.10, DistDow, 69.98, DistUp, 247.96
, DistFront, 68.28, DistDow, 69.61, DistUp, 269.47
, DistFront, 68.47, DistDow, 70.46, DistUp, 246.80
, DistFront, 68.49, DistDow, 70.56, DistUp, 255.82
, DistFront, 68.61, DistDow, 70.26, DistUp, 267.38
, DistFront, 68.67, DistDow, 70.32, DistUp, 267.40
, DistFront, 68.40, DistDow, 71.04, DistUp, 247.40
, DistFront, 69.30, DistDow, 71.04, DistUp, 256.56
, DistFront, 69.00, DistDow, 71.60, DistUp, 267.40
, DistFront, 69.10, DistDow, 71.73, DistUp, 255.82
, DistFront, 69.30, DistDow, 73.32, DistUp, 246.82
, DistFront, 69.30, DistDow, 74.54, DistUp, 257.62
, DistFront, 70.60, DistDow, 74.83, DistUp, 267.82
, DistFrontMean, 71.05, DistDowMean, 219.68, DistUpMean, 245.34
, DistFront, 70.66, DistDow, 219.23, DistUp, 247.33
, DistFront, 71.53, DistDow, 218.89, DistUp, 247.45
, DistFront, 70.34, DistDow, 219.66, DistUp, 244.10
, DistFront, 71.62, DistDow, 221.02, DistUp, 247.89
, DistFront, 71.68, DistDow, 221.09, DistUp, 243.33
, DistFront, 72.04, DistDow, 281.28, DistUp, 244.18
, DistFront, 4.13, DistDow, 56.12, DistUp, 242.98
, DistFront, 70.77, DistDow, 77.62, DistUp, 247.96
, DistFront, 70.95, DistDow, 70.12, DistUp, 247.18
, DistFront, 70.19, DistDow, 72.57, DistUp, 245.92
, DistFront, 69.78, DistDow, 72.28, DistUp, 244.20
, DistFront, 70.66, DistDow, 72.40, DistUp, 248.33
, DistFront, 70.66, DistDow, 71.97, DistUp, 243.84
, DistFront, 69.78, DistDow, 72.28, DistUp, 247.55
, DistFront, 69.81, DistDow, 71.53, DistUp, 247.52
, DistFront, 69.74, DistDow, 71.38, DistUp, 258.18
, DistFront, 70.56, DistDow, 71.50, DistUp, 246.19
, DistFront, 69.66, DistDow, 71.28, DistUp, 267.89
, DistFront, 70.39, DistDow, 71.17, DistUp, 248.95
, DistFront, 69.46, DistDow, 71.09, DistUp, 244.39
, DistFrontMean, 69.32, DistDowMean, 71.19, DistUpMean, 247.13
, DistFront, 70.10, DistDow, 71.92, DistUp, 248.42
, DistFront, 69.18, DistDow, 71.21, DistUp, 247.09
, DistFront, 69.88, DistDow, 70.56, DistUp, 245.31
, DistFront, 69.81, DistDow, 70.97, DistUp, 266.85
, DistFront, 68.96, DistDow, 70.56, DistUp, 245.53
, DistFront, 69.49, DistDow, 70.66, DistUp, 246.50
, DistFront, 68.89, DistDow, 70.05, DistUp, 246.82
, DistFront, 68.28, DistDow, 70.31, DistUp, 243.95
, DistFront, 68.13, DistDow, 70.14, DistUp, 245.54
, DistFront, 67.99, DistDow, 69.61, DistUp, 267.67
, DistFront, 68.71, DistDow, 69.59, DistUp, 247.09
, DistFront, 68.64, DistDow, 69.54, DistUp, 245.43
, DistFront, 68.25, DistDow, 69.54, DistUp, 246.28
, DistFront, 67.81, DistDow, 70.26, DistUp, 268.40
, DistFront, 68.98, DistDow, 69.98, DistUp, 267.69
, DistFront, 67.81, DistDow, 69.49, DistUp, 246.33
, DistFront, 67.81, DistDow, 70.26, DistUp, 248.47
, DistFront, 68.23, DistDow, 69.63, DistUp, 246.77
, DistFront, 67.89, DistDow, 70.46, DistUp, 270.73
, DistFront, 67.96, DistDow, 70.02, DistUp, 267.41
, DistFrontMean, 69.20, DistDowMean, 69.83, DistUpMean, 245.92
, DistFront, 69.20, DistDow, 71.05, DistUp, 246.82
, DistFront, 68.04, DistDow, 70.10, DistUp, 246.82
, DistFront, 69.34, DistDow, 70.26, DistUp, 246.99
, DistFront, 69.03, DistDow, 70.83, DistUp, 247.47
, DistFront, 68.64, DistDow, 70.32, DistUp, 246.67
, DistFront, 68.28, DistDow, 69.95, DistUp, 247.96
, DistFront, 68.84, DistDow, 70.53, DistUp, 268.55
, DistFront, 68.38, DistDow, 70.49, DistUp, 268.49
, DistFront, 69.32, DistDow, 71.45, DistUp, 248.11
, DistFront, 69.25, DistDow, 71.05, DistUp, 246.77
, DistFront, 69.25, DistDow, 70.97, DistUp, 245.17
, DistFront, 69.66, DistDow, 71.82, DistUp, 269.05
, DistFront, 69.20, DistDow, 221.17, DistUp, 247.21
, DistFront, 69.98, DistDow, 217.60, DistUp, 245.95
, DistFront, 69.98, DistDow, 217.24, DistUp, 266.38
, DistFront, 69.98, DistDow, 219.68, DistUp, 255.53
, DistFront, 70.39, DistDow, 219.71, DistUp, 267.13
, DistFront, 70.77, DistDow, 220.88, DistUp, 245.97
, DistFront, 71.99, DistDow, 3273.54, DistUp, 244.52
, DistFront, 68.98, DistDow, 70.48, DistUp, 247.02
, DistFrontMean, 69.03, DistDowMean, 71.24, DistUpMean, 253.45
, DistFront, 69.49, DistDow, 70.95, DistUp, 243.78
, DistFront, 68.81, DistDow, 71.46, DistUp, 253.25
, DistFront, 68.83, DistDow, 73.55, DistUp, 242.33
, DistFront, 69.34, DistDow, 73.69, DistUp, 266.48
, DistFront, 69.20, DistDow, 70.99, DistUp, 266.80
, DistFront, 69.63, DistDow, 219.91, DistUp, 246.50
, DistFront, 69.25, DistDow, 72.99, DistUp, 241.09
, DistFront, 70.03, DistDow, 73.04, DistUp, 244.40
, DistFront, 70.03, DistDow, 72.57, DistUp, 255.03
, DistFront, 70.43, DistDow, 72.67, DistUp, 252.89
, DistFront, 70.83, DistDow, 73.10, DistUp, 242.28
, DistFront, 70.02, DistDow, 72.99, DistUp, 243.89
, DistFront, 70.82, DistDow, 75.46, DistUp, 254.17
, DistFront, 70.32, DistDow, 3242.38, DistUp, 247.09
, DistFront, 71.09, DistDow, 219.46, DistUp, 246.38
, DistFront, 71.48, DistDow, 220.27, DistUp, 248.04
, DistFront, 71.04, DistDow, 222.70, DistUp, 247.19
, DistFront, 71.04, DistDow, 220.99, DistUp, 248.42
, DistFront, 70.53, DistDow, 219.23, DistUp, 246.82
, DistFront, 71.48, DistDow, 73.25, DistUp, 246.85
, DistFrontMean, 71.12, DistDowMean, 220.99, DistUpMean, 246.84
, DistFront, 72.76, DistDow, 219.23, DistUp, 247.26
, DistFront, 70.73, DistDow, 282.52, DistUp, 245.97
, DistFront, 71.17, DistDow, 281.67, DistUp, 245.24
, DistFront, 76.84, DistDow, 71.28, DistUp, 245.60
, DistFront, 77.70, DistDow, 280.14, DistUp, 243.11
, DistFront, 76.12, DistDow, 3258.98, DistUp, 246.14
, DistFront, 70.99, DistDow, 3269.68, DistUp, 244.49
, DistFront, 71.14, DistDow, 74.39, DistUp, 241.24
, DistFront, 69.95, DistDow, 74.61, DistUp, 241.28
, DistFront, 69.97, DistDow, 74.39, DistUp, 242.13
, DistFront, 70.34, DistDow, 75.07, DistUp, 242.16
, DistFront, 69.78, DistDow, 70.75, DistUp, 245.20
, DistFront, 70.20, DistDow, 72.77, DistUp, 244.42
, DistFront, 70.19, DistDow, 72.35, DistUp, 242.76
, DistFront, 70.46, DistDow, 72.52, DistUp, 244.03
, DistFront, 70.56, DistDow, 72.21, DistUp, 243.54
, DistFront, 69.74, DistDow, 71.77, DistUp, 244.34
, DistFront, 69.69, DistDow, 71.70, DistUp, 242.64
, DistFront, 70.03, DistDow, 71.77, DistUp, 241.33
, DistFront, 69.25, DistDow, 71.99, DistUp, 242.98
, DistFrontMean, 69.71, DistDowMean, 71.67, DistUpMean, 241.31
, DistFront, 70.95, DistDow, 72.09, DistUp, 240.97
, DistFront, 70.63, DistDow, 71.50, DistUp, 243.88
, DistFront, 70.27, DistDow, 72.45, DistUp, 243.45
, DistFront, 72.45, DistDow, 71.21, DistUp, 246.34
, DistFront, 73.71, DistDow, 72.52, DistUp, 246.33
, DistFront, 75.97, DistDow, 71.97, DistUp, 243.40
, DistFront, 76.92, DistDow, 72.09, DistUp, 243.78
, DistFront, 75.77, DistDow, 72.48, DistUp, 241.70
, DistFront, 77.24, DistDow, 71.80, DistUp, 240.85
, DistFront, 76.45, DistDow, 72.48, DistUp, 241.28
, DistFront, 76.97, DistDow, 72.18, DistUp, 245.46
, DistFront, 77.82, DistDow, 72.18, DistUp, 240.83
, DistFront, 78.25, DistDow, 72.57, DistUp, 242.47
, DistFront, 73.38, DistDow, 72.18, DistUp, 239.54
, DistFront, 72.69, DistDow, 72.82, DistUp, 241.21
, DistFront, 73.49, DistDow, 72.57, DistUp, 241.34
, DistFront, 80.07, DistDow, 71.85, DistUp, 242.93
, DistFront, 79.39, DistDow, 71.96, DistUp, 241.24
, DistFront, 78.76, DistDow, 71.75, DistUp, 240.85
, DistFront, 78.32, DistDow, 71.02, DistUp, 241.24
, DistFrontMean, 77.99, DistDowMean, 71.11, DistUpMean, 240.73
, DistFront, 79.17, DistDow, 71.89, DistUp, 244.17
, DistFront, 73.89, DistDow, 72.18, DistUp, 244.10
, DistFront, 70.90, DistDow, 74.10, DistUp, 241.14
, DistFront, 69.98, DistDow, 75.32, DistUp, 239.88
, DistFront, 70.39, DistDow, 73.78, DistUp, 241.92
, DistFront, 69.49, DistDow, 72.09, DistUp, 245.99
, DistFront, 69.85, DistDow, 72.16, DistUp, 245.20
, DistFront, 69.40, DistDow, 70.12, DistUp, 241.41
, DistFront, 69.35, DistDow, 70.61, DistUp, 246.38
, DistFront, 69.00, DistDow, 70.54, DistUp, 244.25
, DistFront, 69.85, DistDow, 72.84, DistUp, 243.84
, DistFront, 69.95, DistDow, 75.41, DistUp, 246.50
, DistFront, 71.99, DistDow, 3275.49, DistUp, 247.70
, DistFront, 72.18, DistDow, 3249.23, DistUp, 248.33
, DistFront, 70.90, DistDow, 72.84, DistUp, 247.55
, DistFront, 70.14, DistDow, 71.92, DistUp, 247.98
, DistFront, 71.02, DistDow, 71.19, DistUp, 247.74
, DistFront, 70.19, DistDow, 71.41, DistUp, 246.89
, DistFront, 69.76, DistDow, 70.90, DistUp, 249.03
, DistFront, 69.74, DistDow, 71.41, DistUp, 249.49
, DistFrontMean, 69.76, DistDowMean, 71.12, DistUpMean, 244.78
, DistFront, 70.54, DistDow, 72.48, DistUp, 243.27
, DistFront, 69.74, DistDow, 71.82, DistUp, 247.02
, DistFront, 69.74, DistDow, 71.50, DistUp, 248.25
, DistFront, 69.34, DistDow, 71.82, DistUp, 248.33
, DistFront, 70.66, DistDow, 72.40, DistUp, 246.63
, DistFront, 70.10, DistDow, 72.26, DistUp, 248.67
, DistFront, 69.63, DistDow, 72.21, DistUp, 261.33
, DistFront, 69.59, DistDow, 71.75, DistUp, 247.33
, DistFront, 70.34, DistDow, 72.13, DistUp, 257.18
, DistFront, 69.42, DistDow, 71.21, DistUp, 269.46
, DistFront, 69.00, DistDow, 72.04, DistUp, 259.10
, DistFront, 70.56, DistDow, 72.19, DistUp, 257.09
, DistFront, 69.34, DistDow, 72.09, DistUp, 256.21
, DistFront, 69.74, DistDow, 71.56, DistUp, 268.27
, DistFront, 69.40, DistDow, 72.99, DistUp, 257.09
, DistFront, 69.30, DistDow, 71.97, DistUp, 267.38
, DistFront, 69.30, DistDow, 71.97, DistUp, 258.42
, DistFront, 69.30, DistDow, 72.38, DistUp, 258.32
, DistFront, 69.30, DistDow, 72.47, DistUp, 256.63
, DistFront, 69.32, DistDow, 71.97, DistUp, 256.17
, DistFrontMean, 69.32, DistDowMean, 71.75, DistUpMean, 254.39
, DistFront, 69.71, DistDow, 71.56, DistUp, 245.95
, DistFront, 69.35, DistDow, 71.92, DistUp, 255.27
, DistFront, 69.74, DistDow, 71.55, DistUp, 267.33
, DistFront, 68.91, DistDow, 70.78, DistUp, 246.24
, DistFront, 69.25, DistDow, 70.97, DistUp, 246.19
, DistFront, 69.25, DistDow, 71.34, DistUp, 246.12
, DistFront, 69.18, DistDow, 70.90, DistUp, 267.24
, DistFront, 69.59, DistDow, 70.88, DistUp, 248.55
, DistFront, 69.68, DistDow, 71.41, DistUp, 246.45
, DistFront, 69.61, DistDow, 71.31, DistUp, 267.53
, DistFront, 69.98, DistDow, 71.21, DistUp, 256.67
, DistFront, 69.17, DistDow, 71.28, DistUp, 267.47
, DistFront, 68.69, DistDow, 70.82, DistUp, 246.63
, DistFront, 69.83, DistDow, 70.48, DistUp, 267.89
, DistFront, 69.34, DistDow, 70.39, DistUp, 255.54
, DistFront, 68.88, DistDow, 70.78, DistUp, 245.70
, DistFront, 68.84, DistDow, 70.56, DistUp, 255.60
, DistFront, 68.84, DistDow, 70.10, DistUp, 245.37
, DistFront, 69.20, DistDow, 70.46, DistUp, 267.38
, DistFront, 68.74, DistDow, 70.43, DistUp, 247.40
, DistFrontMean, 68.76, DistDowMean, 69.81, DistUpMean, 265.41
, DistFront, 68.76, DistDow, 70.20, DistUp, 268.16
, DistFront, 69.23, DistDow, 71.14, DistUp, 243.78
, DistFront, 69.34, DistDow, 71.05, DistUp, 246.60
, DistFront, 70.14, DistDow, 71.56, DistUp, 246.68
, DistFront, 71.09, DistDow, 73.33, DistUp, 245.77
, DistFront, 70.82, DistDow, 70.97, DistUp, 276.48
, DistFront, 71.19, DistDow, 201.24, DistUp, 245.88
, DistFront, 70.41, DistDow, 202.55, DistUp, 246.77
, DistFront, 70.97, DistDow, 199.66, DistUp, 245.49
, DistFront, 70.17, DistDow, 280.49, DistUp, 245.92
, DistFront, 70.31, DistDow, 73.10, DistUp, 246.55
, DistFront, 70.10, DistDow, 74.32, DistUp, 246.38
, DistFront, 70.83, DistDow, 74.69, DistUp, 246.75
, DistFront, 70.88, DistDow, 202.28, DistUp, 249.18
, DistFront, 70.83, DistDow, 201.53, DistUp, 247.18
, DistFront, 70.78, DistDow, 201.04, DistUp, 246.12
, DistFront, 70.41, DistDow, 203.67, DistUp, 248.83
, DistFront, 70.88, DistDow, 199.76, DistUp, 247.13
, DistFront, 71.68, DistDow, 199.91, DistUp, 247.60
, DistFront, 71.56, DistDow, 199.46, DistUp, 245.83
, DistFrontMean, 70.32, DistDowMean, 200.82, DistUpMean, 245.70
, DistFront, 71.50, DistDow, 3340.95, DistUp, 246.17
, DistFront, 71.31, DistDow, 75.48, DistUp, 245.85
, DistFront, 71.90, DistDow, 75.41, DistUp, 245.07
, DistFront, 72.89, DistDow, 76.39, DistUp, 247.21
, DistFront, 71.19, DistDow, 70.60, DistUp, 246.80
, DistFront, 69.90, DistDow, 72.41, DistUp, 247.13
, DistFront, 69.40, DistDow, 72.21, DistUp, 242.87
, DistFront, 69.34, DistDow, 71.46, DistUp, 247.02
, DistFront, 70.53, DistDow, 71.60, DistUp, 245.32
, DistFront, 70.17, DistDow, 71.19, DistUp, 248.28
, DistFront, 69.30, DistDow, 71.73, DistUp, 246.60
, DistFront, 69.34, DistDow, 71.02, DistUp, 248.16
, DistFront, 69.39, DistDow, 71.53, DistUp, 242.89
, DistFront, 69.46, DistDow, 71.56, DistUp, 243.81
, DistFront, 70.31, DistDow, 71.14, DistUp, 243.83
, DistFront, 69.42, DistDow, 71.56, DistUp, 244.91
, DistFront, 69.46, DistDow, 70.70, DistUp, 245.32
, DistFront, 69.34, DistDow, 71.56, DistUp, 243.35
, DistFront, 69.90, DistDow, 71.17, DistUp, 247.57
, DistFront, 69.52, DistDow, 70.92, DistUp, 136.55
, DistFrontMean, 69.12, DistDowMean, 70.99, DistUpMean, 245.41
, DistFront, 70.70, DistDow, 71.80, DistUp, 245.14
, DistFront, 70.31, DistDow, 71.56, DistUp, 245.53
, DistFront, 70.26, DistDow, 71.53, DistUp, 242.18
, DistFront, 69.78, DistDow, 71.46, DistUp, 245.53
, DistFront, 70.19, DistDow, 71.02, DistUp, 242.99
, DistFront, 70.19, DistDow, 70.61, DistUp, 245.53
, DistFront, 69.35, DistDow, 70.61, DistUp, 245.97
, DistFront, 69.35, DistDow, 70.61, DistUp, 141.85
, DistFront, 69.35, DistDow, 70.78, DistUp, 245.12
, DistFront, 68.95, DistDow, 71.04, DistUp, 244.30
, DistFront, 69.34, DistDow, 71.41, DistUp, 246.77
, DistFront, 68.95, DistDow, 71.04, DistUp, 248.76
, DistFront, 68.95, DistDow, 70.61, DistUp, 243.88
, DistFront, 69.34, DistDow, 71.46, DistUp, 246.82
, DistFront, 69.81, DistDow, 71.05, DistUp, 245.17
, DistFront, 69.40, DistDow, 71.53, DistUp, 244.76
, DistFront, 69.06, DistDow, 71.56, DistUp, 246.09
, DistFront, 69.49, DistDow, 71.62, DistUp, 257.67
, DistFront, 69.97, DistDow, 72.31, DistUp, 243.74
, DistFront, 69.97, DistDow, 72.57, DistUp, 244.63
, DistFrontMean, 70.37, DistDowMean, 74.95, DistUpMean, 243.23
, DistFront, 69.91, DistDow, 75.41, DistUp, 245.02
, DistFront, 70.20, DistDow, 75.97, DistUp, 245.02
, DistFront, 69.74, DistDow, 75.17, DistUp, 245.39
, DistFront, 69.81, DistDow, 75.12, DistUp, 246.11
, DistFront, 69.30, DistDow, 73.13, DistUp, 244.88
, DistFront, 69.20, DistDow, 71.77, DistUp, 246.05
, DistFront, 68.76, DistDow, 71.04, DistUp, 245.60
, DistFront, 69.49, DistDow, 70.75, DistUp, 244.34
, DistFront, 69.40, DistDow, 70.66, DistUp, 247.96
, DistFront, 68.91, DistDow, 70.14, DistUp, 245.02
, DistFront, 68.89, DistDow, 70.56, DistUp, 247.96
, DistFront, 68.84, DistDow, 70.10, DistUp, 245.41
, DistFront, 69.25, DistDow, 70.53, DistUp, 247.40
, DistFront, 68.88, DistDow, 70.10, DistUp, 245.34
, DistFront, 69.25, DistDow, 70.12, DistUp, 247.96
, DistFront, 69.25, DistDow, 70.54, DistUp, 247.98
, DistFront, 70.49, DistDow, 70.34, DistUp, 248.83
, DistFront, 69.69, DistDow, 71.02, DistUp, 245.82
, DistFront, 69.30, DistDow, 70.61, DistUp, 245.41
, DistFront, 68.88, DistDow, 71.12, DistUp, 248.10
, DistFrontMean, 68.98, DistDowMean, 70.95, DistUpMean, 244.23
, DistFront, 70.20, DistDow, 71.77, DistUp, 247.28
, DistFront, 69.40, DistDow, 72.41, DistUp, 246.50
, DistFront, 69.46, DistDow, 73.81, DistUp, 254.23
, DistFront, 71.53, DistDow, 3275.68, DistUp, 247.84
, DistFront, 75.82, DistDow, 283.11, DistUp, 245.32
, DistFront, 75.95, DistDow, 71.67, DistUp, 245.03
, DistFront, 75.68, DistDow, 71.19, DistUp, 245.12
, DistFront, 75.24, DistDow, 280.46, DistUp, 246.73
, DistFront, 75.27, DistDow, 3240.43, DistUp, 245.82
, DistFront, 70.34, DistDow, 71.67, DistUp, 245.54
, DistFront, 69.66, DistDow, 71.89, DistUp, 247.21
, DistFront, 70.10, DistDow, 71.92, DistUp, 248.03
, DistFront, 70.17, DistDow, 72.33, DistUp, 247.70
, DistFront, 70.63, DistDow, 71.56, DistUp, 247.35
, DistFront, 70.31, DistDow, 71.85, DistUp, 248.27
, DistFront, 70.78, DistDow, 72.28, DistUp, 249.56
, DistFront, 70.88, DistDow, 71.45, DistUp, 247.53
, DistFront, 70.54, DistDow, 71.92, DistUp, 249.17
, DistFront, 71.50, DistDow, 72.57, DistUp, 250.12
, DistFront, 70.75, DistDow, 72.60, DistUp, 248.10
, DistFrontMean, 70.70, DistDowMean, 71.99, DistUpMean, 247.69
, DistFront, 71.67, DistDow, 72.45, DistUp, 248.23
, DistFront, 70.49, DistDow, 72.28, DistUp, 248.61
, DistFront, 71.75, DistDow, 72.28, DistUp, 248.16
, DistFront, 71.38, DistDow, 72.35, DistUp, 248.40
, DistFront, 71.75, DistDow, 72.19, DistUp, 249.76
, DistFront, 72.55, DistDow, 72.57, DistUp, 247.64
, DistFront, 72.81, DistDow, 72.64, DistUp, 247.99
, DistFront, 72.40, DistDow, 72.19, DistUp, 248.81
, DistFront, 72.81, DistDow, 72.48, DistUp, 249.68
, DistFront, 72.35, DistDow, 72.48, DistUp, 248.84
, DistFront, 71.90, DistDow, 72.09, DistUp, 248.81
, DistFront, 72.64, DistDow, 71.97, DistUp, 247.47
, DistFront, 72.48, DistDow, 71.92, DistUp, 248.23
, DistFront, 72.13, DistDow, 71.99, DistUp, 269.40
, DistFront, 72.76, DistDow, 71.70, DistUp, 247.31
, DistFront, 72.35, DistDow, 71.56, DistUp, 248.47
, DistFront, 71.85, DistDow, 72.04, DistUp, 248.88
, DistFront, 71.24, DistDow, 71.02, DistUp, 245.05
, DistFront, 70.37, DistDow, 70.92, DistUp, 248.78
, DistFront, 70.85, DistDow, 71.73, DistUp, 247.45
, DistFrontMean, 70.43, DistDowMean, 71.50, DistUpMean, 246.99
, DistFront, 70.82, DistDow, 71.89, DistUp, 270.34
, DistFront, 70.02, DistDow, 70.56, DistUp, 269.98
, DistFront, 70.46, DistDow, 71.12, DistUp, 249.39
, DistFront, 69.63, DistDow, 71.46, DistUp, 247.35
, DistFront, 70.48, DistDow, 70.97, DistUp, 247.40
, DistFront, 70.49, DistDow, 70.97, DistUp, 249.00
, DistFront, 70.49, DistDow, 70.97, DistUp, 248.64
, DistFront, 69.66, DistDow, 71.48, DistUp, 248.52
, DistFront, 70.46, DistDow, 70.92, DistUp, 247.38
, DistFront, 70.02, DistDow, 70.85, DistUp, 269.10
, DistFront, 69.12, DistDow, 71.77, DistUp, 269.46
, DistFront, 69.47, DistDow, 71.39, DistUp, 273.11
, DistFront, 69.40, DistDow, 71.17, DistUp, 247.21
, DistFront, 69.74, DistDow, 71.12, DistUp, 247.93
, DistFront, 68.88, DistDow, 71.46, DistUp, 245.88
, DistFront, 69.20, DistDow, 71.39, DistUp, 271.14
, DistFront, 69.56, DistDow, 70.97, DistUp, 247.41
, DistFront, 69.49, DistDow, 71.67, DistUp, 245.77
, DistFront, 69.46, DistDow, 71.73, DistUp, 247.70
, DistFront, 68.55, DistDow, 71.77, DistUp, 268.81
, DistFrontMean, 68.95, DistDowMean, 70.99, DistUpMean, 246.34
, DistFront, 69.68, DistDow, 71.75, DistUp, 268.20
, DistFront, 68.69, DistDow, 71.50, DistUp, 246.50
, DistFront, 68.96, DistDow, 71.45, DistUp, 255.39
, DistFront, 68.04, DistDow, 71.90, DistUp, 257.40
, DistFront, 67.96, DistDow, 71.62, DistUp, 247.64
, DistFront, 68.71, DistDow, 71.53, DistUp, 269.03
, DistFront, 68.20, DistDow, 70.90, DistUp, 247.98
, DistFront, 67.64, DistDow, 70.77, DistUp, 397.04
, DistFront, 68.35, DistDow, 70.60, DistUp, 248.06
, DistFront, 68.64, DistDow, 69.83, DistUp, 394.27
, DistFront, 67.81, DistDow, 69.69, DistUp, 245.53
, DistFront, 67.60, DistDow, 69.49, DistUp, 247.89
, DistFront, 67.18, DistDow, 69.34, DistUp, 247.45
, DistFront, 67.57, DistDow, 68.89, DistUp, 245.73
, DistFront, 68.81, DistDow, 68.89, DistUp, 245.60
, DistFront, 68.40, DistDow, 68.89, DistUp, 244.90
, DistFront, 70.49, DistDow, 68.95, DistUp, 245.31
, DistFront, 70.10, DistDow, 70.26, DistUp, 245.70
, DistFront, 70.49, DistDow, 70.49, DistUp, 244.42
, DistFront, 68.88, DistDow, 7.33, DistUp, 245.75
, DistFrontMean, 69.42, DistDowMean, 3271.34, DistUpMean, 247.53
, DistFront, 70.17, DistDow, 70.32, DistUp, 247.89
, DistFront, 69.34, DistDow, 279.83, DistUp, 247.62
, DistFront, 69.85, DistDow, 73.10, DistUp, 249.25
, DistFront, 69.91, DistDow, 69.49, DistUp, 243.76
, DistFront, 69.56, DistDow, 72.93, DistUp, 242.67
, DistFront, 68.76, DistDow, 72.53, DistUp, 141.80
, DistFront, 68.40, DistDow, 71.73, DistUp, 246.48
, DistFront, 68.40, DistDow, 71.73, DistUp, 248.98
, DistFront, 69.27, DistDow, 72.77, DistUp, 246.75
, DistFront, 68.40, DistDow, 71.73, DistUp, 246.45
, DistFront, 68.40, DistDow, 71.26, DistUp, 247.67
, DistFront, 68.76, DistDow, 71.63, DistUp, 243.81
, DistFront, 67.91, DistDow, 71.56, DistUp, 247.53
, DistFront, 67.91, DistDow, 71.56, DistUp, 249.46
, DistFront, 67.91, DistDow, 71.99, DistUp, 248.71
, DistFront, 68.40, DistDow, 71.24, DistUp, 244.68
, DistFront, 68.06, DistDow, 72.13, DistUp, 246.38
, DistFront, 68.52, DistDow, 71.77, DistUp, 247.33
, DistFront, 68.59, DistDow, 71.45, DistUp, 247.33
, DistFront, 68.61, DistDow, 71.82, DistUp, 245.60
, DistFrontMean, 68.59, DistDowMean, 71.60, DistUpMean, 245.61
, DistFront, 68.96, DistDow, 71.60, DistUp, 247.74
, DistFront, 68.61, DistDow, 71.84, DistUp, 246.14
, DistFront, 69.40, DistDow, 71.70, DistUp, 243.67
, DistFront, 68.96, DistDow, 71.38, DistUp, 245.32
, DistFront, 68.54, DistDow, 73.96, DistUp, 243.62
, DistFront, 70.07, DistDow, 69.68, DistUp, 243.20
, DistFront, 74.76, DistDow, 369.35, DistUp, 247.38
, DistFront, 74.46, DistDow, 69.69, DistUp, 245.20
, DistFront, 74.03, DistDow, 72.70, DistUp, 241.92
, DistFront, 73.91, DistDow, 73.11, DistUp, 242.31
, DistFront, 72.69, DistDow, 73.69, DistUp, 250.56
, DistFront, 69.17, DistDow, 72.47, DistUp, 241.82
, DistFront, 70.37, DistDow, 71.62, DistUp, 243.11
, DistFront, 68.74, DistDow, 71.21, DistUp, 245.24
, DistFront, 68.78, DistDow, 70.82, DistUp, 244.42
, DistFront, 70.02, DistDow, 70.88, DistUp, 244.47
, DistFront, 68.81, DistDow, 71.31, DistUp, 246.99
, DistFront, 68.83, DistDow, 71.96, DistUp, 247.41
, DistFront, 69.66, DistDow, 71.80, DistUp, 246.09
, DistFront, 70.46, DistDow, 72.82, DistUp, 244.95
, DistFrontMean, 69.23, DistDowMean, 72.41, DistUpMean, 244.81
, DistFront, 70.41, DistDow, 73.64, DistUp, 244.91
, DistFront, 70.78, DistDow, 283.27, DistUp, 244.88
, DistFront, 71.56, DistDow, 281.53, DistUp, 246.02
, DistFront, 71.55, DistDow, 371.55, DistUp, 246.99
, DistFront, 71.70, DistDow, 370.78, DistUp, 246.02
, DistFront, 71.31, DistDow, 3243.54, DistUp, 245.66
, DistFront, 69.76, DistDow, 280.99, DistUp, 247.48
, DistFront, 72.28, DistDow, 3263.35, DistUp, 248.98
, DistFront, 69.35, DistDow, 71.53, DistUp, 246.24
, DistFront, 74.35, DistDow, 72.41, DistUp, 246.17
, DistFront, 70.19, DistDow, 3269.59, DistUp, 248.40
, DistFront, 77.19, DistDow, 71.75, DistUp, 250.07
, DistFront, 70.78, DistDow, 70.82, DistUp, 366.33
, DistFront, 71.33, DistDow, 72.60, DistUp, 275.90
, DistFront, 71.45, DistDow, 72.24, DistUp, 272.87
, DistFront, 72.40, DistDow, 72.41, DistUp, 274.18
, DistFront, 72.74, DistDow, 72.47, DistUp, 385.48
, DistFront, 72.77, DistDow, 73.42, DistUp, 278.69
, DistFront, 71.19, DistDow, 73.06, DistUp, 249.27
, DistFront, 71.24, DistDow, 73.98, DistUp, 249.34
, DistFrontMean, 72.52, DistDowMean, 73.54, DistUpMean, 273.64
, DistFront, 72.11, DistDow, 73.95, DistUp, 275.20
, DistFront, 72.64, DistDow, 73.32, DistUp, 274.39
, DistFront, 71.90, DistDow, 73.10, DistUp, 279.12
, DistFront, 72.89, DistDow, 73.06, DistUp, 397.09
, DistFront, 72.16, DistDow, 72.77, DistUp, 283.32
, DistFront, 71.97, DistDow, 73.25, DistUp, 280.37
, DistFront, 72.45, DistDow, 73.32, DistUp, 276.96
, DistFront, 71.99, DistDow, 74.03, DistUp, 274.74
, DistFront, 72.35, DistDow, 73.52, DistUp, 251.92
, DistFront, 71.41, DistDow, 73.74, DistUp, 274.03
, DistFront, 72.57, DistDow, 74.78, DistUp, 281.34
, DistFront, 71.77, DistDow, 75.19, DistUp, 277.09
, DistFront, 72.06, DistDow, 75.03, DistUp, 280.85
, DistFront, 71.77, DistDow, 73.35, DistUp, 278.71
, DistFront, 71.14, DistDow, 73.35, DistUp, 280.83
, DistFront, 72.09, DistDow, 73.67, DistUp, 272.98
, DistFront, 71.26, DistDow, 72.35, DistUp, 249.81
, DistFront, 71.99, DistDow, 72.13, DistUp, 277.06
, DistFront, 72.31, DistDow, 72.31, DistUp, 275.37
, DistFront, 72.64, DistDow, 72.31, DistUp, 284.76
, DistFrontMean, 72.18, DistDowMean, 73.06, DistUpMean, 275.32
, DistFront, 71.70, DistDow, 73.61, DistUp, 274.35
, DistFront, 71.34, DistDow, 74.52, DistUp, 259.59
, DistFront, 71.99, DistDow, 73.83, DistUp, 275.02
, DistFront, 72.40, DistDow, 73.83, DistUp, 277.21
, DistFront, 72.06, DistDow, 73.88, DistUp, 383.71
, DistFront, 71.70, DistDow, 73.76, DistUp, 250.37
, DistFront, 72.81, DistDow, 73.47, DistUp, 276.09
, DistFront, 71.97, DistDow, 73.33, DistUp, 250.12
, DistFront, 71.31, DistDow, 72.96, DistUp, 250.92
, DistFront, 71.62, DistDow, 73.25, DistUp, 279.61
, DistFront, 75.66, DistDow, 70.90, DistUp, 250.92
, DistFront, 71.19, DistDow, 73.74, DistUp, 251.12
, DistFront, 71.21, DistDow, 280.78, DistUp, 250.99
, DistFront, 71.05, DistDow, 72.84, DistUp, 248.81
, DistFront, 72.24, DistDow, 75.99, DistUp, 250.14
, DistFront, 76.04, DistDow, 73.84, DistUp, 247.98
, DistFront, 72.16, DistDow, 73.52, DistUp, 250.19
, DistFront, 72.19, DistDow, 74.27, DistUp, 250.26
, DistFront, 3339.83, DistDow, 74.13, DistUp, 249.59
, DistFront, 71.19, DistDow, 73.83, DistUp, 249.47
, DistFrontMean, 71.26, DistDowMean, 74.23, DistUpMean, 247.24
, DistFront, 72.52, DistDow, 74.34, DistUp, 248.71
, DistFront, 72.19, DistDow, 74.66, DistUp, 249.13
, DistFront, 71.84, DistDow, 74.20, DistUp, 250.48
, DistFront, 71.96, DistDow, 74.90, DistUp, 249.98
, DistFront, 72.45, DistDow, 74.46, DistUp, 270.34
, DistFront, 72.84, DistDow, 75.82, DistUp, 248.62
, DistFront, 71.99, DistDow, 78.35, DistUp, 251.55
, DistFront, 72.98, DistDow, 283.55, DistUp, 250.05
, DistFront, 73.25, DistDow, 75.70, DistUp, 249.32
, DistFront, 73.54, DistDow, 77.93, DistUp, 250.20
, DistFront, 73.91, DistDow, 76.45, DistUp, 248.33
, DistFront, 73.04, DistDow, 75.88, DistUp, 250.82
, DistFront, 72.64, DistDow, 75.17, DistUp, 249.27
, DistFront, 72.64, DistDow, 75.05, DistUp, 249.18
, DistFront, 72.53, DistDow, 75.24, DistUp, 269.49
, DistFront, 72.26, DistDow, 75.17, DistUp, 269.95
, DistFront, 72.64, DistDow, 74.18, DistUp, 251.04
, DistFront, 73.04, DistDow, 74.69, DistUp, 250.34
, DistFront, 72.60, DistDow, 74.59, DistUp, 249.88
, DistFront, 72.16, DistDow, 74.13, DistUp, 249.91
, DistFrontMean, 72.52, DistDowMean, 74.56, DistUpMean, 248.13
, DistFront, 72.91, DistDow, 75.12, DistUp, 250.03
, DistFront, 71.96, DistDow, 74.05, DistUp, 251.67
, DistFront, 72.81, DistDow, 74.59, DistUp, 250.39
, DistFront, 72.69, DistDow, 74.30, DistUp, 249.85
, DistFront, 72.60, DistDow, 74.35, DistUp, 269.95
, DistFront, 72.45, DistDow, 73.54, DistUp, 249.74
, DistFront, 72.35, DistDow, 73.61, DistUp, 251.28
, DistFront, 72.19, DistDow, 73.33, DistUp, 270.37
, DistFront, 73.28, DistDow, 74.12, DistUp, 251.60
, DistFront, 73.54, DistDow, 73.13, DistUp, 249.66
, DistFront, 72.40, DistDow, 72.24, DistUp, 248.18
, DistFront, 72.38, DistDow, 72.87, DistUp, 249.56
, DistFront, 72.09, DistDow, 72.13, DistUp, 247.52
, DistFront, 72.48, DistDow, 72.13, DistUp, 248.81
, DistFront, 72.93, DistDow, 72.40, DistUp, 268.32
, DistFront, 73.25, DistDow, 72.40, DistUp, 269.81
, DistFront, 72.89, DistDow, 72.82, DistUp, 268.84
, DistFront, 73.61, DistDow, 71.96, DistUp, 248.18
, DistFront, 74.05, DistDow, 71.80, DistUp, 269.30
, DistFront, 72.40, DistDow, 71.68, DistUp, 269.66
, DistFrontMean, 72.35, DistDowMean, 71.68, DistUpMean, 248.71
, DistFront, 72.26, DistDow, 72.53, DistUp, 268.64
, DistFront, 70.03, DistDow, 71.77, DistUp, 247.48
, DistFront, 69.46, DistDow, 72.02, DistUp, 249.59
, DistFront, 69.20, DistDow, 71.82, DistUp, 268.59
, DistFront, 68.95, DistDow, 72.11, DistUp, 248.78
, DistFront, 68.67, DistDow, 71.77, DistUp, 248.35
, DistFront, 68.81, DistDow, 71.92, DistUp, 255.60
, DistFront, 68.40, DistDow, 70.53, DistUp, 256.19
, DistFront, 68.11, DistDow, 70.10, DistUp, 266.39
, DistFront, 67.96, DistDow, 69.90, DistUp, 257.98
, DistFront, 67.40, DistDow, 70.20, DistUp, 255.49
, DistFront, 68.47, DistDow, 70.70, DistUp, 256.39
, DistFront, 69.30, DistDow, 3272.82, DistUp, 255.99
, DistFront, 68.71, DistDow, 282.99, DistUp, 255.95
, DistFront, 72.81, DistDow, 69.34, DistUp, 330.24
, DistFront, 67.52, DistDow, 68.91, DistUp, 272.19
, DistFront, 68.67, DistDow, 68.11, DistUp, 246.85
, DistFront, 65.99, DistDow, 69.85, DistUp, 273.74
, DistFront, 67.52, DistDow, 68.89, DistUp, 333.67
, DistFront, 70.31, DistDow, 67.24, DistUp, 270.34
, DistFrontMean, 3319.98, DistDowMean, 70.43, DistUpMean, 279.05
, DistFront, 4.03, DistDow, 70.24, DistUp, 344.59
, DistFront, 64.68, DistDow, 69.35, DistUp, 271.67
, DistFront, 68.49, DistDow, 64.85, DistUp, 269.83
, DistFront, 69.17, DistDow, 65.85, DistUp, 268.11
, DistFront, 65.97, DistDow, 65.10, DistUp, 268.28
, DistFront, 63.78, DistDow, 64.69, DistUp, 268.78
, DistFront, 64.42, DistDow, 64.76, DistUp, 268.27
, DistFront, 63.42, DistDow, 64.61, DistUp, 268.88
, DistFront, 62.87, DistDow, 64.17, DistUp, 268.78
, DistFront, 63.23, DistDow, 64.30, DistUp, 268.96
, DistFront, 62.96, DistDow, 63.28, DistUp, 268.81
, DistFront, 63.45, DistDow, 64.68, DistUp, 280.49
, DistFront, 3322.82, DistDow, 64.46, DistUp, 266.34
, DistFront, 61.41, DistDow, 129.71, DistUp, 269.35
, DistFront, 62.16, DistDow, 234.81, DistUp, 266.33
, DistFront, 62.70, DistDow, 203.20, DistUp, 269.23
, DistFront, 63.42, DistDow, 66.17, DistUp, 269.40
, DistFront, 62.26, DistDow, 68.64, DistUp, 268.69
, DistFront, 62.99, DistDow, 209.25, DistUp, 267.11
, DistFront, 63.96, DistDow, 207.62, DistUp, 270.66
, DistFrontMean, 63.10, DistDowMean, 274.61, DistUpMean, 267.13
, DistFront, 63.78, DistDow, 65.95, DistUp, 266.99
, DistFront, 63.18, DistDow, 65.92, DistUp, 268.20
, DistFront, 63.96, DistDow, 65.92, DistUp, 268.83
, DistFront, 63.74, DistDow, 64.06, DistUp, 268.49
, DistFront, 63.74, DistDow, 68.18, DistUp, 267.77
, DistFront, 63.62, DistDow, 68.32, DistUp, 268.61
, DistFront, 64.03, DistDow, 65.46, DistUp, 267.19
, DistFront, 64.23, DistDow, 68.40, DistUp, 266.62
, DistFront, 63.71, DistDow, 202.99, DistUp, 267.99
, DistFront, 63.69, DistDow, 219.00, DistUp, 266.63
, DistFront, 64.32, DistDow, 63.88, DistUp, 267.31
, DistFront, 63.38, DistDow, 65.02, DistUp, 267.19
, DistFront, 63.38, DistDow, 64.98, DistUp, 267.55
, DistFront, 64.59, DistDow, 65.03, DistUp, 265.34
, DistFront, 64.66, DistDow, 65.48, DistUp, 266.53
, DistFront, 64.63, DistDow, 66.05, DistUp, 266.17
, DistFront, 4.42, DistDow, 65.75, DistUp, 267.33
, DistFront, 65.37, DistDow, 65.75, DistUp, 266.99
, DistFront, 64.91, DistDow, 65.97, DistUp, 266.45
, DistFront, 64.06, DistDow, 66.48, DistUp, 267.84
, DistFrontMean, 63.74, DistDowMean, 3236.80, DistUpMean, 266.11
, DistFront, 64.03, DistDow, 63.96, DistUp, 266.46
, DistFront, 63.67, DistDow, 65.56, DistUp, 267.04
, DistFront, 63.83, DistDow, 65.46, DistUp, 266.63
, DistFront, 3313.04, DistDow, 64.66, DistUp, 267.06
, DistFront, 69.91, DistDow, 64.20, DistUp, 266.21
, DistFront, 69.56, DistDow, 64.56, DistUp, 266.14
, DistFront, 70.03, DistDow, 64.69, DistUp, 266.97
, DistFront, 71.41, DistDow, 64.74, DistUp, 266.99
, DistFront, 4.54, DistDow, 65.10, DistUp, 402.45
, DistFront, 4.03, DistDow, 65.95, DistUp, 271.05
, DistFront, 65.43, DistDow, 66.05, DistUp, 271.14
, DistFront, 64.68, DistDow, 65.20, DistUp, 266.63
, DistFront, 65.54, DistDow, 65.34, DistUp, 266.24
, DistFront, 64.78, DistDow, 65.63, DistUp, 266.11
, DistFront, 64.76, DistDow, 65.60, DistUp, 266.67
, DistFront, 64.85, DistDow, 65.56, DistUp, 266.97
, DistFront, 66.02, DistDow, 65.56, DistUp, 268.32
, DistFront, 71.82, DistDow, 65.66, DistUp, 244.69
, DistFront, 71.05, DistDow, 66.09, DistUp, 245.54
, DistFront, 71.02, DistDow, 65.97, DistUp, 271.67
, DistFrontMean, 70.17, DistDowMean, 66.62, DistUpMean, 244.63
, DistFront, 70.85, DistDow, 66.56, DistUp, 267.57
, DistFront, 69.32, DistDow, 67.06, DistUp, 243.06
, DistFront, 65.56, DistDow, 68.10, DistUp, 244.68
, DistFront, 65.77, DistDow, 67.21, DistUp, 244.68
, DistFront, 65.56, DistDow, 65.60, DistUp, 269.95
, DistFront, 64.78, DistDow, 68.16, DistUp, 270.88
, DistFront, 65.27, DistDow, 68.16, DistUp, 271.56
, DistFront, 68.23, DistDow, 68.54, DistUp, 271.55
, DistFront, 65.46, DistDow, 68.04, DistUp, 270.56
, DistFront, 66.09, DistDow, 64.69, DistUp, 253.78
, DistFront, 65.95, DistDow, 3243.84, DistUp, 343.78
, DistFront, 65.92, DistDow, 278.45, DistUp, 271.96
, DistFront, 65.90, DistDow, 67.67, DistUp, 271.24
, DistFront, 65.75, DistDow, 67.69, DistUp, 331.04
, DistFront, 66.84, DistDow, 66.80, DistUp, 330.54
, DistFront, 66.68, DistDow, 67.47, DistUp, 273.10
, DistFront, 64.39, DistDow, 68.64, DistUp, 271.11
, DistFront, 63.67, DistDow, 64.90, DistUp, 268.47
, DistFront, 63.33, DistDow, 67.38, DistUp, 268.96
, DistFront, 63.71, DistDow, 67.84, DistUp, 269.83
, DistFrontMean, 63.84, DistDowMean, 68.49, DistUpMean, 268.71
, DistFront, 64.03, DistDow, 68.55, DistUp, 270.68
, DistFront, 64.05, DistDow, 67.84, DistUp, 270.27
, DistFront, 63.27, DistDow, 67.53, DistUp, 270.34
, DistFront, 64.12, DistDow, 67.89, DistUp, 269.95
, DistFront, 63.32, DistDow, 68.33, DistUp, 269.91
, DistFront, 63.33, DistDow, 67.93, DistUp, 270.88
, DistFront, 63.38, DistDow, 67.98, DistUp, 270.92
, DistFront, 64.47, DistDow, 68.20, DistUp, 344.46
, DistFront, 63.52, DistDow, 67.60, DistUp, 293.88
, DistFront, 64.74, DistDow, 67.52, DistUp, 341.97
, DistFront, 64.61, DistDow, 67.64, DistUp, 269.74
, DistFront, 64.17, DistDow, 67.64, DistUp, 273.13
, DistFront, 66.28, DistDow, 64.95, DistUp, 269.18
, DistFront, 65.56, DistDow, 68.18, DistUp, 271.80
, DistFront, 65.97, DistDow, 68.10, DistUp, 271.09
, DistFront, 65.61, DistDow, 68.25, DistUp, 270.56
, DistFront, 65.70, DistDow, 68.33, DistUp, 270.24
, DistFront, 65.05, DistDow, 67.89, DistUp, 269.90
, DistFront, 65.88, DistDow, 68.49, DistUp, 269.81
, DistFront, 65.63, DistDow, 68.23, DistUp, 270.20
, DistFrontMean, 65.24, DistDowMean, 70.03, DistUpMean, 267.93
, DistFront, 66.48, DistDow, 69.17, DistUp, 269.34
, DistFront, 66.39, DistDow, 70.03, DistUp, 254.85
, DistFront, 66.39, DistDow, 278.28, DistUp, 268.88
, DistFront, 66.39, DistDow, 278.71, DistUp, 270.20
, DistFront, 66.34, DistDow, 276.97, DistUp, 268.27
, DistFront, 65.83, DistDow, 65.95, DistUp, 269.18
, DistFront, 65.46, DistDow, 278.18, DistUp, 268.76
, DistFront, 65.31, DistDow, 203.89, DistUp, 271.45
, DistFront, 65.92, DistDow, 65.20, DistUp, 268.78
, DistFront, 65.77, DistDow, 64.83, DistUp, 269.83
, DistFront, 65.03, DistDow, 64.74, DistUp, 296.55
, DistFront, 65.02, DistDow, 66.67, DistUp, 274.32
, DistFront, 66.62, DistDow, 68.89, DistUp, 271.28
, DistFront, 67.26, DistDow, 64.17, DistUp, 270.92
, DistFront, 4.42, DistDow, 68.28, DistUp, 269.40
, DistFront, 4.13, DistDow, 66.80, DistUp, 342.11
, DistFront, 65.27, DistDow, 3280.56, DistUp, 269.34
, DistFront, 65.20, DistDow, 66.48, DistUp, 264.18
, DistFront, 63.61, DistDow, 65.90, DistUp, 246.84
, DistFront, 63.88, DistDow, 64.98, DistUp, 245.26
, DistFrontMean, 61.80, DistDowMean, 66.80, DistUpMean, 244.46
, DistFront, 62.62, DistDow, 230.99, DistUp, 248.59
, DistFront, 276.45, DistDow, 65.32, DistUp, 246.12
, DistFront, 62.98, DistDow, 64.10, DistUp, 246.73
, DistFront, 64.35, DistDow, 64.54, DistUp, 247.96
, DistFront, 4.05, DistDow, 64.98, DistUp, 249.10
, DistFront, 65.53, DistDow, 66.34, DistUp, 326.50
, DistFront, 70.14, DistDow, 64.54, DistUp, 267.02
, DistFront, 65.73, DistDow, 65.49, DistUp, 343.42
, DistFront, 66.46, DistDow, 66.26, DistUp, 269.05
, DistFront, 67.62, DistDow, 68.25, DistUp, 270.54
, DistFront, 65.31, DistDow, 67.82, DistUp, 269.68
, DistFront, 66.02, DistDow, 67.45, DistUp, 248.40
, DistFront, 67.38, DistDow, 67.21, DistUp, 403.18
, DistFront, 66.45, DistDow, 67.53, DistUp, 272.53
, DistFront, 65.77, DistDow, 67.89, DistUp, 270.82
, DistFront, 67.24, DistDow, 65.02, DistUp, 268.88
, DistFront, 65.32, DistDow, 66.50, DistUp, 277.45
, DistFront, 65.68, DistDow, 66.56, DistUp, 270.85
, DistFront, 63.74, DistDow, 66.02, DistUp, 271.85
, DistFront, 62.82, DistDow, 66.09, DistUp, 271.31
, DistFrontMean, 62.74, DistDowMean, 66.14, DistUpMean, 268.49
, DistFront, 63.35, DistDow, 66.80, DistUp, 267.81
, DistFront, 63.13, DistDow, 64.85, DistUp, 330.54
, DistFront, 64.54, DistDow, 64.18, DistUp, 339.66
, DistFront, 64.69, DistDow, 63.33, DistUp, 270.12
, DistFront, 64.66, DistDow, 65.60, DistUp, 268.40
, DistFront, 66.63, DistDow, 64.10, DistUp, 269.42
, DistFront, 66.09, DistDow, 64.23, DistUp, 271.56
, DistFront, 66.96, DistDow, 281.75, DistUp, 269.49
, DistFront, 64.98, DistDow, 64.34, DistUp, 271.17
, DistFront, 65.39, DistDow, 66.89, DistUp, 269.95
, DistFront, 64.06, DistDow, 67.99, DistUp, 268.64
, DistFront, 64.03, DistDow, 67.48, DistUp, 270.26
, DistFront, 63.11, DistDow, 66.97, DistUp, 271.73
, DistFront, 62.98, DistDow, 68.55, DistUp, 269.63
, DistFront, 62.99, DistDow, 3232.41, DistUp, 329.61
, DistFront, 62.99, DistDow, 66.19, DistUp, 341.41
, DistFront, 62.53, DistDow, 65.19, DistUp, 330.99
, DistFront, 62.93, DistDow, 65.95, DistUp, 267.47
, DistFront, 63.55, DistDow, 65.27, DistUp, 272.81
, DistFront, 63.49, DistDow, 64.76, DistUp, 268.23
, DistFrontMean, 63.84, DistDowMean, 65.78, DistUpMean, 257.21
, DistFront, 65.37, DistDow, 64.88, DistUp, 266.99
, DistFront, 63.64, DistDow, 61.70, DistUp, 268.13
, DistFront, 63.27, DistDow, 64.49, DistUp, 267.84
, DistFront, 62.18, DistDow, 65.53, DistUp, 267.41
, DistFront, 62.62, DistDow, 66.09, DistUp, 269.12
, DistFront, 61.82, DistDow, 65.12, DistUp, 269.81
, DistFront, 62.62, DistDow, 65.75, DistUp, 267.26
, DistFront, 62.21, DistDow, 65.56, DistUp, 266.84
, DistFront, 62.53, DistDow, 65.68, DistUp, 269.42
, DistFront, 63.03, DistDow, 66.45, DistUp, 266.92
, DistFront, 63.76, DistDow, 65.27, DistUp, 267.47
, DistFront, 63.38, DistDow, 66.04, DistUp, 268.33
, DistFront, 64.27, DistDow, 67.13, DistUp, 267.40
, DistFront, 64.17, DistDow, 65.41, DistUp, 267.98
, DistFront, 64.95, DistDow, 61.82, DistUp, 267.02
, DistFront, 65.53, DistDow, 63.45, DistUp, 269.83
, DistFront, 69.83, DistDow, 63.13, DistUp, 266.05
, DistFront, 69.03, DistDow, 63.06, DistUp, 268.13
, DistFront, 65.07, DistDow, 62.87, DistUp, 265.77
, DistFront, 66.53, DistDow, 62.57, DistUp, 266.14
, DistFrontMean, 3310.97, DistDowMean, 3230.39, DistUpMean, 267.19
, DistFront, 4.13, DistDow, 51.48, DistUp, 267.18
, DistFront, 63.20, DistDow, 3243.45, DistUp, 268.49
, DistFront, 62.87, DistDow, 66.50, DistUp, 266.63
, DistFront, 65.05, DistDow, 62.67, DistUp, 268.47
, DistFront, 66.12, DistDow, 63.54, DistUp, 267.09
, DistFront, 65.77, DistDow, 3256.39, DistUp, 267.98
, DistFront, 65.53, DistDow, 3254.17, DistUp, 268.42
, DistFront, 68.18, DistDow, 3259.56, DistUp, 267.60
, DistFront, 4.54, DistDow, 3264.25, DistUp, 267.09
, DistFront, 63.18, DistDow, 65.63, DistUp, 266.92
, DistFront, 63.35, DistDow, 65.66, DistUp, 267.38
, DistFront, 63.38, DistDow, 65.34, DistUp, 266.48
, DistFront, 62.93, DistDow, 64.49, DistUp, 266.45
, DistFront, 63.18, DistDow, 64.76, DistUp, 236.56
, DistFront, 63.33, DistDow, 65.02, DistUp, 265.75
, DistFront, 62.33, DistDow, 64.97, DistUp, 266.04
, DistFront, 64.47, DistDow, 62.45, DistUp, 339.06
, DistFront, 64.39, DistDow, 60.97, DistUp, 328.95
, DistFront, 64.03, DistDow, 3263.03, DistUp, 266.62
, DistFront, 61.73, DistDow, 64.05, DistUp, 268.18
, DistFrontMean, 62.31, DistDowMean, 64.95, DistUpMean, 265.12
, DistFront, 62.35, DistDow, 64.35, DistUp, 266.17
, DistFront, 61.48, DistDow, 63.69, DistUp, 265.26
, DistFront, 61.84, DistDow, 64.40, DistUp, 265.66
, DistFront, 62.13, DistDow, 61.55, DistUp, 267.67
, DistFront, 61.60, DistDow, 63.95, DistUp, 267.38
, DistFront, 62.57, DistDow, 63.59, DistUp, 266.99
, DistFront, 61.28, DistDow, 64.32, DistUp, 266.19
, DistFront, 61.68, DistDow, 65.20, DistUp, 267.41
, DistFront, 60.60, DistDow, 3230.77, DistUp, 267.21
, DistFront, 61.34, DistDow, 205.24, DistUp, 267.06
, DistFront, 61.33, DistDow, 62.35, DistUp, 340.77
, DistFront, 60.53, DistDow, 67.84, DistUp, 325.75
, DistFront, 61.45, DistDow, 64.63, DistUp, 342.02
, DistFront, 60.49, DistDow, 66.26, DistUp, 326.05
, DistFront, 60.46, DistDow, 64.00, DistUp, 265.88
, DistFront, 61.05, DistDow, 64.23, DistUp, 326.48
, DistFront, 61.09, DistDow, 64.00, DistUp, 265.05
, DistFront, 61.12, DistDow, 64.17, DistUp, 339.20
, DistFront, 62.04, DistDow, 64.56, DistUp, 266.92
, DistFront, 62.67, DistDow, 62.76, DistUp, 268.88
, DistFrontMean, 61.62, DistDowMean, 3253.04, DistUpMean, 339.17
, DistFront, 61.26, DistDow, 64.35, DistUp, 250.75
, DistFront, 61.68, DistDow, 66.02, DistUp, 342.77
, DistFront, 62.28, DistDow, 65.39, DistUp, 129.27
, DistFront, 63.06, DistDow, 63.98, DistUp, 268.40
, DistFront, 63.38, DistDow, 66.63, DistUp, 274.46
, DistFront, 63.67, DistDow, 66.99, DistUp, 271.73
, DistFront, 63.33, DistDow, 67.28, DistUp, 304.03
, DistFront, 64.97, DistDow, 66.96, DistUp, 328.69
, DistFront, 63.95, DistDow, 67.35, DistUp, 275.37
, DistFront, 63.59, DistDow, 68.11, DistUp, 271.19
, DistFront, 64.68, DistDow, 64.34, DistUp, 270.41
, DistFront, 64.18, DistDow, 65.12, DistUp, 273.71
, DistFront, 63.83, DistDow, 63.59, DistUp, 271.04
, DistFront, 62.76, DistDow, 277.82, DistUp, 267.57
, DistFront, 62.33, DistDow, 63.69, DistUp, 129.74
, DistFront, 62.77, DistDow, 63.78, DistUp, 278.74
, DistFront, 62.82, DistDow, 274.74, DistUp, 300.70
, DistFront, 64.47, DistDow, 61.62, DistUp, 252.18
, DistFront, 63.74, DistDow, 64.17, DistUp, 272.45
, DistFront, 63.18, DistDow, 63.32, DistUp, 271.67
, DistFrontMean, 63.27, DistDowMean, 63.18, DistUpMean, 326.39
, DistFront, 63.54, DistDow, 62.96, DistUp, 330.20
, DistFront, 63.23, DistDow, 63.52, DistUp, 252.53
, DistFront, 62.45, DistDow, 63.10, DistUp, 340.48
, DistFront, 62.38, DistDow, 63.91, DistUp, 298.76
, DistFront, 62.53, DistDow, 63.27, DistUp, 245.63
, DistFront, 63.03, DistDow, 63.59, DistUp, 340.53
, DistFront, 63.91, DistDow, 64.10, DistUp, 327.60
, DistFront, 63.59, DistDow, 63.45, DistUp, 272.38
, DistFront, 63.74, DistDow, 64.03, DistUp, 203.52
, DistFront, 63.67, DistDow, 64.35, DistUp, 271.50
, DistFront, 63.74, DistDow, 64.91, DistUp, 245.63
, DistFront, 64.30, DistDow, 65.14, DistUp, 272.52
, DistFront, 64.12, DistDow, 65.43, DistUp, 245.68
, DistFront, 64.69, DistDow, 65.78, DistUp, 246.11
, DistFront, 64.18, DistDow, 66.33, DistUp, 252.26
, DistFront, 63.11, DistDow, 66.39, DistUp, 272.09
, DistFront, 62.84, DistDow, 64.49, DistUp, 340.49
, DistFront, 62.48, DistDow, 64.25, DistUp, 341.41
, DistFront, 62.69, DistDow, 64.46, DistUp, 251.60
, DistFront, 63.28, DistDow, 64.10, DistUp, 268.71
, DistFrontMean, 63.06, DistDowMean, 3232.82, DistUpMean, 270.10
, DistFront, 63.42, DistDow, 64.32, DistUp, 271.09
, DistFront, 63.32, DistDow, 64.56, DistUp, 267.70
, DistFront, 63.33, DistDow, 65.20, DistUp, 269.12
, DistFront, 62.57, DistDow, 68.96, DistUp, 274.13
, DistFront, 62.77, DistDow, 3240.48, DistUp, 341.28
, DistFront, 62.76, DistDow, 3247.09, DistUp, 270.02
, DistFront, 62.41, DistDow, 3269.78, DistUp, 267.82
, DistFront, 62.09, DistDow, 3228.78, DistUp, 270.03
, DistFront, 61.73, DistDow, 3261.34, DistUp, 275.12
, DistFront, 61.84, DistDow, 3256.50, DistUp, 329.34
, DistFront, 62.06, DistDow, 3271.31, DistUp, 270.10
, DistFront, 63.18, DistDow, 3246.50, DistUp, 269.56
, DistFront, 64.97, DistDow, 3286.48, DistUp, 342.93
, DistFront, 66.12, DistDow, 3232.87, DistUp, 343.35
, DistFront, 66.21, DistDow, 3237.16, DistUp, 344.20
, DistFront, 70.92, DistDow, 279.88, DistUp, 345.48
, DistFront, 70.53, DistDow, 64.40, DistUp, 344.97
, DistFront, 66.73, DistDow, 64.61, DistUp, 240.63
, DistFront, 66.28, DistDow, 64.66, DistUp, 270.03
, DistFront, 66.33, DistDow, 66.02, DistUp, 244.00
, DistFrontMean, 66.50, DistDowMean, 3259.74, DistUpMean, 269.66
, DistFront, 67.74, DistDow, 65.26, DistUp, 344.27
, DistFront, 67.91, DistDow, 65.26, DistUp, 269.34
, DistFront, 66.68, DistDow, 6.38, DistUp, 269.61
, DistFront, 66.48, DistDow, 65.49, DistUp, 245.31
, DistFront, 70.77, DistDow, 64.74, DistUp, 342.45
, DistFront, 65.70, DistDow, 63.89, DistUp, 269.81
, DistFront, 65.07, DistDow, 63.83, DistUp, 273.89
, DistFront, 65.07, DistDow, 64.27, DistUp, 329.68
, DistFront, 64.49, DistDow, 3250.54, DistUp, 269.69
, DistFront, 67.18, DistDow, 3250.27, DistUp, 269.39
, DistFront, 64.59, DistDow, 67.31, DistUp, 269.34
, DistFront, 64.61, DistDow, 67.99, DistUp, 268.95
, DistFront, 65.48, DistDow, 66.90, DistUp, 269.03
, DistFront, 64.59, DistDow, 66.85, DistUp, 270.75
, DistFront, 64.23, DistDow, 66.92, DistUp, 271.24
, DistFront, 64.68, DistDow, 66.89, DistUp, 273.38
, DistFront, 64.83, DistDow, 66.96, DistUp, 269.66
, DistFront, 65.61, DistDow, 67.55, DistUp, 268.95
, DistFront, 65.68, DistDow, 67.09, DistUp, 270.24
, DistFront, 65.27, DistDow, 67.19, DistUp, 268.55
, DistFrontMean, 65.03, DistDowMean, 67.82, DistUpMean, 268.71
, DistFront, 65.34, DistDow, 68.67, DistUp, 269.83
, DistFront, 65.49, DistDow, 68.27, DistUp, 269.85
, DistFront, 65.03, DistDow, 68.55, DistUp, 270.14
, DistFront, 65.19, DistDow, 277.47, DistUp, 270.14
, DistFront, 65.92, DistDow, 279.59, DistUp, 269.30
, DistFront, 65.92, DistDow, 280.63, DistUp, 270.97
, DistFront, 66.31, DistDow, 3243.27, DistUp, 269.10
, DistFront, 65.92, DistDow, 3257.13, DistUp, 272.35
, DistFront, 64.32, DistDow, 68.40, DistUp, 270.19
, DistFront, 64.71, DistDow, 68.59, DistUp, 270.07
, DistFront, 64.34, DistDow, 68.23, DistUp, 270.46
, DistFront, 64.71, DistDow, 67.99, DistUp, 253.20
, DistFront, 64.17, DistDow, 67.26, DistUp, 293.45
, DistFront, 64.63, DistDow, 68.06, DistUp, 271.77
, DistFront, 63.74, DistDow, 67.70, DistUp, 269.18
, DistFront, 64.54, DistDow, 67.31, DistUp, 270.05
, DistFront, 64.47, DistDow, 67.24, DistUp, 269.20
, DistFront, 67.26, DistDow, 67.81, DistUp, 270.48
, DistFront, 67.18, DistDow, 67.55, DistUp, 270.85
, DistFront, 66.97, DistDow, 67.60, DistUp, 330.68
, DistFrontMean, 67.04, DistDowMean, 67.70, DistUpMean, 329.71
, DistFront, 66.48, DistDow, 68.11, DistUp, 331.11
, DistFront, 65.97, DistDow, 68.11, DistUp, 344.18
, DistFront, 65.97, DistDow, 68.13, DistUp, 331.14
, DistFront, 65.12, DistDow, 72.82, DistUp, 342.93
, DistFront, 65.63, DistDow, 65.02, DistUp, 270.24
, DistFront, 64.81, DistDow, 277.81, DistUp, 271.39
, DistFront, 64.81, DistDow, 204.90, DistUp, 257.40
, DistFront, 64.81, DistDow, 208.33, DistUp, 255.68
, DistFront, 67.09, DistDow, 65.66, DistUp, 273.18
, DistFront, 67.52, DistDow, 69.20, DistUp, 269.95
, DistFront, 65.53, DistDow, 68.64, DistUp, 269.34
, DistFront, 66.04, DistDow, 67.69, DistUp, 269.78
, DistFront, 64.35, DistDow, 67.24, DistUp, 270.99
, DistFront, 64.20, DistDow, 67.38, DistUp, 272.33
, DistFront, 64.18, DistDow, 67.60, DistUp, 270.49
, DistFront, 64.12, DistDow, 67.53, DistUp, 251.89
, DistFront, 64.47, DistDow, 70.83, DistUp, 269.17
, DistFront, 67.09, DistDow, 65.20, DistUp, 269.98
, DistFront, 66.53, DistDow, 66.41, DistUp, 253.64
, DistFront, 67.02, DistDow, 3232.06, DistUp, 268.91
, DistFrontMean, 64.06, DistDowMean, 66.34, DistUpMean, 266.92
, DistFront, 65.26, DistDow, 3266.17, DistUp, 272.09
, DistFront, 62.82, DistDow, 3256.41, DistUp, 272.62
, DistFront, 63.98, DistDow, 3277.33, DistUp, 273.96
, DistFront, 65.61, DistDow, 67.31, DistUp, 270.43
, DistFront, 66.62, DistDow, 67.64, DistUp, 271.33
, DistFront, 66.77, DistDow, 67.70, DistUp, 271.09
, DistFront, 68.11, DistDow, 67.96, DistUp, 270.61
, DistFront, 66.21, DistDow, 67.70, DistUp, 269.91
, DistFront, 65.61, DistDow, 67.74, DistUp, 269.90
, DistFront, 66.77, DistDow, 67.38, DistUp, 254.13
, DistFront, 65.12, DistDow, 67.24, DistUp, 253.64
, DistFront, 65.27, DistDow, 68.10, DistUp, 341.17
, DistFront, 64.69, DistDow, 68.28, DistUp, 341.62
, DistFront, 64.59, DistDow, 68.28, DistUp, 343.28
, DistFront, 63.95, DistDow, 68.23, DistUp, 270.78
, DistFront, 64.68, DistDow, 69.27, DistUp, 254.68
, DistFront, 64.00, DistDow, 68.47, DistUp, 269.54
, DistFront, 64.06, DistDow, 68.33, DistUp, 272.45
, DistFront, 63.98, DistDow, 66.28, DistUp, 271.09
, DistFront, 64.47, DistDow, 66.04, DistUp, 271.73
, DistFrontMean, 67.40, DistDowMean, 66.26, DistUpMean, 276.46
, DistFront, 68.04, DistDow, 66.55, DistUp, 344.98
, DistFront, 65.97, DistDow, 65.95, DistUp, 270.10
, DistFront, 65.61, DistDow, 65.24, DistUp, 269.13
, DistFront, 65.24, DistDow, 65.63, DistUp, 269.17
, DistFront, 64.32, DistDow, 65.03, DistUp, 202.33
, DistFront, 63.81, DistDow, 65.34, DistUp, 270.02
, DistFront, 64.59, DistDow, 65.48, DistUp, 271.17
, DistFront, 64.59, DistDow, 66.33, DistUp, 271.90
, DistFront, 64.59, DistDow, 67.62, DistUp, 257.57
, DistFront, 64.68, DistDow, 68.28, DistUp, 270.14
, DistFront, 64.30, DistDow, 66.38, DistUp, 270.54
, DistFront, 64.32, DistDow, 278.98, DistUp, 269.83
, DistFront, 64.71, DistDow, 65.97, DistUp, 246.11
, DistFront, 63.98, DistDow, 65.83, DistUp, 268.76
, DistFront, 64.52, DistDow, 66.09, DistUp, 248.74
, DistFront, 64.46, DistDow, 66.82, DistUp, 267.47
, DistFront, 64.47, DistDow, 65.90, DistUp, 246.85
, DistFront, 65.05, DistDow, 65.78, DistUp, 269.23
, DistFront, 65.07, DistDow, 65.92, DistUp, 267.64
, DistFront, 64.18, DistDow, 66.28, DistUp, 268.20
, DistFrontMean, 64.69, DistDowMean, 66.21, DistUpMean, 245.73
, DistFront, 65.02, DistDow, 66.62, DistUp, 258.13
, DistFront, 65.12, DistDow, 65.97, DistUp, 246.99
, DistFront, 65.43, DistDow, 66.31, DistUp, 269.03
, DistFront, 66.68, DistDow, 66.89, DistUp, 271.62
, DistFront, 67.52, DistDow, 66.97, DistUp, 344.56
, DistFront, 68.38, DistDow, 68.06, DistUp, 331.11
, DistFront, 66.82, DistDow, 68.89, DistUp, 274.66
, DistFront, 67.47, DistDow, 67.99, DistUp, 253.91
, DistFront, 65.99, DistDow, 68.81, DistUp, 253.81
, DistFront, 65.77, DistDow, 70.20, DistUp, 269.13
, DistFront, 65.12, DistDow, 69.66, DistUp, 269.98
, DistFront, 63.49, DistDow, 63.98, DistUp, 270.41
, DistFront, 63.16, DistDow, 67.76, DistUp, 258.38
, DistFront, 63.89, DistDow, 66.53, DistUp, 328.27
, DistFront, 62.98, DistDow, 64.34, DistUp, 268.59
, DistFront, 63.04, DistDow, 66.24, DistUp, 268.03
, DistFront, 63.78, DistDow, 65.77, DistUp, 268.04
, DistFront, 65.03, DistDow, 65.39, DistUp, 252.28
, DistFront, 66.04, DistDow, 64.88, DistUp, 344.17
, DistFront, 66.89, DistDow, 64.74, DistUp, 244.47
, DistFrontMean, 65.49, DistDowMean, 64.78, DistUpMean, 255.68
, DistFront, 65.37, DistDow, 64.76, DistUp, 267.93
, DistFront, 64.18, DistDow, 64.76, DistUp, 267.99
, DistFront, 63.81, DistDow, 64.95, DistUp, 268.47
, DistFront, 63.78, DistDow, 64.71, DistUp, 269.13
, DistFront, 64.23, DistDow, 65.56, DistUp, 259.25
, DistFront, 63.42, DistDow, 66.02, DistUp, 296.38
, DistFront, 64.34, DistDow, 66.02, DistUp, 274.61
, DistFront, 63.91, DistDow, 65.77, DistUp, 247.24
, DistFront, 63.38, DistDow, 65.99, DistUp, 246.02
, DistFront, 63.38, DistDow, 65.48, DistUp, 246.89
, DistFront, 64.27, DistDow, 65.43, DistUp, 246.50
, DistFront, 63.74, DistDow, 65.43, DistUp, 253.49
, DistFront, 63.45, DistDow, 66.11, DistUp, 268.83
, DistFront, 63.78, DistDow, 64.97, DistUp, 259.30
, DistFront, 63.23, DistDow, 65.12, DistUp, 247.40
, DistFront, 64.25, DistDow, 65.32, DistUp, 275.49
, DistFront, 63.78, DistDow, 66.02, DistUp, 340.85
, DistFront, 64.20, DistDow, 65.54, DistUp, 253.52
, DistFront, 63.49, DistDow, 65.20, DistUp, 250.46
, DistFront, 63.54, DistDow, 64.81, DistUp, 259.18
, DistFrontMean, 63.49, DistDowMean, 65.46, DistUpMean, 256.97
, DistFront, 63.40, DistDow, 64.98, DistUp, 341.53
, DistFront, 63.38, DistDow, 64.95, DistUp, 349.69
, DistFront, 63.47, DistDow, 64.95, DistUp, 349.76
, DistFront, 63.35, DistDow, 65.39, DistUp, 250.46
, DistFront, 63.98, DistDow, 65.17, DistUp, 202.28
, DistFront, 63.28, DistDow, 65.49, DistUp, 251.80
, DistFront, 63.84, DistDow, 65.10, DistUp, 342.11
, DistFront, 63.59, DistDow, 64.97, DistUp, 258.59
, DistFront, 63.62, DistDow, 65.48, DistUp, 268.64
, DistFront, 64.91, DistDow, 65.92, DistUp, 267.70
, DistFront, 64.59, DistDow, 65.12, DistUp, 268.54
, DistFront, 65.60, DistDow, 66.62, DistUp, 343.13
, DistFront, 67.04, DistDow, 66.68, DistUp, 277.19
, DistFront, 66.17, DistDow, 66.63, DistUp, 254.30
, DistFront, 66.09, DistDow, 67.09, DistUp, 271.33
, DistFront, 65.68, DistDow, 66.99, DistUp, 269.20
, DistFront, 64.20, DistDow, 67.31, DistUp, 269.17
, DistFront, 64.88, DistDow, 67.09, DistUp, 268.35
, DistFront, 64.91, DistDow, 67.84, DistUp, 270.56
, DistFront, 65.34, DistDow, 67.64, DistUp, 271.34
, DistFrontMean, 65.53, DistDowMean, 66.77, DistUpMean, 270.14
, DistFront, 66.39, DistDow, 66.14, DistUp, 271.92
, DistFront, 64.03, DistDow, 65.88, DistUp, 270.66
, DistFront, 64.42, DistDow, 66.19, DistUp, 257.70
, DistFront, 64.20, DistDow, 64.95, DistUp, 247.28
, DistFront, 65.54, DistDow, 65.41, DistUp, 319.52
, DistFront, 66.84, DistDow, 64.61, DistUp, 268.13
, DistFront, 66.28, DistDow, 65.26, DistUp, 268.25
, DistFront, 64.66, DistDow, 64.56, DistUp, 266.89
, DistFront, 64.13, DistDow, 64.91, DistUp, 266.53
, DistFront, 63.25, DistDow, 64.20, DistUp, 274.85
, DistFront, 63.81, DistDow, 64.13, DistUp, 340.85
, DistFront, 63.25, DistDow, 64.66, DistUp, 258.20
, DistFront, 63.74, DistDow, 64.66, DistUp, 272.67
, DistFront, 63.54, DistDow, 64.25, DistUp, 247.16
, DistFront, 62.84, DistDow, 64.35, DistUp, 268.42
, DistFront, 62.74, DistDow, 63.96, DistUp, 270.70
, DistFront, 63.59, DistDow, 64.00, DistUp, 270.24
, DistFront, 62.69, DistDow, 64.56, DistUp, 269.56
, DistFront, 63.13, DistDow, 64.10, DistUp, 269.95
, DistFront, 63.74, DistDow, 64.42, DistUp, 268.84
, DistFrontMean, 63.33, DistDowMean, 64.85, DistUpMean, 267.84
, DistFront, 63.81, DistDow, 65.27, DistUp, 270.46
, DistFront, 63.38, DistDow, 64.47, DistUp, 270.14
, DistFront, 64.42, DistDow, 64.47, DistUp, 269.78
, DistFront, 63.74, DistDow, 65.10, DistUp, 270.68
, DistFront, 64.39, DistDow, 65.85, DistUp, 270.31
, DistFront, 64.83, DistDow, 65.63, DistUp, 276.96
, DistFront, 64.88, DistDow, 68.47, DistUp, 260.75
, DistFront, 63.91, DistDow, 66.89, DistUp, 270.37
, DistFront, 65.32, DistDow, 67.21, DistUp, 268.71
, DistFront, 65.92, DistDow, 67.74, DistUp, 342.67
, DistFront, 67.74, DistDow, 69.34, DistUp, 353.98
, DistFront, 66.92, DistDow, 68.20, DistUp, 270.88
, DistFront, 65.39, DistDow, 67.45, DistUp, 270.12
, DistFront, 65.34, DistDow, 67.35, DistUp, 268.89
, DistFront, 64.42, DistDow, 3238.78, DistUp, 274.78
, DistFront, 68.62, DistDow, 65.83, DistUp, 269.13
, DistFront, 66.21, DistDow, 67.48, DistUp, 268.13
, DistFront, 67.69, DistDow, 67.91, DistUp, 266.31
, DistFront, 66.26, DistDow, 67.77, DistUp, 329.49
, DistFront, 65.56, DistDow, 67.70, DistUp, 252.45
, DistFrontMean, 66.48, DistDowMean, 67.09, DistUpMean, 250.19
, DistFront, 65.68, DistDow, 68.40, DistUp, 252.96
, DistFront, 65.48, DistDow, 68.35, DistUp, 253.25
, DistFront, 65.05, DistDow, 69.32, DistUp, 254.76
, DistFront, 65.56, DistDow, 69.81, DistUp, 246.99
, DistFront, 65.32, DistDow, 69.46, DistUp, 251.45
, DistFront, 65.66, DistDow, 68.59, DistUp, 252.35
, DistFront, 66.12, DistDow, 68.76, DistUp, 250.99
, DistFront, 66.17, DistDow, 68.61, DistUp, 251.77
, DistFront, 67.55, DistDow, 69.85, DistUp, 252.02
, DistFront, 73.20, DistDow, 70.17, DistUp, 253.04
, DistFront, 66.39, DistDow, 66.99, DistUp, 268.54
, DistFront, 68.96, DistDow, 67.24, DistUp, 271.09
, DistFront, 67.47, DistDow, 68.18, DistUp, 248.76
, DistFront, 67.69, DistDow, 68.04, DistUp, 247.57
, DistFront, 67.47, DistDow, 67.98, DistUp, 248.49
, DistFront, 67.62, DistDow, 68.03, DistUp, 273.88
, DistFront, 68.52, DistDow, 69.05, DistUp, 271.77
, DistFront, 68.91, DistDow, 70.27, DistUp, 273.98
, DistFront, 68.84, DistDow, 240.92, DistUp, 272.31
, DistFront, 68.76, DistDow, 72.67, DistUp, 271.05
, DistFrontMean, 67.89, DistDowMean, 70.49, DistUpMean, 270.12
, DistFront, 68.64, DistDow, 71.24, DistUp, 270.61
, DistFront, 67.31, DistDow, 69.76, DistUp, 271.84
, DistFront, 68.35, DistDow, 69.23, DistUp, 271.38
, DistFront, 67.13, DistDow, 69.05, DistUp, 271.39
, DistFront, 66.68, DistDow, 69.54, DistUp, 271.97
, DistFront, 67.47, DistDow, 69.47, DistUp, 273.27
, DistFront, 67.38, DistDow, 69.88, DistUp, 277.04
, DistFront, 67.06, DistDow, 69.05, DistUp, 271.70
, DistFront, 68.23, DistDow, 70.37, DistUp, 273.89
, DistFront, 67.41, DistDow, 70.46, DistUp, 395.43
, DistFront, 68.25, DistDow, 163.95, DistUp, 274.68
, DistFront, 68.98, DistDow, 163.27, DistUp, 271.14
, DistFront, 68.10, DistDow, 134.25, DistUp, 273.11
, DistFront, 68.10, DistDow, 242.31, DistUp, 393.69
, DistFront, 67.38, DistDow, 69.42, DistUp, 270.31
, DistFront, 66.67, DistDow, 239.90, DistUp, 271.33
, DistFront, 67.77, DistDow, 67.60, DistUp, 271.34
, DistFront, 65.97, DistDow, 68.32, DistUp, 270.39
, DistFront, 67.31, DistDow, 71.02, DistUp, 248.95
, DistFront, 66.77, DistDow, 67.53, DistUp, 250.17
, DistFrontMean, 67.98, DistDowMean, 66.62, DistUpMean, 391.73
, DistFront, 70.99, DistDow, 67.31, DistUp, 270.66
, DistFront, 66.97, DistDow, 67.96, DistUp, 273.10
, DistFront, 66.73, DistDow, 71.73, DistUp, 248.52
, DistFront, 3311.67, DistDow, 66.12, DistUp, 271.14
, DistFront, 68.47, DistDow, 67.69, DistUp, 344.56
, DistFront, 66.53, DistDow, 68.20, DistUp, 269.95
, DistFront, 66.41, DistDow, 68.61, DistUp, 269.10
, DistFront, 67.69, DistDow, 68.81, DistUp, 269.74
, DistFront, 67.57, DistDow, 65.66, DistUp, 268.55
, DistFront, 67.06, DistDow, 278.10, DistUp, 242.48
, DistFront, 66.12, DistDow, 65.31, DistUp, 240.95
, DistFront, 64.54, DistDow, 68.71, DistUp, 270.83
, DistFront, 65.27, DistDow, 68.69, DistUp, 269.25
, DistFront, 64.78, DistDow, 68.59, DistUp, 246.55
, DistFront, 67.93, DistDow, 68.81, DistUp, 272.21
, DistFront, 66.62, DistDow, 68.74, DistUp, 246.34
, DistFront, 64.95, DistDow, 68.52, DistUp, 270.17
, DistFront, 64.52, DistDow, 67.45, DistUp, 254.00
, DistFront, 64.69, DistDow, 64.40, DistUp, 269.68
, DistFront, 64.98, DistDow, 64.10, DistUp, 271.46
, DistFrontMean, 65.17, DistDowMean, 67.09, DistUpMean, 268.11
, DistFront, 65.05, DistDow, 71.34, DistUp, 269.27
, DistFront, 64.85, DistDow, 68.38, DistUp, 271.48
, DistFront, 65.17, DistDow, 70.07, DistUp, 254.17
, DistFront, 65.03, DistDow, 72.70, DistUp, 271.19
, DistFront, 65.27, DistDow, 70.75, DistUp, 390.19
, DistFront, 65.43, DistDow, 68.40, DistUp, 341.82
, DistFront, 66.60, DistDow, 69.52, DistUp, 253.89
, DistFront, 67.06, DistDow, 276.12, DistUp, 277.70
, DistFront, 68.35, DistDow, 275.73, DistUp, 252.60
, DistFront, 67.55, DistDow, 3248.91, DistUp, 271.48
, DistFront, 68.13, DistDow, 3232.64, DistUp, 269.69
, DistFront, 65.73, DistDow, 68.42, DistUp, 270.26
, DistFront, 65.32, DistDow, 67.93, DistUp, 269.71
, DistFront, 65.83, DistDow, 67.96, DistUp, 271.41
, DistFront, 65.32, DistDow, 68.83, DistUp, 270.24
, DistFront, 64.63, DistDow, 67.96, DistUp, 270.54
, DistFront, 66.12, DistDow, 68.33, DistUp, 271.46
, DistFront, 64.47, DistDow, 67.96, DistUp, 270.90
, DistFront, 64.42, DistDow, 68.20, DistUp, 269.63
, DistFront, 65.73, DistDow, 66.97, DistUp, 270.03
, DistFrontMean, 64.47, DistDowMean, 67.04, DistUpMean, 269.12
, DistFront, 64.69, DistDow, 68.23, DistUp, 271.38
, DistFront, 64.63, DistDow, 67.28, DistUp, 246.73
, DistFront, 64.56, DistDow, 68.04, DistUp, 270.68
, DistFront, 63.33, DistDow, 67.45, DistUp, 270.60
, DistFront, 63.28, DistDow, 67.70, DistUp, 270.54
, DistFront, 63.23, DistDow, 67.35, DistUp, 269.63
, DistFront, 64.81, DistDow, 66.85, DistUp, 267.55
, DistFront, 64.59, DistDow, 64.69, DistUp, 267.16
, DistFront, 63.84, DistDow, 67.04, DistUp, 267.16
, DistFront, 64.97, DistDow, 69.10, DistUp, 240.41
, DistFront, 64.59, DistDow, 3257.76, DistUp, 267.45
, DistFront, 63.71, DistDow, 70.43, DistUp, 245.37
, DistFront, 64.25, DistDow, 68.81, DistUp, 266.75
, DistFront, 64.34, DistDow, 68.11, DistUp, 241.28
, DistFront, 63.88, DistDow, 67.31, DistUp, 268.23
, DistFront, 64.32, DistDow, 68.16, DistUp, 267.89
, DistFront, 63.78, DistDow, 67.69, DistUp, 239.17
, DistFront, 63.47, DistDow, 68.54, DistUp, 253.95
, DistFront, 63.38, DistDow, 67.89, DistUp, 241.28
, DistFront, 63.49, DistDow, 68.03, DistUp, 270.17
, DistFrontMean, 63.84, DistDowMean, 67.62, DistUpMean, 268.18
, DistFront, 64.10, DistDow, 68.83, DistUp, 271.02
, DistFront, 64.18, DistDow, 67.40, DistUp, 272.28
, DistFront, 68.69, DistDow, 67.87, DistUp, 343.95
, DistFront, 67.11, DistDow, 69.13, DistUp, 343.55
, DistFront, 65.43, DistDow, 64.74, DistUp, 270.49
, DistFront, 65.03, DistDow, 67.16, DistUp, 247.24
, DistFront, 64.06, DistDow, 66.68, DistUp, 267.89
, DistFront, 64.42, DistDow, 66.34, DistUp, 269.23
, DistFront, 64.10, DistDow, 67.21, DistUp, 268.32
, DistFront, 65.31, DistDow, 66.48, DistUp, 269.03
, DistFront, 64.32, DistDow, 66.99, DistUp, 247.99
, DistFront, 65.19, DistDow, 63.62, DistUp, 268.13
, DistFront, 63.98, DistDow, 66.99, DistUp, 270.66
, DistFront, 63.98, DistDow, 66.60, DistUp, 260.27
, DistFront, 64.34, DistDow, 66.17, DistUp, 273.28
, DistFront, 64.95, DistDow, 64.30, DistUp, 269.13
, DistFront, 65.48, DistDow, 64.03, DistUp, 271.45
, DistFront, 64.83, DistDow, 64.63, DistUp, 270.66
, DistFront, 64.98, DistDow, 64.34, DistUp, 271.24
, DistFront, 67.64, DistDow, 65.31, DistUp, 252.60
, DistFrontMean, 68.61, DistDowMean, 67.57, DistUpMean, 269.40
, DistFront, 65.02, DistDow, 67.60, DistUp, 246.31
, DistFront, 64.74, DistDow, 67.69, DistUp, 245.43
, DistFront, 63.42, DistDow, 203.54, DistUp, 246.24
, DistFront, 66.28, DistDow, 64.30, DistUp, 268.55
, DistFront, 63.59, DistDow, 64.97, DistUp, 264.30
, DistFront, 64.39, DistDow, 233.18, DistUp, 266.05
, DistFront, 63.38, DistDow, 127.33, DistUp, 264.46
, DistFront, 63.54, DistDow, 66.48, DistUp, 254.03
, DistFront, 64.49, DistDow, 124.59, DistUp, 263.16
, DistFront, 64.12, DistDow, 125.75, DistUp, 262.48
, DistFront, 63.78, DistDow, 70.60, DistUp, 261.96
, DistFront, 63.33, DistDow, 69.10, DistUp, 262.31
, DistFront, 63.62, DistDow, 68.59, DistUp, 261.77
, DistFront, 64.40, DistDow, 124.42, DistUp, 262.09
, DistFront, 63.33, DistDow, 124.52, DistUp, 262.60
, DistFront, 64.00, DistDow, 231.12, DistUp, 262.96
, DistFront, 63.71, DistDow, 66.89, DistUp, 263.11
, DistFront, 62.38, DistDow, 64.69, DistUp, 263.91
, DistFront, 62.18, DistDow, 65.78, DistUp, 263.13
, DistFront, 62.69, DistDow, 67.53, DistUp, 262.84
, DistFrontMean, 63.23, DistDowMean, 65.31, DistUpMean, 261.90
, DistFront, 63.33, DistDow, 65.99, DistUp, 263.88
, DistFront, 62.77, DistDow, 198.69, DistUp, 251.19
, DistFront, 62.18, DistDow, 63.76, DistUp, 263.98
, DistFront, 61.53, DistDow, 63.10, DistUp, 263.54
, DistFront, 62.04, DistDow, 63.96, DistUp, 264.18
, DistFront, 62.24, DistDow, 128.52, DistUp, 264.32
, DistFront, 62.09, DistDow, 63.03, DistUp, 267.67
, DistFront, 64.27, DistDow, 68.11, DistUp, 269.13
, DistFront, 62.40, DistDow, 63.03, DistUp, 268.32
, DistFront, 63.49, DistDow, 65.03, DistUp, 269.69
, DistFront, 63.74, DistDow, 65.56, DistUp, 272.04
, DistFront, 67.28, DistDow, 65.97, DistUp, 240.07
, DistFront, 66.62, DistDow, 65.43, DistUp, 269.61
, DistFront, 65.56, DistDow, 66.75, DistUp, 237.47
, DistFront, 65.82, DistDow, 66.77, DistUp, 246.24
, DistFront, 65.37, DistDow, 66.99, DistUp, 241.33
, DistFront, 66.33, DistDow, 67.04, DistUp, 238.81
, DistFront, 65.48, DistDow, 67.04, DistUp, 240.48
, DistFront, 65.41, DistDow, 67.09, DistUp, 239.23
, DistFront, 65.27, DistDow, 67.16, DistUp, 271.24
, DistFrontMean, 65.27, DistDowMean, 66.75, DistUpMean, 243.59
, DistFront, 65.48, DistDow, 67.91, DistUp, 343.62
, DistFront, 65.31, DistDow, 66.46, DistUp, 312.11
, DistFront, 64.83, DistDow, 66.12, DistUp, 269.00
, DistFront, 65.37, DistDow, 66.12, DistUp, 267.38
, DistFront, 64.54, DistDow, 65.73, DistUp, 268.54
, DistFront, 64.42, DistDow, 65.73, DistUp, 273.16
, DistFront, 64.59, DistDow, 65.85, DistUp, 246.99
, DistFront, 63.91, DistDow, 64.83, DistUp, 246.17
, DistFront, 63.54, DistDow, 65.68, DistUp, 271.67
, DistFront, 64.39, DistDow, 65.27, DistUp, 268.84
, DistFront, 63.88, DistDow, 65.73, DistUp, 131.21
, DistFront, 64.32, DistDow, 65.32, DistUp, 269.17
, DistFront, 64.32, DistDow, 64.91, DistUp, 269.13
, DistFront, 64.05, DistDow, 65.19, DistUp, 269.66
, DistFront, 64.34, DistDow, 64.90, DistUp, 272.60
, DistFront, 64.06, DistDow, 65.24, DistUp, 269.10
, DistFront, 64.39, DistDow, 65.63, DistUp, 269.61
, DistFront, 63.88, DistDow, 65.75, DistUp, 246.41
, DistFront, 63.88, DistDow, 65.43, DistUp, 268.69
, DistFront, 63.88, DistDow, 65.32, DistUp, 271.75
, DistFrontMean, 64.00, DistDowMean, 65.66, DistUpMean, 268.10
, DistFront, 65.14, DistDow, 65.54, DistUp, 270.92
, DistFront, 63.91, DistDow, 65.37, DistUp, 269.71
, DistFront, 64.76, DistDow, 64.78, DistUp, 270.53
, DistFront, 63.91, DistDow, 65.37, DistUp, 270.85
, DistFront, 64.03, DistDow, 65.37, DistUp, 301.45
, DistFront, 64.18, DistDow, 65.07, DistUp, 337.89
, DistFront, 63.88, DistDow, 65.32, DistUp, 342.18
, DistFront, 64.69, DistDow, 65.49, DistUp, 260.27
, DistFront, 64.27, DistDow, 65.43, DistUp, 273.98
, DistFront, 64.40, DistDow, 65.32, DistUp, 259.42
, DistFront, 63.91, DistDow, 65.39, DistUp, 270.66
, DistFront, 64.61, DistDow, 66.02, DistUp, 268.18
, DistFront, 64.54, DistDow, 65.88, DistUp, 269.85
, DistFront, 65.27, DistDow, 65.66, DistUp, 271.60
, DistFront, 64.61, DistDow, 65.88, DistUp, 276.67
, DistFront, 64.68, DistDow, 65.27, DistUp, 350.60
, DistFront, 64.18, DistDow, 66.04, DistUp, 351.89
, DistFront, 64.68, DistDow, 65.48, DistUp, 247.16
, DistFront, 64.12, DistDow, 65.10, DistUp, 247.96
, DistFront, 64.61, DistDow, 65.48, DistUp, 245.82
, DistFrontMean, 64.59, DistDowMean, 64.85, DistUpMean, 245.34
, DistFront, 64.90, DistDow, 65.77, DistUp, 245.82
, DistFront, 64.63, DistDow, 64.98, DistUp, 259.88
, DistFront, 64.66, DistDow, 65.07, DistUp, 268.83
, DistFront, 64.52, DistDow, 65.92, DistUp, 245.32
, DistFront, 64.23, DistDow, 65.41, DistUp, 351.82
, DistFront, 65.27, DistDow, 65.41, DistUp, 273.74
, DistFront, 64.69, DistDow, 65.56, DistUp, 270.46
, DistFront, 65.14, DistDow, 66.04, DistUp, 128.27
, DistFront, 64.23, DistDow, 65.53, DistUp, 269.30
, DistFront, 64.25, DistDow, 65.20, DistUp, 268.89
, DistFront, 65.19, DistDow, 66.26, DistUp, 268.33
, DistFront, 65.10, DistDow, 65.60, DistUp, 268.47
, DistFront, 65.07, DistDow, 66.09, DistUp, 270.49
, DistFront, 64.78, DistDow, 65.27, DistUp, 268.88
, DistFront, 64.74, DistDow, 65.32, DistUp, 269.85
, DistFront, 64.39, DistDow, 65.82, DistUp, 269.52
, DistFront, 65.78, DistDow, 65.39, DistUp, 268.13
, DistFront, 65.03, DistDow, 65.53, DistUp, 247.18
, DistFront, 65.83, DistDow, 66.14, DistUp, 269.59
, DistFront, 65.48, DistDow, 65.78, DistUp, 247.28
, DistFrontMean, 66.45, DistDowMean, 66.46, DistUpMean, 245.12
, DistFront, 65.66, DistDow, 65.95, DistUp, 269.61
, DistFront, 66.04, DistDow, 65.83, DistUp, 269.23
, DistFront, 65.24, DistDow, 65.83, DistUp, 270.05
, DistFront, 65.26, DistDow, 65.88, DistUp, 273.11
, DistFront, 66.12, DistDow, 66.24, DistUp, 248.23
, DistFront, 66.12, DistDow, 66.26, DistUp, 247.82
, DistFront, 65.68, DistDow, 65.97, DistUp, 270.85
, DistFront, 65.32, DistDow, 66.68, DistUp, 269.56
, DistFront, 64.98, DistDow, 66.41, DistUp, 274.13
, DistFront, 65.12, DistDow, 66.68, DistUp, 247.60
, DistFront, 65.48, DistDow, 66.75, DistUp, 274.88
, DistFront, 65.03, DistDow, 66.19, DistUp, 274.85
, DistFront, 65.20, DistDow, 66.21, DistUp, 278.11
, DistFront, 65.49, DistDow, 66.34, DistUp, 351.12
, DistFront, 64.95, DistDow, 66.28, DistUp, 247.77
, DistFront, 64.90, DistDow, 65.48, DistUp, 247.33
, DistFront, 64.95, DistDow, 66.28, DistUp, 272.35
, DistFront, 64.10, DistDow, 65.82, DistUp, 269.00
, DistFront, 64.76, DistDow, 66.02, DistUp, 269.00
, DistFront, 63.98, DistDow, 65.54, DistUp, 270.43
, DistFrontMean, 64.52, DistDowMean, 65.66, DistUpMean, 245.61
, DistFront, 64.81, DistDow, 65.63, DistUp, 268.67
, DistFront, 64.95, DistDow, 65.88, DistUp, 269.10
, DistFront, 64.42, DistDow, 65.48, DistUp, 268.81
, DistFront, 64.54, DistDow, 65.78, DistUp, 249.40
, DistFront, 64.13, DistDow, 65.88, DistUp, 247.47
, DistFront, 64.54, DistDow, 65.78, DistUp, 247.77
, DistFront, 64.42, DistDow, 65.88, DistUp, 268.45
, DistFront, 64.97, DistDow, 66.02, DistUp, 268.74
, DistFront, 64.10, DistDow, 66.24, DistUp, 268.71
, DistFront, 64.06, DistDow, 65.27, DistUp, 268.35
, DistFront, 64.76, DistDow, 65.49, DistUp, 268.25
, DistFront, 63.96, DistDow, 65.73, DistUp, 246.41
, DistFront, 64.12, DistDow, 65.19, DistUp, 247.60
, DistFront, 64.42, DistDow, 65.99, DistUp, 245.02
, DistFront, 63.96, DistDow, 65.99, DistUp, 246.70
, DistFront, 63.98, DistDow, 65.53, DistUp, 247.18
, DistFront, 63.91, DistDow, 65.19, DistUp, 267.76
, DistFront, 63.61, DistDow, 65.70, DistUp, 268.03
, DistFront, 64.27, DistDow, 64.97, DistUp, 246.21
, DistFront, 63.38, DistDow, 65.43, DistUp, 246.14
, DistFrontMean, 63.76, DistDowMean, 64.81, DistUpMean, 267.11
, DistFront, 64.56, DistDow, 65.60, DistUp, 246.19
, DistFront, 64.23, DistDow, 64.88, DistUp, 246.62
, DistFront, 63.59, DistDow, 64.91, DistUp, 268.98
, DistFront, 63.74, DistDow, 65.24, DistUp, 329.59
, DistFront, 63.20, DistDow, 65.97, DistUp, 317.35
, DistFront, 63.54, DistDow, 65.53, DistUp, 245.66
, DistFront, 63.64, DistDow, 65.97, DistUp, 246.50
, DistFront, 63.62, DistDow, 67.24, DistUp, 247.19
, DistFront, 63.55, DistDow, 68.20, DistUp, 246.05
, DistFront, 64.23, DistDow, 70.70, DistUp, 270.26
, DistFront, 64.98, DistDow, 63.98, DistUp, 340.02
, DistFront, 64.56, DistDow, 72.19, DistUp, 246.38
, DistFront, 64.97, DistDow, 69.34, DistUp, 344.13
, DistFront, 63.83, DistDow, 68.13, DistUp, 313.04
, DistFront, 64.32, DistDow, 66.70, DistUp, 245.77
, DistFront, 64.27, DistDow, 66.97, DistUp, 247.76
, DistFront, 64.47, DistDow, 66.75, DistUp, 337.84
, DistFront, 64.66, DistDow, 66.56, DistUp, 339.34
, DistFront, 64.74, DistDow, 66.46, DistUp, 246.48
, DistFront, 64.05, DistDow, 66.09, DistUp, 343.61
, DistFrontMean, 64.13, DistDowMean, 66.12, DistUpMean, 245.95
, DistFront, 64.17, DistDow, 66.11, DistUp, 339.81
, DistFront, 63.78, DistDow, 66.68, DistUp, 248.62
, DistFront, 64.34, DistDow, 66.62, DistUp, 270.83
, DistFront, 64.85, DistDow, 66.39, DistUp, 269.54
, DistFront, 64.00, DistDow, 66.31, DistUp, 269.63
, DistFront, 64.88, DistDow, 66.63, DistUp, 247.52
, DistFront, 64.13, DistDow, 66.19, DistUp, 248.06
, DistFront, 64.97, DistDow, 66.80, DistUp, 269.35
, DistFront, 65.07, DistDow, 66.85, DistUp, 249.30
, DistFront, 64.35, DistDow, 66.48, DistUp, 247.38
, DistFront, 64.30, DistDow, 66.55, DistUp, 249.49
, DistFront, 64.54, DistDow, 66.50, DistUp, 270.66
, DistFront, 64.47, DistDow, 65.77, DistUp, 341.73
, DistFront, 64.10, DistDow, 66.24, DistUp, 338.35
, DistFront, 64.42, DistDow, 65.75, DistUp, 273.11
, DistFront, 64.23, DistDow, 65.73, DistUp, 247.69
, DistFront, 64.85, DistDow, 66.17, DistUp, 247.18
, DistFront, 63.95, DistDow, 66.28, DistUp, 270.05
, DistFront, 64.78, DistDow, 66.09, DistUp, 270.05
, DistFront, 64.83, DistDow, 65.39, DistUp, 271.34
, DistFrontMean, 64.52, DistDowMean, 65.31, DistUpMean, 245.19
, DistFront, 65.37, DistDow, 65.60, DistUp, 268.28
, DistFront, 64.12, DistDow, 65.32, DistUp, 249.06
, DistFront, 64.98, DistDow, 66.48, DistUp, 247.41
, DistFront, 64.47, DistDow, 65.88, DistUp, 248.23
, DistFront, 64.06, DistDow, 65.88, DistUp, 246.50
, DistFront, 64.06, DistDow, 66.34, DistUp, 246.97
, DistFront, 64.23, DistDow, 66.39, DistUp, 268.81
, DistFront, 65.41, DistDow, 66.62, DistUp, 269.35
, DistFront, 65.07, DistDow, 66.48, DistUp, 269.88
, DistFront, 65.12, DistDow, 66.46, DistUp, 271.09
, DistFront, 65.27, DistDow, 65.63, DistUp, 246.80
, DistFront, 64.39, DistDow, 65.88, DistUp, 248.04
, DistFront, 64.81, DistDow, 66.41, DistUp, 268.61
, DistFront, 64.47, DistDow, 66.28, DistUp, 269.95
, DistFront, 64.63, DistDow, 66.24, DistUp, 246.12
, DistFront, 65.39, DistDow, 65.83, DistUp, 246.56
, DistFront, 64.59, DistDow, 65.97, DistUp, 247.93
, DistFront, 65.03, DistDow, 66.45, DistUp, 268.84
, DistFront, 65.07, DistDow, 66.04, DistUp, 271.41
, DistFront, 64.68, DistDow, 66.48, DistUp, 268.95
, DistFrontMean, 65.61, DistDowMean, 65.85, DistUpMean, 245.39
, DistFront, 65.99, DistDow, 66.24, DistUp, 270.19
, DistFront, 65.90, DistDow, 66.73, DistUp, 269.00
, DistFront, 64.63, DistDow, 66.45, DistUp, 270.24
, DistFront, 64.63, DistDow, 66.11, DistUp, 269.42
, DistFront, 65.03, DistDow, 66.34, DistUp, 247.87
, DistFront, 65.14, DistDow, 66.75, DistUp, 273.06
, DistFront, 65.43, DistDow, 66.85, DistUp, 268.45
, DistFront, 65.02, DistDow, 66.04, DistUp, 269.32
, DistFront, 65.43, DistDow, 66.04, DistUp, 268.04
, DistFront, 65.07, DistDow, 66.45, DistUp, 268.84
, DistFront, 65.19, DistDow, 66.62, DistUp, 269.76
, DistFront, 65.37, DistDow, 66.41, DistUp, 268.54
, DistFront, 65.92, DistDow, 66.34, DistUp, 270.17
, DistFront, 65.83, DistDow, 66.45, DistUp, 259.90
, DistFront, 66.24, DistDow, 67.28, DistUp, 259.88
, DistFront, 65.39, DistDow, 66.92, DistUp, 271.48
, DistFront, 65.37, DistDow, 67.40, DistUp, 273.52
, DistFront, 65.78, DistDow, 67.02, DistUp, 248.74
, DistFront, 65.77, DistDow, 66.92, DistUp, 246.62
, DistFront, 65.32, DistDow, 67.33, DistUp, 245.77
, DistFrontMean, 65.39, DistDowMean, 67.02, DistUpMean, 246.48
, DistFront, 66.48, DistDow, 66.96, DistUp, 269.69
, DistFront, 65.68, DistDow, 65.78, DistUp, 268.32
, DistFront, 65.78, DistDow, 66.19, DistUp, 268.76
, DistFront, 65.77, DistDow, 65.90, DistUp, 269.56
, DistFront, 65.68, DistDow, 65.88, DistUp, 267.91
, DistFront, 65.68, DistDow, 65.78, DistUp, 268.35
, DistFront, 66.09, DistDow, 65.88, DistUp, 270.05
, DistFront, 66.17, DistDow, 65.88, DistUp, 267.98
, DistFront, 67.77, DistDow, 65.99, DistUp, 268.78
, DistFront, 67.06, DistDow, 66.05, DistUp, 268.84
, DistFront, 67.81, DistDow, 65.97, DistUp, 271.04
, DistFront, 68.67, DistDow, 65.90, DistUp, 268.96
, DistFront, 68.71, DistDow, 65.95, DistUp, 269.23
, DistFront, 69.17, DistDow, 66.05, DistUp, 270.66
, DistFront, 69.52, DistDow, 66.05, DistUp, 352.47
, DistFront, 69.12, DistDow, 66.05, DistUp, 277.87
, DistFront, 68.81, DistDow, 66.33, DistUp, 274.42
, DistFront, 65.17, DistDow, 65.77, DistUp, 270.73
, DistFront, 65.17, DistDow, 65.63, DistUp, 247.69
, DistFront, 65.46, DistDow, 65.97, DistUp, 270.97
, DistFrontMean, 65.27, DistDowMean, 66.02, DistUpMean, 274.59
, DistFront, 65.24, DistDow, 65.60, DistUp, 311.53
, DistFront, 64.88, DistDow, 65.43, DistUp, 271.41
, DistFront, 65.32, DistDow, 66.19, DistUp, 247.62
, DistFront, 66.24, DistDow, 66.19, DistUp, 247.96
, DistFront, 65.66, DistDow, 66.85, DistUp, 247.21
, DistFront, 66.53, DistDow, 66.60, DistUp, 274.56
, DistFront, 65.27, DistDow, 66.60, DistUp, 270.39
, DistFront, 66.26, DistDow, 66.85, DistUp, 247.52
, DistFront, 66.56, DistDow, 66.21, DistUp, 246.85
, DistFront, 69.59, DistDow, 65.66, DistUp, 356.02
, DistFront, 70.17, DistDow, 66.04, DistUp, 273.38
, DistFront, 70.68, DistDow, 66.05, DistUp, 270.03
, DistFront, 69.91, DistDow, 66.12, DistUp, 274.27
, DistFront, 69.59, DistDow, 65.77, DistUp, 268.91
, DistFront, 70.48, DistDow, 66.24, DistUp, 270.56
, DistFront, 69.71, DistDow, 66.45, DistUp, 269.71
, DistFront, 69.47, DistDow, 65.99, DistUp, 270.34
, DistFront, 70.20, DistDow, 66.97, DistUp, 270.31
, DistFront, 69.81, DistDow, 66.33, DistUp, 272.04
, DistFront, 70.17, DistDow, 66.68, DistUp, 272.84
, DistFrontMean, 69.34, DistDowMean, 65.78, DistUpMean, 270.26
, DistFront, 69.30, DistDow, 66.17, DistUp, 274.56
, DistFront, 69.68, DistDow, 66.48, DistUp, 296.17
, DistFront, 68.98, DistDow, 66.11, DistUp, 299.54
, DistFront, 68.32, DistDow, 66.90, DistUp, 389.91
, DistFront, 68.25, DistDow, 66.46, DistUp, 270.41
, DistFront, 66.50, DistDow, 66.38, DistUp, 271.34
, DistFront, 66.46, DistDow, 66.41, DistUp, 270.53
, DistFront, 66.48, DistDow, 66.33, DistUp, 268.69
, DistFront, 66.04, DistDow, 66.63, DistUp, 271.21
, DistFront, 65.27, DistDow, 67.04, DistUp, 269.05
, DistFront, 65.60, DistDow, 66.60, DistUp, 247.31
, DistFront, 65.17, DistDow, 66.17, DistUp, 247.21
, DistFront, 65.19, DistDow, 66.19, DistUp, 248.98
, DistFront, 65.19, DistDow, 65.77, DistUp, 247.31
, DistFront, 65.17, DistDow, 66.19, DistUp, 249.03
, DistFront, 65.17, DistDow, 66.60, DistUp, 246.39
, DistFront, 65.68, DistDow, 66.75, DistUp, 270.70
, DistFront, 65.70, DistDow, 65.73, DistUp, 270.27
, DistFront, 65.60, DistDow, 66.60, DistUp, 250.60
, DistFront, 66.82, DistDow, 65.90, DistUp, 351.60
, DistFrontMean, 69.00, DistDowMean, 65.49, DistUpMean, 247.41
, DistFront, 69.85, DistDow, 66.75, DistUp, 301.82
, DistFront, 70.32, DistDow, 65.92, DistUp, 277.99
, DistFront, 70.20, DistDow, 66.21, DistUp, 273.78
, DistFront, 70.77, DistDow, 66.24, DistUp, 273.88
, DistFront, 71.33, DistDow, 66.73, DistUp, 271.34
, DistFront, 66.04, DistDow, 66.19, DistUp, 269.56
, DistFront, 65.97, DistDow, 65.70, DistUp, 272.13
, DistFront, 66.31, DistDow, 66.12, DistUp, 269.91
, DistFront, 66.28, DistDow, 66.45, DistUp, 270.34
, DistFront, 65.97, DistDow, 66.04, DistUp, 269.52
, DistFront, 65.49, DistDow, 66.04, DistUp, 271.63
, DistFront, 66.73, DistDow, 66.60, DistUp, 271.38
, DistFront, 69.18, DistDow, 66.17, DistUp, 270.85
, DistFront, 69.66, DistDow, 66.28, DistUp, 270.46
, DistFront, 70.48, DistDow, 66.26, DistUp, 272.24
, DistFront, 69.97, DistDow, 65.78, DistUp, 271.85
, DistFront, 70.56, DistDow, 65.77, DistUp, 273.45
, DistFront, 69.81, DistDow, 66.19, DistUp, 276.38
, DistFront, 70.27, DistDow, 65.73, DistUp, 247.70
, DistFront, 65.99, DistDow, 65.75, DistUp, 331.62
, DistFrontMean, 65.56, DistDowMean, 66.21, DistUpMean, 296.38
, DistFront, 65.85, DistDow, 65.75, DistUp, 333.28
, DistFront, 65.24, DistDow, 66.17, DistUp, 269.74
, DistFront, 65.43, DistDow, 65.53, DistUp, 247.11
, DistFront, 65.10, DistDow, 65.70, DistUp, 247.62
, DistFront, 65.39, DistDow, 65.95, DistUp, 247.16
, DistFront, 65.03, DistDow, 66.24, DistUp, 246.75
, DistFront, 64.91, DistDow, 65.49, DistUp, 246.75
, DistFront, 64.98, DistDow, 65.75, DistUp, 247.55
, DistFront, 64.42, DistDow, 65.68, DistUp, 268.59
, DistFront, 65.34, DistDow, 65.68, DistUp, 268.42
, DistFront, 65.24, DistDow, 65.77, DistUp, 269.25
, DistFront, 65.24, DistDow, 66.09, DistUp, 269.30
, DistFront, 64.39, DistDow, 65.34, DistUp, 269.23
, DistFront, 64.49, DistDow, 65.92, DistUp, 271.56
, DistFront, 65.20, DistDow, 65.46, DistUp, 388.98
, DistFront, 64.54, DistDow, 65.99, DistUp, 272.93
, DistFront, 64.46, DistDow, 65.99, DistUp, 246.80
, DistFront, 64.42, DistDow, 66.41, DistUp, 247.55
, DistFront, 64.78, DistDow, 66.12, DistUp, 275.82
, DistFront, 64.91, DistDow, 65.97, DistUp, 332.60
, DistFrontMean, 65.02, DistDowMean, 65.61, DistUpMean, 385.73
, DistFront, 65.34, DistDow, 66.04, DistUp, 271.24
, DistFront, 64.78, DistDow, 66.11, DistUp, 248.59
, DistFront, 64.30, DistDow, 66.53, DistUp, 269.69
, DistFront, 65.19, DistDow, 66.84, DistUp, 246.19
, DistFront, 65.39, DistDow, 67.47, DistUp, 247.93
, DistFront, 64.52, DistDow, 66.68, DistUp, 270.63
, DistFront, 64.63, DistDow, 67.11, DistUp, 248.84
, DistFront, 64.78, DistDow, 67.60, DistUp, 248.74
, DistFront, 65.14, DistDow, 67.24, DistUp, 272.41
, DistFront, 64.83, DistDow, 67.74, DistUp, 246.46
, DistFront, 65.31, DistDow, 68.47, DistUp, 272.11
, DistFront, 65.10, DistDow, 69.46, DistUp, 249.17
, DistFront, 65.43, DistDow, 69.68, DistUp, 245.85
, DistFront, 65.56, DistDow, 69.91, DistUp, 248.74
, DistFront, 66.04, DistDow, 71.46, DistUp, 272.89
, DistFront, 66.12, DistDow, 70.39, DistUp, 248.95
, DistFront, 66.73, DistDow, 70.78, DistUp, 248.78
, DistFront, 66.28, DistDow, 71.60, DistUp, 249.59
, DistFront, 65.77, DistDow, 76.67, DistUp, 247.13
, DistFront, 65.32, DistDow, 71.04, DistUp, 274.78
, DistFrontMean, 66.11, DistDowMean, 72.40, DistUpMean, 275.85
, DistFront, 66.11, DistDow, 71.02, DistUp, 275.27
, DistFront, 65.53, DistDow, 69.46, DistUp, 274.30
, DistFront, 65.07, DistDow, 67.99, DistUp, 248.23
, DistFront, 65.41, DistDow, 68.16, DistUp, 269.71
, DistFront, 65.77, DistDow, 67.52, DistUp, 247.47
, DistFront, 65.34, DistDow, 67.06, DistUp, 246.50
, DistFront, 65.27, DistDow, 67.02, DistUp, 269.59
, DistFront, 65.27, DistDow, 66.26, DistUp, 270.41
, DistFront, 65.27, DistDow, 66.24, DistUp, 269.97
, DistFront, 65.78, DistDow, 66.24, DistUp, 271.62
, DistFront, 65.68, DistDow, 66.55, DistUp, 269.95
, DistFront, 65.68, DistDow, 66.31, DistUp, 271.46
, DistFront, 66.09, DistDow, 66.38, DistUp, 247.18
, DistFront, 65.82, DistDow, 66.34, DistUp, 387.13
, DistFront, 65.66, DistDow, 66.92, DistUp, 388.96
, DistFront, 66.12, DistDow, 66.41, DistUp, 311.38
, DistFront, 65.14, DistDow, 66.56, DistUp, 247.57
, DistFront, 65.37, DistDow, 66.19, DistUp, 276.63
, DistFront, 65.77, DistDow, 66.50, DistUp, 275.43
, DistFront, 65.46, DistDow, 66.97, DistUp, 247.64
, DistFrontMean, 65.54, DistDowMean, 66.17, DistUpMean, 269.00
, DistFront, 66.24, DistDow, 66.99, DistUp, 273.88
, DistFront, 65.49, DistDow, 66.24, DistUp, 271.38
, DistFront, 66.80, DistDow, 66.56, DistUp, 271.39
, DistFront, 65.97, DistDow, 66.02, DistUp, 271.02
, DistFront, 66.04, DistDow, 66.68, DistUp, 271.17
, DistFront, 66.53, DistDow, 66.14, DistUp, 271.63
, DistFront, 66.17, DistDow, 67.26, DistUp, 271.56
, DistFront, 66.68, DistDow, 66.48, DistUp, 249.30
, DistFront, 66.90, DistDow, 67.06, DistUp, 270.97
, DistFront, 66.89, DistDow, 66.50, DistUp, 247.38
, DistFront, 66.17, DistDow, 66.60, DistUp, 271.97
, DistFront, 67.24, DistDow, 67.35, DistUp, 248.64
, DistFront, 67.67, DistDow, 66.85, DistUp, 269.91
, DistFront, 67.38, DistDow, 67.91, DistUp, 248.96
, DistFront, 67.09, DistDow, 67.81, DistUp, 271.38
, DistFront, 67.19, DistDow, 67.21, DistUp, 249.03
, DistFront, 67.38, DistDow, 67.89, DistUp, 272.87
, DistFront, 67.77, DistDow, 68.42, DistUp, 250.92
, DistFront, 66.63, DistDow, 68.59, DistUp, 393.38
, DistFront, 67.53, DistDow, 68.62, DistUp, 271.17
, DistFrontMean, 67.16, DistDowMean, 68.81, DistUpMean, 269.25
, DistFront, 67.31, DistDow, 69.23, DistUp, 249.25
, DistFront, 67.24, DistDow, 71.55, DistUp, 248.49
, DistFront, 69.23, DistDow, 71.17, DistUp, 391.77
, DistFront, 68.18, DistDow, 68.28, DistUp, 248.40
, DistFront, 67.74, DistDow, 71.17, DistUp, 271.46
, DistFront, 68.49, DistDow, 71.09, DistUp, 249.91
, DistFront, 67.89, DistDow, 72.28, DistUp, 271.67
, DistFront, 68.49, DistDow, 69.54, DistUp, 269.74
, DistFront, 66.68, DistDow, 69.56, DistUp, 269.91
, DistFront, 66.62, DistDow, 3247.87, DistUp, 247.41
, DistFront, 66.53, DistDow, 3250.97, DistUp, 356.96
, DistFront, 65.63, DistDow, 69.47, DistUp, 246.75
, DistFront, 65.92, DistDow, 68.62, DistUp, 331.85
, DistFront, 65.10, DistDow, 68.11, DistUp, 244.61
, DistFront, 64.49, DistDow, 68.88, DistUp, 246.28
, DistFront, 64.42, DistDow, 67.96, DistUp, 272.53
, DistFront, 65.31, DistDow, 67.77, DistUp, 247.48
, DistFront, 64.46, DistDow, 67.48, DistUp, 270.26
, DistFront, 64.34, DistDow, 67.16, DistUp, 247.04
, DistFront, 64.42, DistDow, 67.52, DistUp, 247.38
, DistFrontMean, 64.56, DistDowMean, 69.10, DistUpMean, 245.56
, DistFront, 64.34, DistDow, 68.62, DistUp, 245.77
, DistFront, 64.00, DistDow, 69.00, DistUp, 269.95
, DistFront, 64.91, DistDow, 3242.74, DistUp, 248.10
, DistFront, 64.95, DistDow, 3245.34, DistUp, 246.45
, DistFront, 64.42, DistDow, 284.85, DistUp, 245.97
, DistFront, 65.07, DistDow, 65.92, DistUp, 245.97
, DistFront, 65.20, DistDow, 67.87, DistUp, 383.40
, DistFront, 65.32, DistDow, 67.24, DistUp, 248.20
, DistFront, 65.17, DistDow, 68.03, DistUp, 350.07
, DistFront, 64.88, DistDow, 68.11, DistUp, 246.92
, DistFront, 65.73, DistDow, 68.20, DistUp, 260.17
, DistFront, 65.17, DistDow, 67.84, DistUp, 248.18
, DistFront, 65.03, DistDow, 68.27, DistUp, 247.84
, DistFront, 65.53, DistDow, 68.52, DistUp, 245.90
, DistFront, 64.68, DistDow, 3244.61, DistUp, 268.83
, DistFront, 64.76, DistDow, 68.78, DistUp, 247.89
, DistFront, 64.35, DistDow, 67.99, DistUp, 246.90
, DistFront, 65.03, DistDow, 67.89, DistUp, 344.61
, DistFront, 65.03, DistDow, 68.27, DistUp, 247.21
, DistFront, 63.98, DistDow, 68.23, DistUp, 247.26
, DistFrontMean, 64.00, DistDowMean, 67.52, DistUpMean, 244.13
, DistFront, 64.30, DistDow, 68.20, DistUp, 244.95
, DistFront, 63.42, DistDow, 67.09, DistUp, 247.04
, DistFront, 64.18, DistDow, 66.92, DistUp, 247.87
, DistFront, 63.67, DistDow, 68.47, DistUp, 245.77
, DistFront, 64.78, DistDow, 64.59, DistUp, 244.23
, DistFront, 64.47, DistDow, 67.35, DistUp, 244.66
, DistFront, 64.76, DistDow, 67.76, DistUp, 244.66
, DistFront, 65.07, DistDow, 66.99, DistUp, 246.33
, DistFront, 64.88, DistDow, 66.89, DistUp, 246.28
, DistFront, 65.12, DistDow, 66.50, DistUp, 245.46
, DistFront, 64.71, DistDow, 67.35, DistUp, 245.92
, DistFront, 65.17, DistDow, 66.55, DistUp, 245.78
, DistFront, 65.17, DistDow, 67.11, DistUp, 273.45
, DistFront, 64.46, DistDow, 67.84, DistUp, 244.76
, DistFront, 64.35, DistDow, 66.73, DistUp, 268.91
, DistFront, 64.06, DistDow, 66.24, DistUp, 245.49
, DistFront, 64.91, DistDow, 66.68, DistUp, 247.74
, DistFront, 64.12, DistDow, 67.60, DistUp, 246.05
, DistFront, 64.23, DistDow, 68.52, DistUp, 246.92
, DistFront, 64.63, DistDow, 68.81, DistUp, 247.35
, DistFrontMean, 64.34, DistDowMean, 3219.90, DistUpMean, 247.41
, DistFront, 65.41, DistDow, 67.04, DistUp, 247.06
, DistFront, 66.17, DistDow, 65.66, DistUp, 247.28
, DistFront, 65.48, DistDow, 71.41, DistUp, 271.26
, DistFront, 66.82, DistDow, 70.17, DistUp, 248.96
, DistFront, 66.09, DistDow, 69.17, DistUp, 247.89
, DistFront, 66.17, DistDow, 69.76, DistUp, 246.62
, DistFront, 66.24, DistDow, 69.32, DistUp, 269.68
, DistFront, 67.53, DistDow, 69.56, DistUp, 270.05
, DistFront, 67.57, DistDow, 69.97, DistUp, 248.03
, DistFront, 67.21, DistDow, 69.91, DistUp, 246.84
, DistFront, 67.38, DistDow, 71.90, DistUp, 269.40
, DistFront, 66.56, DistDow, 70.73, DistUp, 270.19
, DistFront, 67.09, DistDow, 68.64, DistUp, 248.54
, DistFront, 66.68, DistDow, 68.33, DistUp, 260.20
, DistFront, 66.26, DistDow, 68.27, DistUp, 270.12
, DistFront, 65.73, DistDow, 67.33, DistUp, 271.68
, DistFront, 66.26, DistDow, 66.73, DistUp, 315.32
, DistFront, 65.24, DistDow, 65.10, DistUp, 259.95
, DistFront, 64.97, DistDow, 68.52, DistUp, 306.90
, DistFront, 64.78, DistDow, 68.28, DistUp, 258.61
, DistFrontMean, 65.20, DistDowMean, 68.49, DistUpMean, 245.61
, DistFront, 66.19, DistDow, 68.42, DistUp, 358.59
, DistFront, 65.34, DistDow, 68.38, DistUp, 306.70
, DistFront, 65.31, DistDow, 68.06, DistUp, 248.16
, DistFront, 65.73, DistDow, 68.54, DistUp, 246.84
, DistFront, 65.73, DistDow, 69.06, DistUp, 271.38
, DistFront, 65.75, DistDow, 69.32, DistUp, 272.38
, DistFront, 66.17, DistDow, 68.95, DistUp, 245.14
, DistFront, 66.67, DistDow, 69.40, DistUp, 246.41
, DistFront, 66.33, DistDow, 69.47, DistUp, 247.26
, DistFront, 66.05, DistDow, 70.19, DistUp, 248.06
, DistFront, 66.04, DistDow, 70.75, DistUp, 246.46
, DistFront, 66.21, DistDow, 70.85, DistUp, 249.85
, DistFront, 66.70, DistDow, 70.43, DistUp, 274.32
, DistFront, 65.85, DistDow, 71.02, DistUp, 272.67
, DistFront, 65.60, DistDow, 66.82, DistUp, 248.88
, DistFront, 66.17, DistDow, 67.76, DistUp, 275.02
, DistFront, 65.68, DistDow, 67.74, DistUp, 271.31
, DistFront, 66.09, DistDow, 275.75, DistUp, 271.73
, DistFront, 66.02, DistDow, 3269.61, DistUp, 272.82
, DistFront, 65.61, DistDow, 71.55, DistUp, 258.83
, DistFrontMean, 65.70, DistDowMean, 274.91, DistUpMean, 270.85
, DistFront, 65.95, DistDow, 275.12, DistUp, 272.33
, DistFront, 65.24, DistDow, 66.17, DistUp, 248.10
, DistFront, 64.91, DistDow, 65.34, DistUp, 271.63
, DistFront, 64.47, DistDow, 69.39, DistUp, 271.70
, DistFront, 64.83, DistDow, 68.04, DistUp, 247.93
, DistFront, 65.17, DistDow, 69.98, DistUp, 247.89
, DistFront, 65.20, DistDow, 69.10, DistUp, 261.46
, DistFront, 63.96, DistDow, 70.60, DistUp, 248.23
, DistFront, 65.07, DistDow, 68.18, DistUp, 248.62
, DistFront, 64.27, DistDow, 68.76, DistUp, 247.35
, DistFront, 64.27, DistDow, 274.10, DistUp, 248.59
, DistFront, 64.81, DistDow, 208.32, DistUp, 245.56
, DistFront, 64.97, DistDow, 67.11, DistUp, 248.25
, DistFront, 65.97, DistDow, 275.32, DistUp, 356.92
, DistFront, 65.14, DistDow, 275.78, DistUp, 344.63
, DistFront, 65.26, DistDow, 3275.05, DistUp, 246.70
, DistFront, 65.46, DistDow, 206.33, DistUp, 392.55
, DistFront, 65.97, DistDow, 67.16, DistUp, 332.74
, DistFront, 65.97, DistDow, 3254.32, DistUp, 275.70
, DistFront, 65.68, DistDow, 3238.67, DistUp, 247.67
, DistFrontMean, 65.70, DistDowMean, 67.38, DistUpMean, 270.07
, DistFront, 66.09, DistDow, 3228.81, DistUp, 271.14
, DistFront, 66.67, DistDow, 283.20, DistUp, 248.88
, DistFront, 66.96, DistDow, 282.26, DistUp, 248.98
, DistFront, 66.53, DistDow, 68.28, DistUp, 269.90
, DistFront, 66.50, DistDow, 281.24, DistUp, 249.47
, DistFront, 66.46, DistDow, 281.31, DistUp, 249.88
, DistFront, 66.34, DistDow, 285.48, DistUp, 248.03
, DistFront, 67.11, DistDow, 278.54, DistUp, 269.85
, DistFront, 66.14, DistDow, 278.03, DistUp, 271.02
, DistFront, 66.09, DistDow, 280.17, DistUp, 249.23
, DistFront, 65.56, DistDow, 71.21, DistUp, 247.93
, DistFront, 65.48, DistDow, 279.12, DistUp, 344.20
, DistFront, 65.41, DistDow, 279.91, DistUp, 249.03
, DistFront, 65.37, DistDow, 280.32, DistUp, 344.95
, DistFront, 65.32, DistDow, 279.90, DistUp, 247.57
, DistFront, 65.83, DistDow, 66.62, DistUp, 309.40
, DistFront, 65.48, DistDow, 66.70, DistUp, 247.70
, DistFront, 65.73, DistDow, 70.63, DistUp, 271.56
, DistFront, 66.14, DistDow, 67.38, DistUp, 247.11
, DistFront, 66.99, DistDow, 3244.35, DistUp, 271.39
, DistFrontMean, 65.92, DistDowMean, 67.60, DistUpMean, 269.06
, DistFront, 66.70, DistDow, 3250.61, DistUp, 271.45
, DistFront, 66.38, DistDow, 3263.96, DistUp, 270.24
, DistFront, 66.82, DistDow, 282.55, DistUp, 250.14
, DistFront, 66.82, DistDow, 283.35, DistUp, 271.56
, DistFront, 66.82, DistDow, 283.47, DistUp, 246.55
, DistFront, 66.70, DistDow, 67.19, DistUp, 246.12
, DistFront, 66.31, DistDow, 208.98, DistUp, 248.13
, DistFront, 66.38, DistDow, 279.88, DistUp, 271.17
, DistFront, 66.53, DistDow, 67.38, DistUp, 247.93
, DistFront, 66.48, DistDow, 66.97, DistUp, 269.52
, DistFront, 67.09, DistDow, 65.75, DistUp, 246.92
, DistFront, 67.13, DistDow, 71.11, DistUp, 248.67
, DistFront, 66.68, DistDow, 71.28, DistUp, 276.38
, DistFront, 67.13, DistDow, 71.19, DistUp, 274.30
, DistFront, 66.46, DistDow, 71.41, DistUp, 248.69
, DistFront, 67.57, DistDow, 71.99, DistUp, 247.45
, DistFront, 66.33, DistDow, 72.52, DistUp, 247.35
, DistFront, 66.33, DistDow, 72.06, DistUp, 247.41
, DistFront, 66.50, DistDow, 72.16, DistUp, 246.99
, DistFront, 67.69, DistDow, 69.35, DistUp, 260.83
, DistFrontMean, 66.50, DistDowMean, 3252.26, DistUpMean, 352.99
, DistFront, 68.33, DistDow, 69.68, DistUp, 250.27
, DistFront, 66.92, DistDow, 67.74, DistUp, 273.88
, DistFront, 67.18, DistDow, 66.67, DistUp, 248.23
, DistFront, 66.04, DistDow, 68.95, DistUp, 249.85
, DistFront, 66.90, DistDow, 68.32, DistUp, 248.62
, DistFront, 66.99, DistDow, 68.49, DistUp, 273.27
, DistFront, 66.77, DistDow, 69.10, DistUp, 249.66
, DistFront, 67.21, DistDow, 69.03, DistUp, 272.13
, DistFront, 67.41, DistDow, 68.91, DistUp, 271.34
, DistFront, 67.57, DistDow, 68.55, DistUp, 271.33
, DistFront, 67.16, DistDow, 69.05, DistUp, 271.89
, DistFront, 67.55, DistDow, 69.06, DistUp, 248.54
, DistFront, 68.03, DistDow, 69.17, DistUp, 249.27
, DistFront, 68.52, DistDow, 69.83, DistUp, 271.67
, DistFront, 69.42, DistDow, 70.37, DistUp, 249.13
, DistFront, 68.67, DistDow, 70.41, DistUp, 248.64
, DistFront, 68.27, DistDow, 69.05, DistUp, 271.67
, DistFront, 67.41, DistDow, 68.91, DistUp, 248.95
, DistFront, 68.23, DistDow, 68.84, DistUp, 249.40
, DistFront, 67.31, DistDow, 68.35, DistUp, 251.04
, DistFrontMean, 67.35, DistDowMean, 68.10, DistUpMean, 351.55
, DistFront, 67.64, DistDow, 68.33, DistUp, 250.41
, DistFront, 67.82, DistDow, 69.05, DistUp, 312.57
, DistFront, 66.48, DistDow, 68.20, DistUp, 248.98
, DistFront, 67.41, DistDow, 68.32, DistUp, 248.89
, DistFront, 66.97, DistDow, 68.10, DistUp, 247.96
, DistFront, 66.41, DistDow, 67.76, DistUp, 251.19
, DistFront, 66.28, DistDow, 67.60, DistUp, 250.26
, DistFront, 66.53, DistDow, 68.04, DistUp, 247.89
, DistFront, 65.56, DistDow, 68.16, DistUp, 248.28
, DistFront, 65.48, DistDow, 68.04, DistUp, 246.63
, DistFront, 66.17, DistDow, 67.60, DistUp, 247.38
, DistFront, 66.19, DistDow, 68.06, DistUp, 246.84
, DistFront, 65.07, DistDow, 67.60, DistUp, 246.14
, DistFront, 64.63, DistDow, 67.99, DistUp, 246.55
, DistFront, 64.63, DistDow, 67.69, DistUp, 246.19
, DistFront, 64.63, DistDow, 67.60, DistUp, 248.69
, DistFront, 64.68, DistDow, 67.31, DistUp, 247.06
, DistFront, 64.68, DistDow, 67.76, DistUp, 248.32
, DistFront, 65.53, DistDow, 67.24, DistUp, 270.20
, DistFront, 64.71, DistDow, 68.11, DistUp, 272.33
, DistFrontMean, 65.63, DistDowMean, 67.18, DistUpMean, 269.40
, DistFront, 65.49, DistDow, 67.98, DistUp, 270.49
, DistFront, 64.71, DistDow, 67.70, DistUp, 272.21
, DistFront, 65.27, DistDow, 67.31, DistUp, 249.13
, DistFront, 64.83, DistDow, 67.04, DistUp, 249.30
, DistFront, 65.66, DistDow, 67.26, DistUp, 247.67
, DistFront, 65.34, DistDow, 67.91, DistUp, 272.13
, DistFront, 65.78, DistDow, 68.40, DistUp, 249.47
, DistFront, 65.43, DistDow, 67.60, DistUp, 246.50
, DistFront, 65.88, DistDow, 69.12, DistUp, 270.43
, DistFront, 65.46, DistDow, 69.39, DistUp, 249.12
, DistFront, 65.53, DistDow, 71.82, DistUp, 247.91
, DistFront, 66.77, DistDow, 71.99, DistUp, 248.67
, DistFront, 68.20, DistDow, 69.76, DistUp, 276.14
, DistFront, 68.16, DistDow, 284.46, DistUp, 248.06
, DistFront, 66.96, DistDow, 275.70, DistUp, 249.76
, DistFront, 66.96, DistDow, 275.32, DistUp, 249.30
, DistFront, 67.35, DistDow, 287.84, DistUp, 248.35
, DistFront, 68.13, DistDow, 287.57, DistUp, 248.49
, DistFront, 67.38, DistDow, 67.77, DistUp, 272.06
, DistFront, 67.93, DistDow, 70.41, DistUp, 249.49
, DistFrontMean, 67.84, DistDowMean, 69.18, DistUpMean, 246.48
, DistFront, 67.84, DistDow, 69.18, DistUp, 270.88
, DistFront, 67.93, DistDow, 68.61, DistUp, 271.34
, DistFront, 66.73, DistDow, 68.76, DistUp, 248.35
, DistFront, 67.62, DistDow, 69.66, DistUp, 270.56
, DistFront, 66.85, DistDow, 70.05, DistUp, 271.04
, DistFront, 66.92, DistDow, 69.71, DistUp, 274.49
, DistFront, 67.52, DistDow, 69.88, DistUp, 272.40
, DistFront, 66.67, DistDow, 70.27, DistUp, 272.87
, DistFront, 66.75, DistDow, 71.77, DistUp, 249.35
, DistFront, 68.95, DistDow, 70.20, DistUp, 249.12
, DistFront, 67.47, DistDow, 67.82, DistUp, 271.05
, DistFront, 67.57, DistDow, 66.56, DistUp, 271.05
, DistFront, 67.18, DistDow, 68.23, DistUp, 249.32
, DistFront, 67.18, DistDow, 69.00, DistUp, 250.60
, DistFront, 67.98, DistDow, 68.16, DistUp, 247.98
, DistFront, 68.38, DistDow, 67.70, DistUp, 248.83
, DistFront, 67.91, DistDow, 68.61, DistUp, 271.17
, DistFront, 68.71, DistDow, 67.70, DistUp, 255.07
, DistFront, 68.67, DistDow, 68.59, DistUp, 250.37
, DistFront, 68.16, DistDow, 67.98, DistUp, 249.18
, DistFrontMean, 68.96, DistDowMean, 68.10, DistUpMean, 269.03
, DistFront, 68.03, DistDow, 67.96, DistUp, 273.96
, DistFront, 67.18, DistDow, 67.74, DistUp, 249.30
, DistFront, 67.62, DistDow, 68.11, DistUp, 248.38
, DistFront, 67.47, DistDow, 68.13, DistUp, 270.37
, DistFront, 66.56, DistDow, 67.99, DistUp, 271.50
, DistFront, 66.21, DistDow, 67.87, DistUp, 247.38
, DistFront, 66.89, DistDow, 68.06, DistUp, 308.35
, DistFront, 65.97, DistDow, 67.76, DistUp, 273.33
, DistFront, 66.33, DistDow, 67.89, DistUp, 249.32
, DistFront, 65.88, DistDow, 68.52, DistUp, 248.13
, DistFront, 66.19, DistDow, 70.99, DistUp, 247.69
, DistFront, 67.02, DistDow, 70.73, DistUp, 270.02
, DistFront, 65.75, DistDow, 67.81, DistUp, 246.92
, DistFront, 66.09, DistDow, 68.18, DistUp, 246.31
, DistFront, 65.78, DistDow, 66.53, DistUp, 246.90
, DistFront, 64.76, DistDow, 68.88, DistUp, 343.11
, DistFront, 65.92, DistDow, 68.54, DistUp, 245.60
, DistFront, 65.41, DistDow, 68.62, DistUp, 249.32
, DistFront, 65.92, DistDow, 68.35, DistUp, 247.53
, DistFront, 65.48, DistDow, 68.11, DistUp, 245.77
, DistFrontMean, 66.28, DistDowMean, 67.98, DistUpMean, 272.70
, DistFront, 66.14, DistDow, 68.76, DistUp, 245.49
, DistFront, 66.68, DistDow, 67.67, DistUp, 246.19
, DistFront, 66.97, DistDow, 68.06, DistUp, 248.69
, DistFront, 66.12, DistDow, 68.25, DistUp, 120.37
, DistFront, 66.12, DistDow, 68.06, DistUp, 244.17
, DistFront, 66.96, DistDow, 69.17, DistUp, 247.91
, DistFront, 66.09, DistDow, 68.88, DistUp, 248.32
, DistFront, 66.85, DistDow, 68.42, DistUp, 247.45
, DistFront, 66.12, DistDow, 68.55, DistUp, 247.87
, DistFront, 66.84, DistDow, 67.99, DistUp, 248.67
, DistFront, 66.38, DistDow, 67.96, DistUp, 247.38
, DistFront, 65.53, DistDow, 67.81, DistUp, 245.68
, DistFront, 66.04, DistDow, 67.81, DistUp, 245.97
, DistFront, 65.92, DistDow, 67.06, DistUp, 245.68
, DistFront, 65.97, DistDow, 67.81, DistUp, 244.42
, DistFront, 66.50, DistDow, 67.77, DistUp, 246.53
, DistFront, 66.05, DistDow, 66.56, DistUp, 247.47
, DistFront, 66.11, DistDow, 66.63, DistUp, 392.84
, DistFront, 65.37, DistDow, 65.88, DistUp, 246.28
, DistFront, 65.03, DistDow, 66.39, DistUp, 246.24
, DistFrontMean, 65.92, DistDowMean, 65.46, DistUpMean, 246.56
, DistFront, 66.34, DistDow, 66.75, DistUp, 315.37
, DistFront, 65.63, DistDow, 66.14, DistUp, 245.63
, DistFront, 66.45, DistDow, 66.90, DistUp, 248.61
, DistFront, 65.39, DistDow, 66.14, DistUp, 132.21
, DistFront, 65.12, DistDow, 65.92, DistUp, 248.11
, DistFront, 64.68, DistDow, 65.56, DistUp, 246.17
, DistFront, 65.60, DistDow, 66.67, DistUp, 260.26
, DistFront, 65.24, DistDow, 66.12, DistUp, 246.68
, DistFront, 64.91, DistDow, 66.19, DistUp, 246.28
, DistFront, 64.91, DistDow, 65.82, DistUp, 248.78
, DistFront, 65.78, DistDow, 65.41, DistUp, 248.78
, DistFront, 65.82, DistDow, 65.97, DistUp, 271.11
, DistFront, 65.48, DistDow, 65.99, DistUp, 247.67
, DistFront, 65.24, DistDow, 66.31, DistUp, 269.40
, DistFront, 65.68, DistDow, 66.17, DistUp, 259.66
, DistFront, 65.63, DistDow, 66.14, DistUp, 269.12
, DistFront, 65.68, DistDow, 66.17, DistUp, 248.91
, DistFront, 65.27, DistDow, 66.17, DistUp, 269.06
, DistFront, 65.26, DistDow, 66.28, DistUp, 249.88
, DistFront, 65.31, DistDow, 66.80, DistUp, 269.91
, DistFrontMean, 66.11, DistDowMean, 66.90, DistUpMean, 268.47
, DistFront, 65.66, DistDow, 66.45, DistUp, 269.49
, DistFront, 65.24, DistDow, 67.18, DistUp, 269.17
, DistFront, 65.75, DistDow, 66.92, DistUp, 270.31
, DistFront, 66.12, DistDow, 67.04, DistUp, 269.90
, DistFront, 65.56, DistDow, 67.04, DistUp, 247.69
, DistFront, 65.19, DistDow, 66.17, DistUp, 260.82
, DistFront, 65.27, DistDow, 66.28, DistUp, 271.55
, DistFront, 65.27, DistDow, 66.48, DistUp, 246.45
, DistFront, 65.56, DistDow, 66.56, DistUp, 248.83
, DistFront, 66.09, DistDow, 66.21, DistUp, 269.78
, DistFront, 65.20, DistDow, 66.04, DistUp, 271.02
, DistFront, 65.12, DistDow, 66.45, DistUp, 248.81
, DistFront, 65.61, DistDow, 65.85, DistUp, 247.62
, DistFront, 65.63, DistDow, 65.60, DistUp, 248.35
, DistFront, 66.04, DistDow, 66.26, DistUp, 341.60
, DistFront, 66.33, DistDow, 66.39, DistUp, 342.41
, DistFront, 65.48, DistDow, 65.92, DistUp, 342.41
, DistFront, 65.75, DistDow, 66.62, DistUp, 344.35
, DistFront, 65.46, DistDow, 66.55, DistUp, 248.69
, DistFront, 66.09, DistDow, 66.53, DistUp, 247.52
, DistFrontMean, 65.85, DistDowMean, 66.11, DistUpMean, 348.96
, DistFront, 65.70, DistDow, 66.46, DistUp, 247.04
, DistFront, 65.48, DistDow, 66.02, DistUp, 248.32
, DistFront, 65.24, DistDow, 65.27, DistUp, 280.97
, DistFront, 66.24, DistDow, 66.38, DistUp, 276.92
, DistFront, 66.09, DistDow, 65.41, DistUp, 350.26
, DistFront, 64.95, DistDow, 66.31, DistUp, 341.26
, DistFront, 65.53, DistDow, 65.17, DistUp, 247.33
, DistFront, 64.68, DistDow, 65.53, DistUp, 246.12
, DistFront, 64.83, DistDow, 65.66, DistUp, 276.80
, DistFront, 65.83, DistDow, 65.88, DistUp, 272.67
, DistFront, 65.75, DistDow, 66.11, DistUp, 269.17
, DistFront, 65.83, DistDow, 65.39, DistUp, 248.03
, DistFront, 64.88, DistDow, 65.97, DistUp, 248.89
, DistFront, 64.54, DistDow, 65.95, DistUp, 268.83
, DistFront, 65.24, DistDow, 65.48, DistUp, 248.83
, DistFront, 65.12, DistDow, 65.63, DistUp, 246.46
, DistFront, 64.78, DistDow, 66.53, DistUp, 246.41
, DistFront, 64.81, DistDow, 66.55, DistUp, 270.41
, DistFront, 65.19, DistDow, 65.68, DistUp, 248.10
, DistFront, 65.17, DistDow, 65.68, DistUp, 249.23
, DistFrontMean, 64.85, DistDowMean, 65.49, DistUpMean, 245.34
, DistFront, 65.19, DistDow, 65.99, DistUp, 269.18
, DistFront, 64.42, DistDow, 66.28, DistUp, 269.63
, DistFront, 64.88, DistDow, 65.78, DistUp, 269.97
, DistFront, 65.39, DistDow, 66.19, DistUp, 269.06
, DistFront, 64.95, DistDow, 66.19, DistUp, 270.43
, DistFront, 64.97, DistDow, 65.78, DistUp, 258.47
, DistFront, 65.73, DistDow, 66.24, DistUp, 246.92
, DistFront, 64.91, DistDow, 66.17, DistUp, 248.69
, DistFront, 65.37, DistDow, 65.88, DistUp, 246.97
, DistFront, 65.07, DistDow, 66.62, DistUp, 270.63
, DistFront, 65.37, DistDow, 65.88, DistUp, 248.38
, DistFront, 65.78, DistDow, 65.78, DistUp, 270.75
, DistFront, 66.17, DistDow, 65.90, DistUp, 248.83
, DistFront, 65.73, DistDow, 66.28, DistUp, 248.03
, DistFront, 66.12, DistDow, 65.75, DistUp, 248.83
, DistFront, 65.68, DistDow, 65.92, DistUp, 247.19
, DistFront, 70.02, DistDow, 65.39, DistUp, 305.37
, DistFront, 69.12, DistDow, 65.32, DistUp, 354.59
, DistFront, 69.47, DistDow, 65.90, DistUp, 270.43
, DistFront, 65.97, DistDow, 65.37, DistUp, 248.74
, DistFrontMean, 65.97, DistDowMean, 65.14, DistUpMean, 244.83
, DistFront, 66.28, DistDow, 66.24, DistUp, 245.61
, DistFront, 65.03, DistDow, 65.48, DistUp, 245.68
, DistFront, 64.68, DistDow, 65.90, DistUp, 247.31
, DistFront, 64.98, DistDow, 65.02, DistUp, 270.70
, DistFront, 64.52, DistDow, 65.53, DistUp, 269.78
, DistFront, 64.91, DistDow, 65.48, DistUp, 247.48
, DistFront, 64.18, DistDow, 65.48, DistUp, 247.55
, DistFront, 64.52, DistDow, 66.02, DistUp, 246.60
, DistFront, 64.47, DistDow, 65.70, DistUp, 247.96
, DistFront, 64.34, DistDow, 65.73, DistUp, 270.02
, DistFront, 64.68, DistDow, 65.20, DistUp, 246.46
, DistFront, 64.71, DistDow, 64.68, DistUp, 204.40
, DistFront, 64.97, DistDow, 65.03, DistUp, 342.52
, DistFront, 64.56, DistDow, 64.98, DistUp, 259.78
, DistFront, 65.17, DistDow, 65.14, DistUp, 246.11
, DistFront, 64.76, DistDow, 65.46, DistUp, 247.21
, DistFront, 64.59, DistDow, 65.27, DistUp, 247.62
, DistFront, 64.68, DistDow, 64.85, DistUp, 245.90
, DistFront, 63.98, DistDow, 64.56, DistUp, 247.09
, DistFront, 63.59, DistDow, 64.83, DistUp, 247.04
, DistFrontMean, 64.39, DistDowMean, 64.23, DistUpMean, 244.46
, DistFront, 63.81, DistDow, 65.12, DistUp, 247.87
, DistFront, 63.78, DistDow, 63.96, DistUp, 268.67
, DistFront, 64.27, DistDow, 64.35, DistUp, 273.71
, DistFront, 63.84, DistDow, 64.35, DistUp, 246.60
, DistFront, 64.59, DistDow, 64.35, DistUp, 248.69
, DistFront, 64.27, DistDow, 64.83, DistUp, 246.19
, DistFront, 4.54, DistDow, 54.27, DistUp, 244.66
, DistFront, 70.53, DistDow, 64.63, DistUp, 246.38
, DistFront, 70.17, DistDow, 65.14, DistUp, 270.24
, DistFront, 69.39, DistDow, 64.85, DistUp, 248.03
, DistFront, 64.78, DistDow, 64.76, DistUp, 268.23
, DistFront, 63.95, DistDow, 65.39, DistUp, 246.53
, DistFront, 64.63, DistDow, 64.91, DistUp, 259.35
, DistFront, 65.03, DistDow, 65.03, DistUp, 246.55
, DistFront, 65.43, DistDow, 65.53, DistUp, 244.54
, DistFront, 65.17, DistDow, 65.56, DistUp, 248.35
, DistFront, 64.52, DistDow, 65.20, DistUp, 268.42
, DistFront, 64.47, DistDow, 65.31, DistUp, 247.57
, DistFront, 65.43, DistDow, 66.14, DistUp, 245.90
, DistFront, 64.49, DistDow, 65.26, DistUp, 244.98
, DistFrontMean, 64.46, DistDowMean, 65.56, DistUpMean, 244.35
, DistFront, 64.74, DistDow, 65.60, DistUp, 269.34
, DistFront, 64.34, DistDow, 65.27, DistUp, 268.47
, DistFront, 64.68, DistDow, 65.24, DistUp, 129.61
, DistFront, 64.63, DistDow, 65.19, DistUp, 246.56
, DistFront, 65.37, DistDow, 65.31, DistUp, 246.19
, DistFront, 64.18, DistDow, 65.82, DistUp, 270.02
, DistFront, 64.97, DistDow, 65.43, DistUp, 275.85
, DistFront, 64.52, DistDow, 65.61, DistUp, 246.77
, DistFront, 64.59, DistDow, 65.78, DistUp, 248.13
, DistFront, 64.68, DistDow, 66.17, DistUp, 270.10
, DistFront, 64.88, DistDow, 66.19, DistUp, 244.71
, DistFront, 65.03, DistDow, 66.45, DistUp, 247.52
, DistFront, 64.06, DistDow, 65.48, DistUp, 245.46
, DistFront, 64.76, DistDow, 66.09, DistUp, 245.48
, DistFront, 65.24, DistDow, 66.62, DistUp, 329.27
, DistFront, 64.81, DistDow, 65.73, DistUp, 246.02
, DistFront, 64.76, DistDow, 65.56, DistUp, 245.12
, DistFront, 64.20, DistDow, 64.71, DistUp, 244.20
, DistFront, 63.74, DistDow, 65.48, DistUp, 246.19
, DistFront, 63.33, DistDow, 64.98, DistUp, 244.42
, DistFrontMean, 64.05, DistDowMean, 64.74, DistUpMean, 243.06
, DistFront, 64.85, DistDow, 65.12, DistUp, 244.39
, DistFront, 64.47, DistDow, 65.75, DistUp, 243.16
, DistFront, 64.47, DistDow, 65.75, DistUp, 244.83
, DistFront, 64.56, DistDow, 65.61, DistUp, 245.24
, DistFront, 65.32, DistDow, 66.19, DistUp, 243.96
, DistFront, 64.47, DistDow, 65.61, DistUp, 246.68
, DistFront, 65.17, DistDow, 65.53, DistUp, 245.12
, DistFront, 64.69, DistDow, 66.09, DistUp, 247.26
, DistFront, 64.88, DistDow, 66.63, DistUp, 247.35
, DistFront, 64.52, DistDow, 66.39, DistUp, 245.75
, DistFront, 64.76, DistDow, 67.11, DistUp, 271.17
, DistFront, 65.37, DistDow, 67.62, DistUp, 245.95
, DistFront, 65.05, DistDow, 68.16, DistUp, 245.68
, DistFront, 64.59, DistDow, 68.91, DistUp, 246.11
, DistFront, 65.10, DistDow, 71.53, DistUp, 246.28
, DistFront, 65.27, DistDow, 70.60, DistUp, 351.45
, DistFront, 66.31, DistDow, 3273.23, DistUp, 247.84
, DistFront, 65.88, DistDow, 3270.48, DistUp, 248.88
, DistFront, 64.98, DistDow, 70.07, DistUp, 269.32
, DistFront, 64.88, DistDow, 69.42, DistUp, 245.56
, DistFrontMean, 64.85, DistDowMean, 67.74, DistUpMean, 245.37
, DistFront, 65.85, DistDow, 67.96, DistUp, 246.96
, DistFront, 64.91, DistDow, 67.33, DistUp, 244.76
, DistFront, 64.68, DistDow, 68.27, DistUp, 246.31
, DistFront, 65.07, DistDow, 68.95, DistUp, 244.88
, DistFront, 64.63, DistDow, 64.13, DistUp, 245.61
, DistFront, 64.98, DistDow, 3265.37, DistUp, 246.38
, DistFront, 64.54, DistDow, 3253.81, DistUp, 247.21
, DistFront, 64.18, DistDow, 67.09, DistUp, 244.78
, DistFront, 63.81, DistDow, 66.05, DistUp, 245.32
, DistFront, 63.98, DistDow, 66.12, DistUp, 245.73
, DistFront, 64.47, DistDow, 65.68, DistUp, 244.17
, DistFront, 63.71, DistDow, 65.60, DistUp, 244.61
, DistFront, 63.78, DistDow, 66.34, DistUp, 268.95
, DistFront, 63.89, DistDow, 65.88, DistUp, 246.38
, DistFront, 64.32, DistDow, 66.04, DistUp, 244.66
, DistFront, 64.47, DistDow, 65.56, DistUp, 245.92
, DistFront, 63.88, DistDow, 66.04, DistUp, 245.99
, DistFront, 63.62, DistDow, 66.60, DistUp, 246.46
, DistFront, 64.39, DistDow, 67.04, DistUp, 246.90
, DistFront, 64.83, DistDow, 66.96, DistUp, 246.53
, DistFrontMean, 64.54, DistDowMean, 68.10, DistUpMean, 245.48
, DistFront, 64.69, DistDow, 68.89, DistUp, 248.13
, DistFront, 63.89, DistDow, 68.16, DistUp, 272.38
, DistFront, 64.71, DistDow, 69.47, DistUp, 244.25
, DistFront, 64.56, DistDow, 68.47, DistUp, 246.46
, DistFront, 64.95, DistDow, 67.98, DistUp, 245.63
, DistFront, 64.59, DistDow, 67.91, DistUp, 245.61
, DistFront, 64.83, DistDow, 67.11, DistUp, 247.33
, DistFront, 64.76, DistDow, 66.92, DistUp, 245.68
, DistFront, 64.71, DistDow, 66.99, DistUp, 246.50
, DistFront, 64.63, DistDow, 65.82, DistUp, 247.76
, DistFront, 65.34, DistDow, 65.31, DistUp, 244.78
, DistFront, 64.46, DistDow, 64.78, DistUp, 246.82
, DistFront, 64.12, DistDow, 65.03, DistUp, 246.75
, DistFront, 64.23, DistDow, 64.47, DistUp, 245.49
, DistFront, 64.42, DistDow, 64.46, DistUp, 247.57
, DistFront, 64.52, DistDow, 64.56, DistUp, 247.62
, DistFront, 64.23, DistDow, 64.91, DistUp, 246.38
, DistFront, 64.06, DistDow, 64.98, DistUp, 247.62
, DistFront, 64.63, DistDow, 65.53, DistUp, 245.97
, DistFront, 65.39, DistDow, 65.75, DistUp, 245.99
, DistFrontMean, 65.10, DistDowMean, 65.82, DistUpMean, 245.05
, DistFront, 65.39, DistDow, 67.06, DistUp, 247.70
, DistFront, 65.03, DistDow, 66.80, DistUp, 247.26
, DistFront, 65.03, DistDow, 66.45, DistUp, 245.19
, DistFront, 64.74, DistDow, 66.85, DistUp, 248.06
, DistFront, 65.60, DistDow, 65.99, DistUp, 248.59
, DistFront, 64.61, DistDow, 66.96, DistUp, 245.61
, DistFront, 64.42, DistDow, 65.99, DistUp, 245.20
, DistFront, 65.48, DistDow, 66.45, DistUp, 247.35
, DistFront, 65.02, DistDow, 65.97, DistUp, 245.68
, DistFront, 65.03, DistDow, 65.14, DistUp, 400.31
, DistFront, 64.98, DistDow, 66.04, DistUp, 259.27
, DistFront, 65.48, DistDow, 65.48, DistUp, 352.81
, DistFront, 65.88, DistDow, 65.88, DistUp, 246.04
, DistFront, 65.85, DistDow, 65.12, DistUp, 244.76
, DistFront, 65.05, DistDow, 65.05, DistUp, 344.13
, DistFront, 65.12, DistDow, 65.53, DistUp, 245.70
, DistFront, 65.85, DistDow, 65.60, DistUp, 246.85
, DistFront, 66.02, DistDow, 66.41, DistUp, 247.45
, DistFront, 65.56, DistDow, 66.53, DistUp, 248.71
, DistFront, 65.78, DistDow, 66.63, DistUp, 246.97
, DistFrontMean, 65.83, DistDowMean, 67.02, DistUpMean, 246.96
, DistFront, 66.21, DistDow, 67.91, DistUp, 245.53
, DistFront, 66.04, DistDow, 67.16, DistUp, 311.12
, DistFront, 66.46, DistDow, 67.55, DistUp, 247.76
, DistFront, 65.78, DistDow, 66.75, DistUp, 249.10
, DistFront, 65.68, DistDow, 67.11, DistUp, 313.35
, DistFront, 66.50, DistDow, 67.19, DistUp, 276.02
, DistFront, 66.14, DistDow, 67.38, DistUp, 247.99
, DistFront, 65.37, DistDow, 66.41, DistUp, 271.46
, DistFront, 65.85, DistDow, 66.84, DistUp, 248.10
, DistFront, 66.46, DistDow, 67.13, DistUp, 270.73
, DistFront, 66.02, DistDow, 67.40, DistUp, 269.90
, DistFront, 65.61, DistDow, 66.60, DistUp, 270.73
, DistFront, 65.24, DistDow, 67.45, DistUp, 247.26
, DistFront, 66.05, DistDow, 67.45, DistUp, 248.81
, DistFront, 65.68, DistDow, 67.04, DistUp, 249.61
, DistFront, 65.27, DistDow, 67.04, DistUp, 247.98
, DistFront, 65.39, DistDow, 67.70, DistUp, 269.32
, DistFront, 65.39, DistDow, 67.47, DistUp, 246.14
, DistFront, 64.98, DistDow, 67.13, DistUp, 269.69
, DistFront, 65.73, DistDow, 67.16, DistUp, 270.17
, DistFrontMean, 64.98, DistDowMean, 66.21, DistUpMean, 245.32
, DistFront, 65.70, DistDow, 66.50, DistUp, 357.31
, DistFront, 64.91, DistDow, 66.24, DistUp, 325.77
, DistFront, 64.95, DistDow, 66.24, DistUp, 280.78
, DistFront, 65.48, DistDow, 66.68, DistUp, 247.45
, DistFront, 65.41, DistDow, 66.73, DistUp, 275.82
, DistFront, 66.26, DistDow, 66.33, DistUp, 271.62
, DistFront, 65.85, DistDow, 66.80, DistUp, 269.56
, DistFront, 66.34, DistDow, 66.56, DistUp, 274.23
, DistFront, 65.53, DistDow, 66.55, DistUp, 249.46
, DistFront, 65.97, DistDow, 66.55, DistUp, 246.55
, DistFront, 65.60, DistDow, 66.73, DistUp, 247.38
, DistFront, 66.02, DistDow, 66.96, DistUp, 246.60
, DistFront, 66.09, DistDow, 67.28, DistUp, 276.89
, DistFront, 66.21, DistDow, 66.38, DistUp, 392.04
, DistFront, 65.73, DistDow, 67.31, DistUp, 401.84
, DistFront, 66.11, DistDow, 66.85, DistUp, 272.13
, DistFront, 65.39, DistDow, 67.57, DistUp, 246.33
, DistFront, 65.77, DistDow, 67.09, DistUp, 247.99
, DistFront, 65.37, DistDow, 67.48, DistUp, 246.70
, DistFront, 65.77, DistDow, 67.60, DistUp, 269.85
, DistFrontMean, 64.95, DistDowMean, 68.13, DistUpMean, 245.03
, DistFront, 65.63, DistDow, 68.11, DistUp, 247.21
, DistFront, 65.66, DistDow, 68.88, DistUp, 247.67
, DistFront, 65.66, DistDow, 72.28, DistUp, 273.25
, DistFront, 66.77, DistDow, 66.73, DistUp, 270.63
, DistFront, 65.95, DistDow, 286.04, DistUp, 270.10
, DistFront, 66.33, DistDow, 281.39, DistUp, 247.99
, DistFront, 67.11, DistDow, 3254.32, DistUp, 246.75
, DistFront, 65.39, DistDow, 71.17, DistUp, 246.21
, DistFront, 65.73, DistDow, 70.53, DistUp, 246.75
, DistFront, 66.04, DistDow, 69.52, DistUp, 394.27
, DistFront, 66.34, DistDow, 69.69, DistUp, 247.13
, DistFront, 65.07, DistDow, 68.52, DistUp, 247.98
, DistFront, 65.43, DistDow, 68.88, DistUp, 306.96
, DistFront, 66.96, DistDow, 69.10, DistUp, 270.77
, DistFront, 66.92, DistDow, 69.35, DistUp, 270.77
, DistFront, 66.89, DistDow, 69.13, DistUp, 244.95
, DistFront, 66.02, DistDow, 68.67, DistUp, 248.69
, DistFront, 65.97, DistDow, 67.81, DistUp, 248.78
, DistFront, 66.38, DistDow, 68.61, DistUp, 310.56
, DistFront, 65.92, DistDow, 67.76, DistUp, 313.52
, DistFrontMean, 66.34, DistDowMean, 67.62, DistUpMean, 308.45
, DistFront, 67.53, DistDow, 68.03, DistUp, 247.81
, DistFront, 66.31, DistDow, 67.57, DistUp, 311.89
, DistFront, 65.83, DistDow, 67.57, DistUp, 247.93
, DistFront, 65.63, DistDow, 67.48, DistUp, 248.28
, DistFront, 65.63, DistDow, 66.89, DistUp, 272.28
, DistFront, 65.56, DistDow, 66.26, DistUp, 271.60
, DistFront, 66.48, DistDow, 66.12, DistUp, 246.84
, DistFront, 66.50, DistDow, 66.62, DistUp, 247.67
, DistFront, 65.77, DistDow, 66.89, DistUp, 268.71
, DistFront, 65.82, DistDow, 66.62, DistUp, 248.18
, DistFront, 65.88, DistDow, 66.80, DistUp, 249.46
, DistFront, 66.33, DistDow, 66.26, DistUp, 247.35
, DistFront, 65.92, DistDow, 65.99, DistUp, 248.49
, DistFront, 65.53, DistDow, 66.55, DistUp, 248.54
, DistFront, 65.95, DistDow, 66.12, DistUp, 246.05
, DistFront, 65.17, DistDow, 66.19, DistUp, 248.55
, DistFront, 65.63, DistDow, 66.55, DistUp, 270.77
, DistFront, 65.20, DistDow, 66.14, DistUp, 269.46
, DistFront, 66.05, DistDow, 66.14, DistUp, 269.56
, DistFront, 65.68, DistDow, 66.60, DistUp, 270.75
, DistFrontMean, 66.21, DistDowMean, 67.04, DistUpMean, 246.39
, DistFront, 66.11, DistDow, 66.46, DistUp, 247.38
, DistFront, 65.43, DistDow, 66.24, DistUp, 248.11
, DistFront, 65.78, DistDow, 66.80, DistUp, 272.06
, DistFront, 65.83, DistDow, 66.92, DistUp, 271.80
, DistFront, 65.48, DistDow, 66.60, DistUp, 270.83
, DistFront, 66.38, DistDow, 66.63, DistUp, 246.70
, DistFront, 66.14, DistDow, 66.09, DistUp, 270.95
, DistFront, 65.68, DistDow, 66.33, DistUp, 270.24
, DistFront, 65.73, DistDow, 67.16, DistUp, 248.96
, DistFront, 66.63, DistDow, 66.80, DistUp, 247.76
, DistFront, 66.28, DistDow, 66.99, DistUp, 246.92
, DistFront, 67.02, DistDow, 67.47, DistUp, 308.69
, DistFront, 66.34, DistDow, 67.06, DistUp, 311.62
, DistFront, 66.09, DistDow, 66.70, DistUp, 311.24
, DistFront, 67.35, DistDow, 67.62, DistUp, 246.90
, DistFront, 66.12, DistDow, 66.60, DistUp, 247.33
, DistFront, 66.21, DistDow, 67.28, DistUp, 273.95
, DistFront, 65.92, DistDow, 67.19, DistUp, 249.66
, DistFront, 66.53, DistDow, 67.48, DistUp, 274.03
, DistFront, 66.12, DistDow, 67.52, DistUp, 249.39
, DistFrontMean, 66.70, DistDowMean, 67.77, DistUpMean, 389.54
, DistFront, 67.04, DistDow, 68.20, DistUp, 310.53
, DistFront, 66.70, DistDow, 67.89, DistUp, 249.00
, DistFront, 67.21, DistDow, 68.11, DistUp, 353.83
, DistFront, 66.85, DistDow, 68.04, DistUp, 272.31
, DistFront, 66.55, DistDow, 68.76, DistUp, 271.38
, DistFront, 66.56, DistDow, 68.04, DistUp, 248.33
, DistFront, 67.11, DistDow, 68.49, DistUp, 272.67
, DistFront, 66.33, DistDow, 68.52, DistUp, 248.61
, DistFront, 66.73, DistDow, 69.39, DistUp, 249.47
, DistFront, 67.06, DistDow, 70.12, DistUp, 247.28
, DistFront, 67.21, DistDow, 70.27, DistUp, 270.95
, DistFront, 67.57, DistDow, 3253.59, DistUp, 248.35
, DistFront, 67.28, DistDow, 289.98, DistUp, 391.75
, DistFront, 68.52, DistDow, 69.10, DistUp, 248.95
, DistFront, 68.23, DistDow, 68.38, DistUp, 249.39
, DistFront, 67.87, DistDow, 71.31, DistUp, 393.25
, DistFront, 67.93, DistDow, 72.64, DistUp, 249.83
, DistFront, 67.98, DistDow, 70.54, DistUp, 250.14
, DistFront, 68.47, DistDow, 71.17, DistUp, 251.45
, DistFront, 68.42, DistDow, 3263.98, DistUp, 250.68
, DistFrontMean, 68.04, DistDowMean, 69.54, DistUpMean, 272.47
, DistFront, 68.45, DistDow, 3241.99, DistUp, 248.84
, DistFront, 68.13, DistDow, 3232.11, DistUp, 272.64
, DistFront, 68.42, DistDow, 3250.63, DistUp, 249.98
, DistFront, 68.88, DistDow, 3262.81, DistUp, 249.13
, DistFront, 66.97, DistDow, 3265.54, DistUp, 270.78
, DistFront, 65.85, DistDow, 67.53, DistUp, 246.21
, DistFront, 65.31, DistDow, 67.33, DistUp, 271.75
, DistFront, 65.78, DistDow, 66.96, DistUp, 246.41
, DistFront, 65.19, DistDow, 67.31, DistUp, 247.76
, DistFront, 64.71, DistDow, 66.39, DistUp, 270.02
, DistFront, 65.07, DistDow, 66.99, DistUp, 269.49
, DistFront, 65.56, DistDow, 66.84, DistUp, 259.23
, DistFront, 65.02, DistDow, 66.82, DistUp, 246.46
, DistFront, 65.05, DistDow, 66.89, DistUp, 246.45
, DistFront, 65.32, DistDow, 66.62, DistUp, 270.70
, DistFront, 64.83, DistDow, 66.53, DistUp, 271.53
, DistFront, 65.63, DistDow, 67.21, DistUp, 247.53
, DistFront, 65.02, DistDow, 66.73, DistUp, 273.23
, DistFront, 65.73, DistDow, 67.04, DistUp, 245.32
, DistFront, 65.73, DistDow, 66.53, DistUp, 246.41
, DistFrontMean, 65.56, DistDowMean, 66.33, DistUpMean, 244.17
, DistFront, 65.05, DistDow, 67.52, DistUp, 245.17
, DistFront, 65.56, DistDow, 66.68, DistUp, 245.03
, DistFront, 64.88, DistDow, 66.31, DistUp, 246.24
, DistFront, 65.24, DistDow, 66.55, DistUp, 248.84
, DistFront, 65.19, DistDow, 66.48, DistUp, 269.54
, DistFront, 64.54, DistDow, 66.31, DistUp, 268.64
, DistFront, 64.42, DistDow, 66.12, DistUp, 247.40
, DistFront, 64.34, DistDow, 66.55, DistUp, 247.52
, DistFront, 65.56, DistDow, 66.48, DistUp, 269.66
, DistFront, 65.61, DistDow, 66.55, DistUp, 271.31
, DistFront, 64.83, DistDow, 67.40, DistUp, 245.82
, DistFront, 64.81, DistDow, 67.40, DistUp, 245.53
, DistFront, 66.09, DistDow, 67.84, DistUp, 244.27
, DistFront, 65.68, DistDow, 67.45, DistUp, 245.48
, DistFront, 65.26, DistDow, 68.32, DistUp, 246.33
, DistFront, 66.09, DistDow, 68.98, DistUp, 246.68
, DistFront, 65.17, DistDow, 69.06, DistUp, 269.20
, DistFront, 64.98, DistDow, 70.60, DistUp, 270.66
, DistFront, 64.06, DistDow, 69.27, DistUp, 248.89
, DistFront, 64.03, DistDow, 64.66, DistUp, 328.20
, DistFrontMean, 63.71, DistDowMean, 66.50, DistUpMean, 272.24
, DistFront, 65.02, DistDow, 66.12, DistUp, 247.09
, DistFront, 65.56, DistDow, 65.99, DistUp, 269.98
, DistFront, 69.03, DistDow, 66.02, DistUp, 247.38
, DistFront, 67.99, DistDow, 68.95, DistUp, 269.46
, DistFront, 65.97, DistDow, 198.84, DistUp, 240.66
, DistFront, 65.20, DistDow, 198.64, DistUp, 252.64
, DistFront, 65.77, DistDow, 68.03, DistUp, 237.84
, DistFront, 66.26, DistDow, 67.91, DistUp, 203.16
, DistFront, 67.76, DistDow, 68.64, DistUp, 247.13
, DistFront, 66.21, DistDow, 69.47, DistUp, 245.78
, DistFront, 66.45, DistDow, 201.26, DistUp, 244.17
, DistFront, 67.87, DistDow, 200.75, DistUp, 245.75
, DistFront, 67.02, DistDow, 68.45, DistUp, 245.10
, DistFront, 69.20, DistDow, 68.16, DistUp, 242.67
, DistFront, 69.32, DistDow, 69.10, DistUp, 243.91
, DistFront, 69.91, DistDow, 70.68, DistUp, 243.52
, DistFront, 69.49, DistDow, 72.11, DistUp, 245.97
, DistFront, 69.20, DistDow, 70.24, DistUp, 245.49
, DistFront, 67.91, DistDow, 70.63, DistUp, 244.10
, DistFront, 67.87, DistDow, 70.92, DistUp, 243.18
, DistFrontMean, 68.23, DistDowMean, 71.19, DistUpMean, 243.61
, DistFront, 68.16, DistDow, 71.99, DistUp, 244.12
, DistFront, 67.81, DistDow, 70.48, DistUp, 244.56
, DistFront, 67.89, DistDow, 71.19, DistUp, 243.35
, DistFront, 68.35, DistDow, 69.83, DistUp, 247.16
, DistFront, 68.88, DistDow, 69.05, DistUp, 246.75
, DistFront, 68.11, DistDow, 69.47, DistUp, 245.39
, DistFront, 68.52, DistDow, 69.12, DistUp, 247.70
, DistFront, 67.70, DistDow, 69.91, DistUp, 244.46
, DistFront, 67.69, DistDow, 3243.10, DistUp, 242.55
, DistFront, 66.73, DistDow, 70.20, DistUp, 242.48
, DistFront, 66.56, DistDow, 70.19, DistUp, 244.47
, DistFront, 66.84, DistDow, 69.85, DistUp, 243.54
, DistFront, 66.33, DistDow, 69.83, DistUp, 242.60
, DistFront, 66.02, DistDow, 69.20, DistUp, 243.27
, DistFront, 65.82, DistDow, 68.61, DistUp, 242.31
, DistFront, 65.68, DistDow, 70.12, DistUp, 242.69
, DistFront, 65.85, DistDow, 277.02, DistUp, 242.48
, DistFront, 66.96, DistDow, 202.84, DistUp, 242.74
, DistFront, 67.04, DistDow, 201.56, DistUp, 243.04
, DistFront, 67.18, DistDow, 70.31, DistUp, 239.71
, DistFrontMean, 66.75, DistDowMean, 70.66, DistUpMean, 241.60
, DistFront, 67.77, DistDow, 69.13, DistUp, 240.68
, DistFront, 66.89, DistDow, 68.23, DistUp, 199.95
, DistFront, 66.67, DistDow, 66.75, DistUp, 238.35
, DistFront, 66.46, DistDow, 66.70, DistUp, 239.54
, DistFront, 65.68, DistDow, 66.38, DistUp, 202.02
, DistFront, 123.10, DistDow, 0.00, DistUp, 440.88
, DistFront, 122.87, DistDow, 0.00, DistUp, 440.66
, DistFront, 123.18, DistDow, 0.00, DistUp, 440.41
, DistFront, 122.84, DistDow, 0.00, DistUp, 441.31
, DistFront, 123.64, DistDow, 0.00, DistUp, 440.92
, DistFront, 124.61, DistDow, 0.00, DistUp, 441.02
, DistFront, 4.54, DistDow, 0.00, DistUp, 440.10
, DistFront, 4.46, DistDow, 0.00, DistUp, 436.75
, DistFront, 4.42, DistDow, 0.00, DistUp, 440.12
, DistFront, 4.54, DistDow, 0.00, DistUp, 441.68
, DistFront, 4.54, DistDow, 0.00, DistUp, 440.75
, DistFront, 3331.55, DistDow, 0.00, DistUp, 441.11
, DistFront, 3346.89, DistDow, 0.00, DistUp, 436.75
, DistFront, 125.26, DistDow, 0.00, DistUp, 441.56
, DistFront, 122.02, DistDow, 0.00, DistUp, 440.41
, DistFront, 124.76, DistDow, 0.00, DistUp, 441.48
, DistFront, 123.78, DistDow, 0.00, DistUp, 441.46
, DistFront, 3756.75, DistDow, 0.00, DistUp, 295.48
, DistFront, 123.23, DistDow, 0.00, DistUp, 295.68
, DistFront, 126.60, DistDow, 4.34, DistUp, 216.82
, DistFront, 125.12, DistDow, 0.00, DistUp, 291.50
, DistFront, 122.35, DistDow, 0.00, DistUp, 435.24
, DistFront, 4.13, DistDow, 0.00, DistUp, 295.61
, DistFront, 125.10, DistDow, 0.00, DistUp, 293.74
, DistFront, 124.49, DistDow, 0.00, DistUp, 289.63
, DistFront, 123.62, DistDow, 0.00, DistUp, 294.13
, DistFront, 122.04, DistDow, 0.00, DistUp, 290.82
, DistFront, 128.74, DistDow, 0.00, DistUp, 299.06
, DistFront, 124.23, DistDow, 0.00, DistUp, 126.09
, DistFront, 4.13, DistDow, 0.00, DistUp, 434.69
, DistFront, 254.35, DistDow, 0.00, DistUp, 123.81
, DistFront, 4.54, DistDow, 0.00, DistUp, 123.10
, DistFront, 126.19, DistDow, 0.00, DistUp, 124.81
, DistFront, 4.54, DistDow, 0.00, DistUp, 119.97
, DistFront, 120.32, DistDow, 0.00, DistUp, 297.99
, DistFront, 121.46, DistDow, 0.00, DistUp, 122.98
, DistFront, 4.54, DistDow, 0.00, DistUp, 126.96
, DistFront, 129.46, DistDow, 0.00, DistUp, 120.07
, DistFront, 122.02, DistDow, 0.00, DistUp, 120.02
, DistFrontMean, 122.04, DistDowMean, 0.00, DistUpMean, 121.70
, DistFront, 121.55, DistDow, 0.00, DistUp, 299.49
, DistFront, 119.90, DistDow, 0.00, DistUp, 119.30
, DistFront, 119.23, DistDow, 0.00, DistUp, 119.34
, DistFront, 121.41, DistDow, 0.00, DistUp, 121.56
, DistFront, 123.13, DistDow, 0.00, DistUp, 121.31
, DistFront, 310.54, DistDow, 0.00, DistUp, 120.31
, DistFront, 121.39, DistDow, 0.00, DistUp, 118.42
, DistFront, 122.28, DistDow, 0.00, DistUp, 119.81
, DistFront, 120.99, DistDow, 0.00, DistUp, 119.83
, DistFront, 122.91, DistDow, 0.00, DistUp, 119.47
, DistFront, 120.60, DistDow, 0.00, DistUp, 119.83
, DistFront, 123.27, DistDow, 0.00, DistUp, 126.53
, DistFront, 121.75, DistDow, 0.00, DistUp, 121.33
, DistFront, 123.52, DistDow, 0.00, DistUp, 122.26
, DistFront, 120.97, DistDow, 0.00, DistUp, 299.90
, DistFront, 254.91, DistDow, 0.00, DistUp, 234.68
, DistFront, 4.52, DistDow, 0.00, DistUp, 233.16
, DistFront, 122.60, DistDow, 0.00, DistUp, 124.52
, DistFront, 124.98, DistDow, 0.00, DistUp, 122.35
, DistFront, 122.64, DistDow, 0.00, DistUp, 123.64
, DistFrontMean, 3256.05, DistDowMean, 0.00, DistUpMean, 298.25
, DistFront, 4.52, DistDow, 0.00, DistUp, 122.09
, DistFront, 3262.69, DistDow, 0.00, DistUp, 124.00
, DistFront, 121.53, DistDow, 0.00, DistUp, 437.62
, DistFront, 594.27, DistDow, 0.00, DistUp, 122.38
, DistFront, 4.54, DistDow, 0.00, DistUp, 123.23
, DistFront, 4.52, DistDow, 0.00, DistUp, 123.91
, DistFront, 4.42, DistDow, 0.00, DistUp, 123.62
, DistFront, 122.45, DistDow, 0.00, DistUp, 124.27
, DistFront, 121.84, DistDow, 0.00, DistUp, 295.92
, DistFront, 122.02, DistDow, 0.00, DistUp, 125.70
, DistFront, 120.97, DistDow, 0.00, DistUp, 296.70
, DistFront, 123.11, DistDow, 0.00, DistUp, 125.46
, DistFront, 120.83, DistDow, 0.00, DistUp, 122.67
, DistFront, 123.20, DistDow, 0.00, DistUp, 295.60
, DistFront, 374.40, DistDow, 0.00, DistUp, 121.96
, DistFront, 125.77, DistDow, 0.00, DistUp, 296.77
, DistFront, 594.71, DistDow, 0.00, DistUp, 122.18
, DistFront, 120.37, DistDow, 0.00, DistUp, 123.98
, DistFront, 4.46, DistDow, 0.00, DistUp, 122.98
, DistFront, 120.90, DistDow, 0.00, DistUp, 437.33
, DistFrontMean, 120.12, DistDowMean, 0.00, DistUpMean, 295.53
, DistFront, 121.19, DistDow, 0.00, DistUp, 436.90
, DistFront, 121.46, DistDow, 0.00, DistUp, 295.68
, DistFront, 122.21, DistDow, 0.00, DistUp, 125.83
, DistFront, 122.76, DistDow, 0.00, DistUp, 125.20
, DistFront, 121.62, DistDow, 0.00, DistUp, 297.24
, DistFront, 256.48, DistDow, 0.00, DistUp, 122.76
, DistFront, 121.48, DistDow, 0.00, DistUp, 122.38
, DistFront, 123.20, DistDow, 0.00, DistUp, 297.11
, DistFront, 120.70, DistDow, 0.00, DistUp, 437.16
, DistFront, 255.41, DistDow, 0.00, DistUp, 127.99
, DistFront, 120.78, DistDow, 0.00, DistUp, 124.17
, DistFront, 123.52, DistDow, 0.00, DistUp, 435.88
, DistFront, 595.17, DistDow, 0.00, DistUp, 436.90
, DistFront, 126.38, DistDow, 0.00, DistUp, 123.04
, DistFront, 4.46, DistDow, 0.00, DistUp, 126.84
, DistFront, 120.66, DistDow, 0.00, DistUp, 124.10
, DistFront, 120.95, DistDow, 0.00, DistUp, 122.40
, DistFront, 4.54, DistDow, 0.00, DistUp, 121.89
, DistFront, 123.25, DistDow, 0.00, DistUp, 435.99
, DistFront, 4.46, DistDow, 0.00, DistUp, 122.53
, DistFrontMean, 120.43, DistDowMean, 0.00, DistUpMean, 121.90
, DistFront, 421.26, DistDow, 0.00, DistUp, 127.69
, DistFront, 120.73, DistDow, 0.00, DistUp, 119.30
, DistFront, 119.97, DistDow, 0.00, DistUp, 126.96
, DistFront, 119.74, DistDow, 0.00, DistUp, 436.02
, DistFront, 125.03, DistDow, 0.00, DistUp, 436.26
, DistFront, 120.68, DistDow, 0.00, DistUp, 121.19
, DistFront, 122.91, DistDow, 0.00, DistUp, 123.45
, DistFront, 122.21, DistDow, 0.00, DistUp, 122.13
, DistFront, 122.52, DistDow, 0.00, DistUp, 120.14
, DistFront, 124.32, DistDow, 0.00, DistUp, 121.34
, DistFront, 121.38, DistDow, 0.00, DistUp, 127.76
, DistFront, 122.45, DistDow, 0.00, DistUp, 123.16
, DistFront, 422.38, DistDow, 0.00, DistUp, 124.39
, DistFront, 121.60, DistDow, 0.00, DistUp, 122.77
, DistFront, 121.02, DistDow, 0.00, DistUp, 124.00
, DistFront, 119.69, DistDow, 0.00, DistUp, 121.96
, DistFront, 119.56, DistDow, 0.00, DistUp, 122.41
, DistFront, 120.56, DistDow, 0.00, DistUp, 125.24
, DistFront, 124.78, DistDow, 0.00, DistUp, 120.60
, DistFront, 120.85, DistDow, 0.00, DistUp, 122.45
, DistFrontMean, 119.63, DistDowMean, 0.00, DistUpMean, 120.17
, DistFront, 3281.82, DistDow, 0.00, DistUp, 118.69
, DistFront, 121.67, DistDow, 0.00, DistUp, 118.61
, DistFront, 122.67, DistDow, 0.00, DistUp, 124.12
, DistFront, 121.04, DistDow, 0.00, DistUp, 436.24
, DistFront, 120.05, DistDow, 0.00, DistUp, 125.32
, DistFront, 118.74, DistDow, 0.00, DistUp, 123.54
, DistFront, 120.43, DistDow, 0.00, DistUp, 124.05
, DistFront, 119.71, DistDow, 0.00, DistUp, 121.33
, DistFront, 120.27, DistDow, 0.00, DistUp, 120.05
, DistFront, 120.68, DistDow, 0.00, DistUp, 122.45
, DistFront, 122.81, DistDow, 0.00, DistUp, 119.30
, DistFront, 102.04, DistDow, 0.00, DistUp, 274.85
, DistFront, 68.81, DistDow, 0.00, DistUp, 71.28
, DistFront, 66.48, DistDow, 0.00, DistUp, 270.02
, DistFront, 67.28, DistDow, 0.00, DistUp, 74.05
, DistFront, 72.11, DistDow, 0.00, DistUp, 269.39
, DistFront, 65.53, DistDow, 0.00, DistUp, 271.48
, DistFront, 64.97, DistDow, 0.00, DistUp, 273.71
, DistFront, 65.48, DistDow, 0.00, DistUp, 67.18
, DistFront, 65.12, DistDow, 0.00, DistUp, 343.20
, DistFrontMean, 66.77, DistDowMean, 0.00, DistUpMean, 343.23
, DistFront, 66.12, DistDow, 0.00, DistUp, 340.54
, DistFront, 67.98, DistDow, 0.00, DistUp, 270.92
, DistFront, 67.81, DistDow, 0.00, DistUp, 73.61
, DistFront, 65.92, DistDow, 0.00, DistUp, 270.53
, DistFront, 66.90, DistDow, 0.00, DistUp, 404.27
, DistFront, 69.06, DistDow, 0.00, DistUp, 272.89
, DistFront, 67.21, DistDow, 0.00, DistUp, 342.69
, DistFront, 66.84, DistDow, 0.00, DistUp, 70.32
, DistFront, 67.04, DistDow, 0.00, DistUp, 71.02
, DistFront, 65.88, DistDow, 0.00, DistUp, 72.16
, DistFront, 65.75, DistDow, 0.00, DistUp, 71.60
, DistFront, 66.17, DistDow, 0.00, DistUp, 352.67
, DistFront, 67.33, DistDow, 0.00, DistUp, 357.19
, DistFront, 67.21, DistDow, 0.00, DistUp, 355.82
, DistFront, 66.41, DistDow, 0.00, DistUp, 354.88
, DistFront, 4.54, DistDow, 0.00, DistUp, 350.99
, DistFront, 4.54, DistDow, 0.00, DistUp, 71.56
, DistFront, 4.54, DistDow, 0.00, DistUp, 267.67
, DistFront, 69.39, DistDow, 0.00, DistUp, 390.66
, DistFront, 66.17, DistDow, 0.00, DistUp, 404.25
, DistFrontMean, 66.84, DistDowMean, 0.00, DistUpMean, 272.57
, DistFront, 66.80, DistDow, 0.00, DistUp, 342.09
, DistFront, 66.77, DistDow, 0.00, DistUp, 342.35
, DistFront, 66.96, DistDow, 0.00, DistUp, 269.76
, DistFront, 66.56, DistDow, 0.00, DistUp, 72.89
, DistFront, 66.05, DistDow, 0.00, DistUp, 71.97
, DistFront, 65.56, DistDow, 0.00, DistUp, 69.32
, DistFront, 66.67, DistDow, 0.00, DistUp, 272.74
, DistFront, 64.49, DistDow, 0.00, DistUp, 72.98
, DistFront, 65.07, DistDow, 0.00, DistUp, 64.42
, DistFront, 4.54, DistDow, 0.00, DistUp, 266.68
, DistFront, 4.52, DistDow, 0.00, DistUp, 64.95
, DistFront, 64.47, DistDow, 0.00, DistUp, 65.31
, DistFront, 64.71, DistDow, 0.00, DistUp, 70.37
, DistFront, 187.47, DistDow, 0.00, DistUp, 341.14
, DistFront, 64.30, DistDow, 0.00, DistUp, 72.62
, DistFront, 4.42, DistDow, 0.00, DistUp, 330.49
, DistFront, 4.42, DistDow, 0.00, DistUp, 71.50
, DistFront, 66.41, DistDow, 0.00, DistUp, 269.85
, DistFront, 68.11, DistDow, 0.00, DistUp, 342.26
, DistFront, 66.89, DistDow, 0.00, DistUp, 274.05
, DistFrontMean, 67.35, DistDowMean, 0.00, DistUpMean, 273.27
, DistFront, 68.10, DistDow, 0.00, DistUp, 352.41
, DistFront, 67.77, DistDow, 0.00, DistUp, 342.69
, DistFront, 67.53, DistDow, 0.00, DistUp, 273.71
, DistFront, 64.83, DistDow, 0.00, DistUp, 341.56
, DistFront, 66.09, DistDow, 0.00, DistUp, 73.20
, DistFront, 65.95, DistDow, 0.00, DistUp, 271.62
, DistFront, 69.27, DistDow, 0.00, DistUp, 357.48
, DistFront, 66.53, DistDow, 0.00, DistUp, 269.13
, DistFront, 4.54, DistDow, 0.00, DistUp, 269.05
, DistFront, 63.71, DistDow, 0.00, DistUp, 67.82
, DistFront, 64.32, DistDow, 0.00, DistUp, 269.05
, DistFront, 64.52, DistDow, 0.00, DistUp, 388.03
, DistFront, 65.68, DistDow, 0.00, DistUp, 268.45
, DistFront, 66.19, DistDow, 0.00, DistUp, 351.31
, DistFront, 67.45, DistDow, 0.00, DistUp, 72.62
, DistFront, 67.26, DistDow, 0.00, DistUp, 71.17
, DistFront, 65.66, DistDow, 0.00, DistUp, 351.89
, DistFront, 66.77, DistDow, 0.00, DistUp, 271.21
, DistFront, 64.90, DistDow, 0.00, DistUp, 270.56
, DistFront, 67.18, DistDow, 0.00, DistUp, 273.67
, DistFrontMean, 67.96, DistDowMean, 0.00, DistUpMean, 68.35
, DistFront, 3271.67, DistDow, 0.00, DistUp, 69.42
, DistFront, 67.38, DistDow, 0.00, DistUp, 398.61
, DistFront, 4.54, DistDow, 0.00, DistUp, 72.74
, DistFront, 65.17, DistDow, 0.00, DistUp, 265.78
, DistFront, 4.54, DistDow, 0.00, DistUp, 63.47
, DistFront, 4.54, DistDow, 0.00, DistUp, 69.74
, DistFront, 4.54, DistDow, 0.00, DistUp, 69.66
, DistFront, 63.62, DistDow, 0.00, DistUp, 268.25
, DistFront, 62.38, DistDow, 0.00, DistUp, 269.42
, DistFront, 66.48, DistDow, 0.00, DistUp, 271.17
, DistFront, 67.41, DistDow, 0.00, DistUp, 389.59
, DistFront, 67.38, DistDow, 0.00, DistUp, 270.39
, DistFront, 69.83, DistDow, 0.00, DistUp, 249.54
, DistFront, 68.45, DistDow, 0.00, DistUp, 275.05
, DistFront, 66.92, DistDow, 0.00, DistUp, 272.91
, DistFront, 66.84, DistDow, 0.00, DistUp, 246.75
, DistFront, 66.75, DistDow, 0.00, DistUp, 351.31
, DistFront, 67.77, DistDow, 0.00, DistUp, 273.64
, DistFront, 66.09, DistDow, 0.00, DistUp, 247.06
, DistFront, 67.41, DistDow, 0.00, DistUp, 351.55
, DistFrontMean, 66.90, DistDowMean, 0.00, DistUpMean, 269.61
, DistFront, 66.55, DistDow, 0.00, DistUp, 270.63
, DistFront, 64.39, DistDow, 0.00, DistUp, 72.96
, DistFront, 64.42, DistDow, 0.00, DistUp, 271.84
, DistFront, 65.07, DistDow, 0.00, DistUp, 272.16
, DistFront, 65.66, DistDow, 0.00, DistUp, 270.34
, DistFront, 66.55, DistDow, 0.00, DistUp, 272.82
, DistFront, 64.85, DistDow, 0.00, DistUp, 72.02
, DistFront, 64.32, DistDow, 0.00, DistUp, 273.13
, DistFront, 64.05, DistDow, 0.00, DistUp, 267.62
, DistFront, 61.92, DistDow, 0.00, DistUp, 387.87
, DistFront, 65.39, DistDow, 0.00, DistUp, 265.75
, DistFront, 65.82, DistDow, 0.00, DistUp, 267.96
, DistFront, 3270.20, DistDow, 0.00, DistUp, 268.89
, DistFront, 66.12, DistDow, 0.00, DistUp, 266.24
, DistFront, 278.88, DistDow, 0.00, DistUp, 267.26
, DistFront, 66.99, DistDow, 0.00, DistUp, 266.46
, DistFront, 68.11, DistDow, 0.00, DistUp, 265.39
, DistFront, 65.48, DistDow, 0.00, DistUp, 269.85
, DistFront, 66.67, DistDow, 0.00, DistUp, 272.18
, DistFront, 67.77, DistDow, 0.00, DistUp, 202.67
, DistFrontMean, 65.20, DistDowMean, 0.00, DistUpMean, 268.55
, DistFront, 65.41, DistDow, 0.00, DistUp, 268.03
, DistFront, 66.33, DistDow, 0.00, DistUp, 267.69
, DistFront, 66.09, DistDow, 0.00, DistUp, 266.48
, DistFront, 66.38, DistDow, 0.00, DistUp, 269.30
, DistFront, 65.31, DistDow, 0.00, DistUp, 71.45
, DistFront, 65.82, DistDow, 0.00, DistUp, 267.74
, DistFront, 67.67, DistDow, 0.00, DistUp, 271.28
, DistFront, 66.56, DistDow, 0.00, DistUp, 273.38
, DistFront, 65.83, DistDow, 0.00, DistUp, 267.87
, DistFront, 4.42, DistDow, 0.00, DistUp, 268.67
, DistFront, 4.54, DistDow, 0.00, DistUp, 269.56
, DistFront, 3311.17, DistDow, 0.00, DistUp, 265.85
, DistFront, 65.17, DistDow, 0.00, DistUp, 66.19
, DistFront, 65.68, DistDow, 0.00, DistUp, 67.40
, DistFront, 278.83, DistDow, 0.00, DistUp, 267.69
, DistFront, 65.10, DistDow, 0.00, DistUp, 269.40
, DistFront, 3309.17, DistDow, 0.00, DistUp, 246.56
, DistFront, 3284.10, DistDow, 0.00, DistUp, 266.24
, DistFront, 278.18, DistDow, 0.00, DistUp, 272.48
, DistFront, 4.42, DistDow, 0.00, DistUp, 272.11
, DistFrontMean, 65.73, DistDowMean, 0.00, DistUpMean, 274.54
, DistFront, 64.90, DistDow, 0.00, DistUp, 267.89
